annual_income,debt_to_income_ratio,credit_bureau_score,employment_years,id_document_match_score,utility_bill_verified,previous_defaults_count,inquiry_velocity_6m,is_high_risk
29800.0,0.43,799,15.8,0.961,1,0,1,0
47900.0,0.515,615,3.0,0.809,1,0,6,0
73700.0,0.227,618,0.0,0.906,1,0,2,0
135300.0,0.393,651,4.7,0.879,1,0,0,0
49200.0,0.238,716,4.3,0.92,1,0,2,0
88500.0,0.383,654,2.6,0.782,1,1,0,0
196600.0,0.517,707,0.8,0.767,1,0,3,0
28500.0,0.129,561,6.8,0.877,0,0,3,0
88700.0,0.188,850,2.1,0.801,1,0,3,0
49500.0,0.379,713,0.3,0.74,1,0,1,0
39600.0,0.29,702,14.8,0.747,1,0,3,0
78700.0,0.097,655,1.1,0.929,0,0,0,0
179500.0,0.223,548,1.0,0.905,1,0,3,0
66300.0,0.195,638,0.9,0.916,1,0,2,0
45300.0,0.143,596,1.7,0.987,0,0,1,0
37800.0,0.059,547,1.6,0.839,1,0,2,1
76600.0,0.347,643,0.9,0.573,0,0,0,0
60700.0,0.402,656,8.7,0.932,1,0,2,0
42400.0,0.107,619,7.7,0.805,1,0,1,0
48000.0,0.453,703,0.2,0.83,1,0,1,0
86200.0,0.426,724,0.8,0.72,1,0,4,0
49300.0,0.136,718,9.5,0.881,1,0,1,0
54800.0,0.521,688,4.6,0.992,1,0,2,1
58400.0,0.333,614,1.4,0.939,1,0,0,0
102100.0,0.374,562,9.4,0.89,1,0,2,1
84300.0,0.101,644,8.1,0.775,1,0,1,0
63400.0,0.445,771,7.8,0.904,1,0,1,0
88100.0,0.192,639,0.5,0.388,0,0,1,1
76300.0,0.395,683,8.4,0.895,1,0,3,0
106000.0,0.64,623,3.1,0.986,1,0,5,0
27800.0,0.371,662,1.5,0.799,1,0,3,0
195800.0,0.119,684,3.7,0.828,1,0,4,0
60800.0,0.271,654,2.1,0.891,0,0,4,0
53100.0,0.072,545,12.3,0.929,0,0,0,1
55100.0,0.108,551,4.4,0.751,1,0,1,1
72300.0,0.24,747,7.2,0.729,1,0,1,0
40600.0,0.322,582,0.5,0.898,0,0,1,0
73500.0,0.576,666,2.3,0.902,1,0,3,0
75300.0,0.281,652,6.9,0.875,1,0,6,0
143000.0,0.758,628,2.0,0.938,1,0,4,0
42800.0,0.35,705,5.1,0.592,1,0,2,0
198000.0,0.227,757,2.0,0.864,1,1,1,0
50800.0,0.33,734,1.8,0.597,1,0,2,0
44900.0,0.424,763,1.5,0.929,1,0,2,0
51700.0,0.353,743,1.6,0.892,1,0,0,0
74200.0,0.296,670,8.3,0.926,1,0,0,0
82500.0,0.074,783,0.2,0.96,1,0,2,0
99800.0,0.131,794,1.7,0.9,1,0,1,0
38000.0,0.469,585,14.4,0.891,1,0,0,0
26000.0,0.3,813,2.3,0.96,1,1,1,0
85100.0,0.372,731,2.9,0.684,1,0,0,0
80100.0,0.46,804,9.3,0.964,1,1,1,0
85000.0,0.21,818,7.3,0.936,0,0,2,0
73700.0,0.383,712,0.2,0.802,1,0,1,0
37400.0,0.371,700,0.7,0.79,0,2,2,0
47600.0,0.405,706,3.4,0.485,1,0,2,0
85900.0,0.396,661,4.2,0.974,1,0,2,0
71600.0,0.294,614,1.1,0.963,1,0,3,0
122100.0,0.423,744,1.7,0.875,0,0,0,0
107600.0,0.57,781,9.2,0.849,0,0,2,0
50200.0,0.22,773,3.0,0.715,1,0,0,0
216400.0,0.15,594,9.4,0.932,0,0,2,0
31100.0,0.102,559,8.2,0.812,1,0,0,0
46100.0,0.498,684,2.8,0.829,1,0,1,0
70400.0,0.333,610,11.0,0.998,0,0,0,0
33000.0,0.212,660,5.8,0.535,1,1,0,0
33800.0,0.336,684,0.2,0.941,1,0,5,0
24300.0,0.321,688,1.3,0.899,1,0,1,0
98700.0,0.261,636,1.4,0.84,1,0,0,0
18000.0,0.476,748,0.1,0.857,1,0,2,0
82800.0,0.589,803,7.2,0.742,1,0,2,1
111500.0,0.146,805,7.6,0.953,1,0,3,0
83300.0,0.525,680,10.2,0.878,0,0,2,1
46700.0,0.339,755,4.0,0.957,0,0,3,0
33300.0,0.262,738,2.4,0.857,1,0,0,0
162100.0,0.53,687,6.6,0.658,1,0,1,0
81800.0,0.106,633,8.4,0.968,1,0,0,1
30000.0,0.106,775,9.0,0.86,1,0,3,0
44700.0,0.218,682,4.4,0.877,1,0,1,0
125900.0,0.76,629,1.8,0.96,0,0,3,1
131700.0,0.297,765,0.6,0.834,1,2,1,1
65600.0,0.189,645,4.1,0.752,1,1,1,0
162400.0,0.428,625,2.4,0.837,1,0,2,0
72000.0,0.702,660,15.9,0.812,0,0,3,1
44100.0,0.29,746,24.1,0.974,1,0,1,0
29500.0,0.275,666,0.1,0.645,0,0,2,0
206500.0,0.681,733,15.3,0.942,1,0,1,0
21000.0,0.256,540,4.1,0.965,1,0,0,1
63300.0,0.493,618,7.4,0.588,0,0,0,0
191700.0,0.395,677,1.2,0.82,1,0,0,1
59800.0,0.369,694,12.3,0.672,1,0,1,0
125700.0,0.569,646,1.0,0.681,1,0,0,0
104200.0,0.112,710,8.1,0.778,1,1,2,0
86200.0,0.538,803,8.4,0.729,0,0,0,0
71000.0,0.493,621,0.2,0.777,1,0,1,0
52700.0,0.165,782,5.3,0.955,1,3,4,0
50200.0,0.328,654,6.2,0.836,1,0,1,0
44000.0,0.402,798,8.8,0.904,0,0,1,0
51400.0,0.211,739,6.5,0.983,0,0,0,0
72200.0,0.297,627,0.3,0.835,1,0,0,0
42400.0,0.783,722,3.9,0.493,1,0,3,0
75300.0,0.056,570,10.4,0.648,1,0,2,0
59100.0,0.48,593,5.5,0.802,0,0,1,0
241900.0,0.455,637,1.0,0.957,0,0,2,0
200100.0,0.371,690,1.1,0.955,1,0,3,0
70900.0,0.136,589,2.3,0.936,1,0,1,0
25000.0,0.309,515,4.3,0.93,1,0,1,0
93100.0,0.075,646,2.4,0.981,1,0,1,0
152600.0,0.174,647,1.3,0.982,1,1,1,0
20100.0,0.358,556,5.7,0.959,1,1,1,0
91500.0,0.589,644,10.3,0.825,0,0,1,1
113600.0,0.336,732,5.7,0.868,1,0,1,0
80600.0,0.33,604,1.0,0.976,1,0,0,0
86100.0,0.086,682,0.3,0.91,1,0,2,0
51500.0,0.135,653,5.4,0.989,1,0,3,0
82900.0,0.36,634,23.1,0.896,1,1,2,0
65700.0,0.513,483,1.3,0.93,0,0,1,1
51800.0,0.417,767,5.6,0.752,1,3,3,0
57200.0,0.288,711,3.8,0.911,1,0,1,0
30100.0,0.648,606,10.8,0.903,1,0,3,0
36700.0,0.276,793,0.4,0.606,1,0,1,0
37300.0,0.482,726,3.5,0.946,1,0,0,0
83700.0,0.396,611,2.1,0.533,0,0,1,0
43500.0,0.472,773,1.7,0.769,1,0,0,0
122700.0,0.536,636,8.1,0.954,0,0,3,1
60400.0,0.311,597,1.4,0.768,1,0,1,0
73700.0,0.555,678,2.7,0.773,0,0,2,0
48800.0,0.341,675,13.4,0.969,1,0,2,0
88300.0,0.138,689,8.8,0.901,1,1,2,0
71400.0,0.224,649,6.8,0.951,1,0,1,0
138400.0,0.431,730,2.7,0.983,1,0,1,0
121200.0,0.346,572,6.5,0.817,1,0,3,0
30800.0,0.106,646,1.0,0.903,1,0,1,0
124400.0,0.05,689,5.8,0.861,1,0,0,0
51900.0,0.167,635,1.5,0.838,1,0,1,0
58700.0,0.374,729,1.1,0.973,1,0,4,0
163800.0,0.125,746,8.0,0.724,1,0,2,0
66600.0,0.249,707,10.2,0.988,0,0,0,0
56300.0,0.084,601,11.2,0.935,1,0,1,0
140800.0,0.259,571,0.4,0.888,0,0,1,0
25800.0,0.319,671,0.8,0.902,1,0,2,0
85400.0,0.155,671,13.9,0.711,1,0,1,0
39100.0,0.255,811,3.0,0.581,1,2,1,0
51500.0,0.149,651,7.8,0.919,1,0,1,0
85000.0,0.644,692,2.5,0.91,1,0,0,0
21300.0,0.481,668,1.4,0.971,1,1,2,1
200100.0,0.647,601,17.7,0.925,1,0,2,0
92100.0,0.547,671,1.5,0.917,1,2,4,0
101600.0,0.244,779,5.8,0.956,1,0,1,0
39600.0,0.425,616,2.5,0.961,1,0,2,0
30500.0,0.337,720,15.7,0.478,1,0,3,0
70000.0,0.664,773,10.1,0.756,1,0,2,0
45600.0,0.39,645,1.8,0.839,1,1,2,0
51200.0,0.471,672,3.2,0.993,1,0,2,0
150400.0,0.471,662,4.7,0.702,1,0,0,0
57500.0,0.18,850,0.2,0.928,1,0,1,0
89300.0,0.391,697,2.2,0.848,1,0,1,0
74100.0,0.424,668,6.5,0.881,0,0,1,0
165800.0,0.469,686,0.4,0.918,1,0,3,1
29800.0,0.338,757,2.2,0.856,1,0,1,0
46800.0,0.603,669,6.4,0.793,1,0,0,0
35300.0,0.35,680,1.6,0.924,1,0,3,0
219400.0,0.336,596,1.6,0.968,1,0,2,0
18000.0,0.791,499,1.3,0.783,0,0,2,0
88900.0,0.192,575,9.7,0.796,0,0,1,0
93800.0,0.398,760,8.8,0.928,0,0,0,0
74400.0,0.05,653,7.7,0.919,0,0,5,0
40200.0,0.239,633,10.4,0.731,0,1,2,0
41900.0,0.519,723,0.8,0.775,0,0,2,0
82000.0,0.548,734,6.8,0.788,1,0,4,1
68500.0,0.264,765,4.0,0.94,0,0,2,0
38600.0,0.082,683,2.2,0.798,1,0,2,0
71100.0,0.212,732,2.9,0.942,1,1,5,0
82400.0,0.451,621,4.2,0.909,1,0,1,0
91500.0,0.338,768,3.2,0.921,1,0,2,0
94800.0,0.676,741,1.0,0.824,1,2,5,0
32100.0,0.524,717,5.1,0.509,1,0,0,1
53300.0,0.758,724,0.3,0.476,1,0,3,1
29900.0,0.207,822,1.6,0.927,1,0,1,1
88300.0,0.075,815,8.8,0.97,1,0,0,0
30200.0,0.319,747,2.1,0.79,0,0,2,0
40900.0,0.498,834,16.7,0.729,1,0,1,1
49700.0,0.257,644,10.9,0.709,1,0,2,0
72500.0,0.399,588,2.9,0.841,1,0,2,0
48800.0,0.266,705,13.8,0.921,1,1,3,0
32900.0,0.728,660,1.1,0.981,1,0,1,0
82600.0,0.237,653,1.3,0.954,1,0,2,0
75000.0,0.288,621,10.9,0.952,1,0,3,0
23000.0,0.421,746,10.4,0.973,0,0,0,0
58400.0,0.244,645,8.3,0.77,1,0,1,0
78200.0,0.385,738,9.4,0.764,1,0,1,0
88000.0,0.156,757,5.0,0.988,1,0,0,0
52300.0,0.231,705,0.5,0.894,0,0,3,0
194200.0,0.424,700,13.5,0.838,1,2,1,0
69300.0,0.225,701,0.8,0.86,1,0,1,0
114100.0,0.285,723,1.1,0.808,0,0,0,0
51700.0,0.224,755,9.4,0.975,1,0,0,0
108900.0,0.218,641,0.3,0.905,1,0,4,0
62200.0,0.286,710,4.1,0.862,1,0,3,0
131800.0,0.334,622,1.9,0.796,1,0,0,0
53000.0,0.253,586,2.5,0.832,1,0,2,0
71900.0,0.386,550,2.9,0.88,1,0,3,1
54000.0,0.514,530,1.1,0.999,1,1,1,1
64500.0,0.155,623,9.8,0.904,1,0,3,0
70800.0,0.588,482,2.0,0.931,1,2,0,1
21600.0,0.238,730,3.2,0.768,1,0,1,0
133300.0,0.16,613,0.5,0.941,1,0,3,0
27800.0,0.278,708,0.6,0.683,0,0,2,0
129800.0,0.299,729,5.4,0.937,1,0,2,1
94700.0,0.268,713,3.3,0.912,1,1,3,0
112500.0,0.285,612,4.0,0.764,1,0,1,0
45500.0,0.312,674,5.5,0.762,1,0,2,0
58000.0,0.611,808,11.5,0.814,1,0,1,1
102200.0,0.404,678,1.6,0.924,0,0,2,0
28500.0,0.405,642,0.3,0.946,0,2,1,0
38200.0,0.092,640,4.1,0.91,1,0,3,1
25500.0,0.406,694,5.1,0.935,1,0,1,0
114900.0,0.05,749,0.3,0.867,1,0,2,1
58400.0,0.378,648,0.8,0.918,1,0,1,0
106200.0,0.463,674,12.5,0.905,1,0,1,0
98500.0,0.144,825,0.1,0.943,1,1,1,0
125900.0,0.237,675,9.6,0.911,0,1,1,1
51300.0,0.358,580,7.2,0.859,1,1,0,0
33500.0,0.689,697,18.5,0.774,0,0,2,1
75000.0,0.22,617,1.6,0.998,0,1,3,0
58800.0,0.604,726,1.5,0.948,0,0,1,0
108700.0,0.13,781,4.6,0.958,1,0,1,0
72700.0,0.295,461,4.0,0.868,1,3,2,0
108700.0,0.269,637,6.4,0.912,1,0,1,0
126000.0,0.379,630,7.0,0.978,1,0,1,0
29700.0,0.237,652,0.3,0.96,1,0,0,0
23000.0,0.093,778,5.4,0.85,1,0,0,0
31400.0,0.487,697,6.9,0.927,0,0,1,1
37600.0,0.391,617,3.1,0.765,1,0,4,0
59300.0,0.555,543,13.4,0.938,1,0,3,1
39100.0,0.577,665,3.7,0.807,1,0,2,0
94000.0,0.168,822,8.9,0.971,1,2,2,1
85000.0,0.237,588,0.6,0.961,1,3,2,0
63900.0,0.297,685,17.1,0.906,1,0,3,0
79800.0,0.182,717,4.0,0.681,1,0,4,0
97800.0,0.746,682,1.3,0.781,1,0,4,0
48600.0,0.194,601,0.7,0.875,1,1,1,0
98000.0,0.261,641,4.1,0.855,0,1,3,0
24800.0,0.426,838,1.3,0.902,1,0,3,0
53700.0,0.167,466,1.6,0.985,1,0,2,0
105500.0,0.082,506,0.3,0.943,1,0,2,1
35800.0,0.094,739,15.5,0.727,1,0,4,0
35200.0,0.549,725,3.0,0.928,0,0,2,1
46600.0,0.145,710,9.8,0.97,1,0,3,0
65100.0,0.244,623,9.6,0.926,1,0,1,0
61000.0,0.112,727,8.4,0.864,1,0,2,0
92500.0,0.205,582,10.0,0.925,1,0,2,0
135000.0,0.273,734,0.1,0.98,1,0,1,0
72600.0,0.335,683,7.5,0.782,1,0,1,0
108900.0,0.687,705,9.5,0.846,0,0,2,0
63200.0,0.396,833,2.9,0.842,1,0,2,0
47700.0,0.184,607,4.3,0.604,0,0,3,0
122800.0,0.491,740,10.3,0.654,1,0,2,0
57400.0,0.253,694,15.5,0.819,1,0,1,0
33100.0,0.262,810,3.3,0.712,1,3,2,0
105200.0,0.332,686,2.4,0.684,1,0,2,0
106300.0,0.363,628,1.3,0.915,1,1,2,0
88300.0,0.493,682,1.5,0.9,0,1,1,1
69500.0,0.529,506,2.3,0.989,1,0,1,0
60100.0,0.096,665,0.2,0.887,1,0,2,0
48700.0,0.636,800,10.7,0.938,1,0,1,1
126900.0,0.14,689,12.1,0.907,1,0,4,0
45900.0,0.205,607,0.7,0.842,1,0,1,0
29400.0,0.385,702,10.5,0.896,1,0,0,0
104900.0,0.623,669,5.8,0.933,1,1,0,0
61500.0,0.208,640,2.1,0.952,1,0,0,0
99700.0,0.146,692,1.2,0.874,1,2,0,1
68300.0,0.517,743,11.4,0.997,1,0,1,0
86100.0,0.19,761,11.5,0.863,1,0,1,0
45100.0,0.193,736,4.2,0.962,0,0,0,0
126200.0,0.331,528,18.2,0.641,1,0,2,0
34700.0,0.198,783,5.2,0.931,1,1,1,0
25200.0,0.356,802,3.8,0.96,1,0,2,0
46500.0,0.402,599,1.2,0.973,1,0,1,0
55400.0,0.197,723,1.0,0.681,1,0,3,0
117100.0,0.354,584,1.5,0.842,1,3,3,0
48800.0,0.187,610,14.3,0.911,1,0,3,0
52200.0,0.52,655,1.6,0.873,1,0,0,1
69600.0,0.24,673,14.3,0.784,1,0,1,0
32100.0,0.394,686,8.5,0.92,1,0,0,0
180800.0,0.286,536,4.4,0.949,1,0,0,1
51900.0,0.157,683,2.9,0.467,1,0,0,0
93800.0,0.449,690,1.4,0.869,1,0,0,0
78100.0,0.502,720,6.2,0.936,1,0,0,0
28800.0,0.276,733,21.8,0.991,1,0,4,0
67400.0,0.248,850,13.1,0.664,1,0,4,1
52500.0,0.48,655,2.1,0.94,1,0,1,0
80600.0,0.22,729,25.1,0.849,1,0,3,0
128300.0,0.425,563,9.6,0.855,1,0,0,1
118000.0,0.489,708,6.7,0.919,0,0,2,1
88900.0,0.373,673,0.7,0.883,1,0,2,0
48300.0,0.411,567,9.3,0.942,0,0,4,0
49800.0,0.197,754,0.7,0.981,1,0,1,1
98500.0,0.434,612,4.1,0.922,0,0,2,0
45300.0,0.361,625,9.1,0.825,0,0,3,0
67300.0,0.54,695,0.8,0.717,1,0,1,1
77700.0,0.486,762,13.7,0.842,1,0,2,0
31700.0,0.243,561,14.8,0.823,1,0,2,0
57100.0,0.518,733,5.9,0.85,1,0,0,0
82100.0,0.515,625,7.7,0.981,1,0,0,0
53000.0,0.317,699,3.3,0.863,0,0,1,0
145600.0,0.363,643,2.6,0.963,1,0,0,0
39200.0,0.331,625,9.0,0.961,1,1,1,0
139900.0,0.404,723,1.0,0.811,0,0,2,0
164700.0,0.538,766,5.0,0.879,0,0,2,0
120300.0,0.347,679,4.2,0.967,1,0,3,0
126500.0,0.406,602,8.2,0.679,1,0,0,0
47500.0,0.602,641,11.3,0.822,1,0,0,0
32100.0,0.27,548,6.2,0.896,0,0,4,1
74600.0,0.228,788,16.2,0.987,1,0,0,1
45500.0,0.05,681,3.4,0.555,1,1,3,0
58100.0,0.133,709,11.1,0.918,0,0,3,0
41200.0,0.06,734,1.3,0.954,1,0,2,0
45800.0,0.224,647,0.0,0.955,1,0,2,0
105400.0,0.5,717,6.0,0.848,1,0,2,0
46700.0,0.597,850,1.2,0.965,1,0,2,0
74400.0,0.203,655,22.8,0.859,1,1,0,0
45500.0,0.277,575,0.4,0.85,0,0,1,1
57900.0,0.384,751,4.9,0.907,1,0,1,0
19800.0,0.441,722,12.2,0.97,1,0,2,0
36400.0,0.224,690,5.4,0.956,1,0,1,0
91900.0,0.363,760,4.0,0.87,1,0,1,0
33800.0,0.16,738,4.2,0.793,1,0,2,0
65000.0,0.393,712,1.0,0.892,1,1,0,0
63900.0,0.266,668,3.4,0.996,1,3,1,0
107700.0,0.246,715,16.5,0.875,1,1,1,0
30400.0,0.166,713,0.2,0.956,1,0,0,0
65800.0,0.225,773,6.3,0.977,1,0,1,0
47700.0,0.297,649,6.3,0.887,1,0,1,0
167800.0,0.614,701,15.6,0.841,1,0,1,1
200100.0,0.098,700,0.7,0.524,1,0,1,1
120900.0,0.228,718,7.2,0.814,1,0,1,0
104200.0,0.261,745,11.0,0.712,1,1,2,0
57400.0,0.186,589,0.7,0.812,1,0,2,0
61300.0,0.427,732,1.9,0.523,0,0,0,0
54100.0,0.274,839,5.0,0.768,1,0,1,0
79200.0,0.538,686,0.0,0.776,0,1,0,0
45200.0,0.452,574,0.6,0.692,1,1,4,1
36300.0,0.583,742,0.3,0.929,1,0,1,0
49500.0,0.116,846,0.0,0.637,1,0,0,0
49500.0,0.214,779,5.2,0.968,1,0,0,0
33500.0,0.687,598,4.4,0.797,1,0,2,1
165900.0,0.367,579,3.9,0.647,1,3,1,1
107500.0,0.574,732,21.3,0.825,1,0,1,0
88400.0,0.486,637,4.8,0.961,1,0,0,0
55800.0,0.314,496,18.1,0.9,0,0,5,0
64600.0,0.617,614,5.5,0.977,0,0,2,0
117500.0,0.335,664,6.1,0.655,1,0,2,0
101800.0,0.611,608,0.7,0.968,1,0,0,0
127600.0,0.205,816,3.3,0.961,1,0,2,0
74800.0,0.223,743,11.1,0.948,1,0,0,0
134200.0,0.395,641,11.3,0.801,1,2,1,1
40300.0,0.403,645,10.7,0.906,1,0,2,0
24700.0,0.511,619,5.9,0.997,0,0,2,0
52300.0,0.303,593,3.7,0.887,0,0,3,0
44400.0,0.538,659,7.3,0.893,1,0,2,0
63600.0,0.072,750,2.6,0.791,1,0,2,0
85600.0,0.297,666,2.2,0.885,1,1,1,0
38300.0,0.379,608,9.2,0.651,1,0,3,0
122600.0,0.43,607,2.3,0.889,1,3,3,0
59600.0,0.437,818,1.1,0.689,1,0,2,0
177900.0,0.607,753,22.3,0.944,1,0,2,1
51300.0,0.344,620,4.4,0.877,0,0,2,0
137000.0,0.356,693,2.0,0.951,1,2,2,1
33100.0,0.41,708,3.6,0.976,1,0,2,0
66900.0,0.468,726,1.1,0.756,1,0,0,0
71500.0,0.37,555,2.0,0.651,1,0,1,1
25700.0,0.178,848,3.5,0.962,1,0,2,0
53300.0,0.488,738,1.3,0.902,1,0,1,1
115500.0,0.57,569,7.1,0.707,1,2,0,1
60000.0,0.267,711,0.9,0.614,1,0,0,0
182200.0,0.308,560,12.1,0.746,1,0,0,1
41300.0,0.27,659,7.3,0.804,0,1,3,0
107600.0,0.136,817,4.5,0.974,0,0,3,0
68100.0,0.403,597,10.5,0.914,1,0,2,0
39600.0,0.473,577,0.3,0.725,1,0,0,1
86500.0,0.09,662,7.0,0.876,1,1,2,0
71700.0,0.662,709,1.2,0.732,1,2,2,1
84500.0,0.06,683,2.0,0.946,1,0,4,1
79100.0,0.166,850,3.0,0.764,1,0,3,0
103000.0,0.231,731,4.5,0.801,1,0,2,0
132600.0,0.05,655,8.5,0.955,1,1,1,0
35900.0,0.162,695,1.5,0.642,1,0,2,0
42500.0,0.452,781,5.2,0.806,1,0,2,0
43200.0,0.217,815,1.9,0.858,1,0,1,0
39000.0,0.533,608,1.0,0.735,1,0,5,0
31600.0,0.569,682,14.7,0.973,1,1,2,0
66600.0,0.162,759,3.8,0.95,1,1,1,0
48900.0,0.581,648,1.3,0.869,0,0,2,1
101700.0,0.196,630,10.4,0.706,1,0,1,0
133200.0,0.201,730,2.3,0.919,1,0,1,0
66800.0,0.506,591,0.8,0.66,0,2,0,1
113500.0,0.211,800,0.4,0.868,1,0,1,0
66800.0,0.266,762,2.4,0.771,1,1,3,0
121600.0,0.421,673,11.4,0.837,1,0,2,0
155800.0,0.34,660,3.4,0.868,1,0,2,0
43300.0,0.309,751,1.1,0.914,1,0,2,0
97500.0,0.101,674,2.1,0.819,1,0,2,0
79800.0,0.373,753,0.8,0.816,1,3,2,0
55200.0,0.088,796,6.8,0.895,1,1,0,0
32800.0,0.701,648,1.2,0.981,1,0,3,0
70700.0,0.385,624,3.5,0.945,1,0,0,0
66200.0,0.146,536,0.2,0.548,1,1,5,0
50200.0,0.629,636,6.4,0.909,1,1,1,1
44400.0,0.277,743,2.1,0.724,1,0,2,0
245400.0,0.337,670,1.2,0.8,0,0,3,0
45300.0,0.33,714,7.3,0.864,0,0,2,0
98500.0,0.221,850,3.8,0.877,1,0,0,0
70700.0,0.282,802,7.1,0.978,1,0,0,0
102500.0,0.365,696,3.6,0.829,1,0,1,0
18000.0,0.397,584,1.1,0.922,1,0,1,0
164800.0,0.236,795,5.3,0.945,1,0,2,1
45000.0,0.32,624,13.1,0.876,1,0,2,0
39900.0,0.113,691,9.4,0.995,1,0,2,0
162900.0,0.43,613,3.1,0.733,1,0,1,0
80500.0,0.368,744,11.1,0.957,1,0,3,1
68800.0,0.085,627,0.2,0.978,1,0,3,0
35300.0,0.524,669,8.8,0.961,1,0,0,0
46800.0,0.091,646,7.2,0.992,1,0,0,0
105900.0,0.252,740,7.7,0.682,1,0,2,0
76200.0,0.286,704,0.9,0.655,1,0,2,0
24600.0,0.266,682,0.1,0.963,1,0,0,0
117900.0,0.548,687,2.3,0.73,1,0,2,0
53200.0,0.431,673,2.2,0.773,1,0,2,0
124000.0,0.236,638,5.4,0.886,0,0,1,0
61000.0,0.139,653,2.4,0.968,1,0,1,0
71200.0,0.259,718,1.2,0.737,0,0,2,0
112500.0,0.491,640,18.5,0.769,0,0,2,1
55200.0,0.583,562,6.4,0.991,1,0,2,0
48300.0,0.144,618,2.4,0.873,0,2,2,0
33200.0,0.488,676,5.2,0.959,1,0,3,0
72800.0,0.647,658,4.8,0.757,0,1,3,1
54400.0,0.079,841,9.7,0.93,1,0,1,0
90100.0,0.254,666,8.3,0.611,1,0,0,0
58000.0,0.382,729,1.4,0.838,0,0,0,0
85600.0,0.327,643,4.1,0.952,1,1,2,0
83100.0,0.288,844,2.7,0.675,1,3,3,0
47100.0,0.446,660,1.3,0.97,1,0,2,0
120400.0,0.406,613,10.4,0.719,0,0,2,0
45300.0,0.276,674,0.3,0.634,1,0,2,0
27000.0,0.105,831,1.6,0.752,1,0,1,0
58500.0,0.51,646,11.2,0.732,1,0,1,1
26200.0,0.422,715,7.4,0.939,1,2,1,0
73200.0,0.277,762,3.4,0.848,1,0,1,0
47000.0,0.401,589,1.6,0.93,1,0,2,0
117100.0,0.15,725,2.5,0.938,1,0,0,0
74900.0,0.07,705,7.7,0.887,1,0,3,0
26100.0,0.467,638,7.5,0.958,1,0,1,0
70100.0,0.353,811,2.3,0.979,1,2,2,0
232500.0,0.39,717,9.8,0.965,0,0,4,0
118700.0,0.379,663,8.2,0.876,1,0,2,0
125500.0,0.236,682,3.1,0.888,0,1,2,0
177100.0,0.159,745,8.4,0.795,0,1,2,0
98800.0,0.558,800,0.6,0.977,1,0,0,0
51700.0,0.313,735,3.0,0.912,1,1,4,0
117300.0,0.543,637,7.8,0.812,0,0,0,1
101400.0,0.32,661,2.4,0.974,1,0,1,0
52600.0,0.275,669,0.6,0.883,0,0,3,0
47500.0,0.722,593,1.1,0.485,1,0,1,0
71700.0,0.063,776,5.5,0.902,0,0,0,0
27700.0,0.476,651,29.9,0.609,1,0,3,0
47300.0,0.33,649,16.2,0.822,1,2,2,0
76200.0,0.305,668,2.9,0.911,0,0,1,0
31100.0,0.563,537,1.3,0.936,1,0,2,1
65200.0,0.758,840,7.8,0.734,1,1,2,1
27200.0,0.206,661,11.7,0.903,1,1,1,0
31400.0,0.26,789,12.8,0.954,1,0,3,1
21200.0,0.244,684,1.8,0.885,0,2,1,0
94800.0,0.284,691,4.4,0.777,1,0,2,0
47000.0,0.201,763,1.0,0.746,1,1,0,0
212600.0,0.386,594,0.0,0.71,1,0,2,0
50300.0,0.101,724,0.8,0.786,1,0,3,0
60200.0,0.448,623,10.4,0.874,1,0,3,0
60900.0,0.176,684,4.1,0.864,1,0,0,0
32800.0,0.573,741,1.8,0.865,1,0,2,1
75600.0,0.213,677,29.6,0.805,1,1,0,0
68700.0,0.348,556,2.4,0.9,1,0,1,0
66200.0,0.642,596,4.6,0.934,0,0,0,0
52700.0,0.68,531,5.4,0.683,1,0,2,1
64300.0,0.131,735,1.3,0.928,1,0,1,0
31500.0,0.211,826,1.3,0.849,1,2,3,0
100000.0,0.176,712,18.7,0.922,1,1,2,0
60000.0,0.2,640,4.1,0.792,1,0,2,0
150600.0,0.648,698,2.2,0.863,1,1,2,1
83700.0,0.745,684,1.0,0.975,1,0,1,1
61900.0,0.382,715,0.2,0.909,1,0,1,0
71600.0,0.717,596,17.1,0.57,1,0,3,0
92300.0,0.582,683,1.6,0.685,1,0,2,0
102500.0,0.105,650,3.7,0.799,1,0,0,0
56900.0,0.483,683,0.2,0.956,1,0,2,1
86700.0,0.35,687,9.5,0.851,1,0,1,0
60800.0,0.542,797,2.0,0.996,1,3,1,1
169800.0,0.737,664,18.9,0.673,1,1,1,0
70500.0,0.766,824,10.2,0.754,1,0,2,0
139100.0,0.318,708,11.3,0.819,1,0,2,0
102300.0,0.235,812,1.4,0.945,1,0,2,0
84900.0,0.702,501,1.3,0.718,1,0,3,1
122200.0,0.269,726,5.7,0.901,1,0,2,0
80400.0,0.598,756,0.8,0.991,0,0,0,0
30700.0,0.353,618,19.4,0.685,1,1,0,0
55100.0,0.05,724,0.6,0.692,1,0,2,0
64600.0,0.23,703,7.3,0.992,1,0,2,0
74800.0,0.311,781,1.1,0.836,1,0,3,0
106100.0,0.423,571,5.8,0.953,1,0,4,0
45300.0,0.05,637,12.1,0.796,1,0,2,0
23100.0,0.12,710,1.4,0.797,1,0,0,0
51500.0,0.609,687,0.8,0.918,0,0,2,0
87100.0,0.601,701,6.0,0.718,1,0,0,1
65000.0,0.504,683,0.6,0.904,0,0,3,0
39500.0,0.366,650,12.2,0.657,1,0,3,0
88000.0,0.586,630,13.0,0.95,1,0,1,0
78600.0,0.384,619,8.8,0.89,1,0,1,0
60700.0,0.395,669,2.9,0.836,1,0,1,0
312200.0,0.559,623,3.1,0.909,1,0,0,0
28400.0,0.182,738,1.4,0.82,1,0,2,0
41000.0,0.427,639,6.2,0.645,1,0,1,0
92400.0,0.405,604,0.5,0.838,1,0,2,0
66900.0,0.235,669,8.5,0.728,1,0,1,0
51600.0,0.519,725,1.3,0.88,1,0,0,0
39900.0,0.402,686,14.6,0.964,0,0,2,0
31300.0,0.632,727,8.1,0.709,1,0,0,1
105100.0,0.467,642,3.3,0.837,1,0,1,0
62100.0,0.599,735,2.1,0.835,1,0,2,0
102200.0,0.641,740,1.7,0.778,1,0,2,0
27800.0,0.573,738,7.0,0.896,1,1,0,0
128200.0,0.092,565,13.5,0.954,0,0,3,1
92600.0,0.099,677,17.4,0.919,0,0,3,0
47700.0,0.438,610,20.5,0.898,1,0,1,0
90400.0,0.512,681,16.8,0.865,1,1,0,0
88400.0,0.382,746,7.5,0.9,1,1,2,0
107700.0,0.06,659,1.3,0.856,1,0,1,0
52400.0,0.288,705,2.4,0.843,0,0,0,0
36600.0,0.287,700,2.9,0.709,1,0,1,0
30500.0,0.346,693,6.5,0.449,1,3,3,0
47400.0,0.143,536,3.5,0.958,1,0,4,1
25300.0,0.277,672,2.6,0.931,1,0,0,0
94300.0,0.297,749,2.7,0.898,1,1,2,0
51700.0,0.794,666,4.9,0.848,1,0,0,0
36500.0,0.378,677,8.3,0.879,0,0,1,0
107700.0,0.316,730,1.9,0.625,1,0,0,0
80700.0,0.171,783,4.8,0.917,0,2,0,0
62400.0,0.552,734,1.1,0.862,1,0,2,0
161600.0,0.633,766,35.0,0.821,1,0,0,0
102000.0,0.577,646,4.5,0.819,1,1,3,0
67900.0,0.518,685,1.5,0.914,1,0,3,1
71400.0,0.37,689,6.0,0.587,1,0,3,0
26700.0,0.733,761,1.9,0.973,1,0,2,0
30500.0,0.087,621,6.7,0.827,1,2,1,0
33800.0,0.075,658,1.6,0.975,1,0,3,0
23900.0,0.332,765,0.8,0.895,1,0,3,0
49800.0,0.387,708,1.7,0.903,1,0,1,0
205600.0,0.45,636,5.0,0.945,1,0,3,0
50100.0,0.325,830,3.7,0.782,1,0,3,0
77500.0,0.255,600,8.3,0.943,1,0,3,0
93500.0,0.077,680,1.8,0.932,0,0,1,0
56500.0,0.38,776,6.4,0.652,1,0,4,0
70800.0,0.147,811,2.8,0.93,1,0,1,0
54400.0,0.547,740,3.8,0.934,0,0,1,1
45300.0,0.634,690,15.0,0.936,1,0,5,0
69300.0,0.408,754,9.5,0.904,1,0,3,0
53000.0,0.164,650,1.7,0.995,0,0,3,0
45100.0,0.397,566,7.3,0.948,0,0,4,0
57300.0,0.237,710,0.8,0.787,1,0,2,0
42600.0,0.449,668,35.0,0.932,1,0,3,0
127800.0,0.334,673,13.2,0.69,1,0,1,0
107000.0,0.412,604,11.3,0.982,1,0,1,0
106700.0,0.344,680,6.1,0.936,0,0,2,0
56000.0,0.395,704,1.3,0.586,1,0,1,0
34600.0,0.344,832,4.1,0.937,1,0,2,0
107500.0,0.535,620,3.7,0.95,1,1,2,0
25600.0,0.372,723,3.2,0.889,0,0,0,0
135600.0,0.062,645,6.3,0.959,1,0,2,0
194700.0,0.473,478,8.1,0.937,1,1,2,0
117700.0,0.214,624,1.9,0.898,1,0,4,0
66500.0,0.561,822,6.5,0.94,1,0,2,1
34200.0,0.071,621,2.7,0.862,1,0,1,0
53700.0,0.307,693,0.1,0.883,0,0,4,0
53100.0,0.368,850,1.0,0.895,1,0,0,0
79800.0,0.611,761,6.3,0.973,1,1,1,1
73900.0,0.267,701,10.1,0.976,1,0,0,0
156300.0,0.574,687,0.4,0.946,1,0,1,0
54300.0,0.235,791,1.0,0.963,1,0,1,0
115000.0,0.416,674,3.7,0.736,0,0,1,0
73900.0,0.658,740,0.7,0.789,1,0,0,0
61500.0,0.212,611,6.3,0.906,1,0,0,0
74800.0,0.236,641,0.2,0.562,1,0,2,0
95900.0,0.328,736,0.7,0.901,1,0,2,0
26900.0,0.726,592,7.8,0.629,1,1,2,0
34900.0,0.483,596,10.5,0.723,1,3,1,1
34400.0,0.532,697,1.8,0.786,1,0,2,0
81800.0,0.325,583,3.7,0.799,1,0,2,0
91100.0,0.538,673,5.2,0.746,1,0,5,0
36400.0,0.442,563,0.1,0.816,1,0,1,1
88200.0,0.177,636,7.4,0.779,1,0,1,0
57200.0,0.264,770,0.4,0.827,1,0,0,0
66600.0,0.077,677,1.2,0.765,1,0,2,0
91900.0,0.202,575,7.9,0.979,1,1,0,0
48100.0,0.407,679,10.7,0.876,1,0,1,0
92900.0,0.292,747,7.4,0.983,0,0,1,0
202200.0,0.403,710,14.9,0.964,1,0,2,0
59200.0,0.353,758,26.1,0.876,0,0,0,0
127100.0,0.387,675,10.0,0.99,0,0,1,0
101400.0,0.592,648,5.8,0.869,1,0,1,1
50200.0,0.24,702,0.3,0.966,1,3,2,0
102400.0,0.441,732,13.8,0.825,1,0,1,0
51900.0,0.148,666,2.0,0.774,1,0,3,0
125900.0,0.185,732,3.0,0.82,1,0,1,0
147100.0,0.213,671,4.4,0.883,1,0,2,0
64600.0,0.61,605,12.9,0.687,1,1,1,0
41900.0,0.487,665,9.8,0.991,1,1,1,0
94700.0,0.122,698,4.2,0.918,1,0,2,0
59500.0,0.186,676,12.7,0.951,0,0,1,0
67100.0,0.208,610,11.5,0.912,1,0,1,0
62100.0,0.308,647,2.5,0.993,1,0,2,0
135000.0,0.433,597,2.0,0.849,1,0,4,0
53900.0,0.675,693,3.0,0.867,1,0,1,0
61500.0,0.286,740,8.7,0.66,1,0,1,0
131800.0,0.7,707,5.9,0.989,1,0,2,0
52500.0,0.318,554,0.8,0.869,0,0,1,0
50600.0,0.152,690,2.3,0.728,1,0,2,0
103100.0,0.167,602,12.6,0.595,1,1,1,0
90000.0,0.506,557,16.1,0.837,1,0,1,1
30700.0,0.259,833,0.9,0.82,1,0,0,0
30700.0,0.328,718,22.0,0.742,1,0,3,0
85900.0,0.295,595,5.9,0.9,1,0,0,0
38100.0,0.349,691,9.6,0.881,1,0,1,0
80900.0,0.434,702,10.6,0.961,1,1,0,1
45500.0,0.251,642,0.9,0.863,1,0,1,0
131500.0,0.179,706,5.8,0.7,1,2,2,0
82200.0,0.528,709,0.9,0.718,1,0,2,1
32100.0,0.375,559,3.5,0.946,1,0,3,0
84400.0,0.188,507,2.6,0.971,1,0,2,1
106300.0,0.329,598,11.2,0.969,1,0,1,0
72500.0,0.306,624,1.0,0.973,0,2,2,1
49300.0,0.143,725,11.4,0.821,1,0,0,0
85900.0,0.25,775,2.6,0.9,1,0,1,0
98000.0,0.585,714,0.4,0.996,1,0,2,0
88900.0,0.696,618,6.6,0.968,1,0,1,0
63400.0,0.32,650,32.3,0.821,1,0,3,0
110500.0,0.603,576,13.2,0.734,1,0,2,1
33300.0,0.302,662,15.5,0.865,0,0,2,0
32900.0,0.336,675,2.7,0.978,0,0,0,0
56600.0,0.66,832,1.4,0.766,1,0,1,0
171500.0,0.397,633,12.0,0.952,1,0,0,0
166700.0,0.713,736,0.2,0.975,1,0,2,1
143600.0,0.12,700,17.8,0.973,1,0,1,0
68000.0,0.302,584,2.8,0.943,1,0,1,0
25600.0,0.456,663,7.2,0.765,1,3,2,0
86800.0,0.34,601,2.9,0.403,1,0,2,0
47600.0,0.51,804,5.8,0.989,1,0,0,1
100200.0,0.216,714,2.4,0.796,1,0,1,0
84500.0,0.521,591,2.3,0.882,1,0,0,0
206200.0,0.198,751,2.7,0.865,0,1,2,0
184700.0,0.429,768,9.3,0.859,1,0,1,0
44900.0,0.624,786,1.4,0.835,1,1,0,0
71200.0,0.519,716,3.5,0.806,1,0,1,0
58300.0,0.634,680,2.2,0.933,1,0,3,0
51600.0,0.403,699,0.5,0.753,1,0,5,0
67600.0,0.632,686,7.8,0.991,0,0,1,0
24800.0,0.674,712,12.8,0.981,1,2,0,1
47400.0,0.28,598,1.7,0.952,1,0,1,0
123000.0,0.601,763,2.8,0.933,1,0,4,0
18000.0,0.48,655,13.0,0.97,0,2,0,0
27600.0,0.252,758,13.0,0.985,0,0,1,0
124900.0,0.198,650,7.5,0.873,0,0,0,0
137700.0,0.284,731,3.8,0.764,1,0,0,0
32400.0,0.404,789,1.0,0.881,1,0,1,0
125400.0,0.365,715,5.4,0.912,1,0,1,0
114300.0,0.648,732,2.9,0.642,1,0,2,0
74300.0,0.323,731,2.3,0.87,0,3,1,1
58700.0,0.284,637,10.6,0.842,1,0,6,1
108300.0,0.235,583,3.2,0.93,1,0,3,0
59400.0,0.279,821,4.3,0.892,1,1,1,0
74200.0,0.555,690,3.2,0.722,0,0,0,1
113600.0,0.41,774,7.3,0.939,1,0,3,0
48200.0,0.316,775,1.5,0.943,1,0,1,0
55100.0,0.394,605,6.4,0.928,1,0,1,0
145600.0,0.182,579,4.4,0.732,1,0,2,0
37100.0,0.586,704,8.7,0.847,1,0,4,0
101700.0,0.196,660,4.4,0.955,0,0,2,0
72100.0,0.311,602,2.7,0.6,0,0,1,1
90200.0,0.471,483,0.7,0.86,1,0,0,0
73000.0,0.227,726,4.3,0.98,1,0,2,0
45800.0,0.247,653,2.2,0.905,0,0,1,0
23800.0,0.643,842,13.8,0.931,0,0,2,0
30900.0,0.073,730,1.7,0.712,1,0,0,0
52500.0,0.594,703,9.6,0.937,1,0,1,0
105800.0,0.58,676,3.8,0.556,1,0,2,1
82300.0,0.172,592,0.1,0.994,1,0,1,0
120700.0,0.427,787,1.9,0.671,1,0,0,0
89500.0,0.359,764,14.9,0.854,1,1,2,0
65600.0,0.358,696,2.2,0.709,1,0,1,0
127100.0,0.524,508,5.3,0.803,1,0,3,1
77800.0,0.275,745,5.2,0.895,0,3,2,0
127200.0,0.629,400,6.5,0.995,1,0,2,1
74400.0,0.777,576,18.0,0.898,1,0,0,1
41000.0,0.532,718,8.1,0.741,0,0,4,1
85500.0,0.236,643,4.9,0.932,1,1,1,0
64800.0,0.247,758,14.7,0.843,1,0,2,0
37900.0,0.491,643,8.9,0.907,1,0,0,0
161100.0,0.382,635,1.8,0.978,1,0,1,0
66600.0,0.268,592,1.6,0.96,1,0,2,0
60400.0,0.359,569,11.4,0.645,1,3,0,1
43800.0,0.67,774,0.8,0.929,0,0,2,1
38600.0,0.372,746,1.2,0.747,1,0,1,0
69600.0,0.388,672,7.2,0.825,1,2,2,0
131900.0,0.228,588,1.2,0.987,1,0,1,0
103900.0,0.648,631,11.7,0.833,0,0,1,1
46800.0,0.099,559,1.3,0.92,0,0,1,0
74100.0,0.268,684,1.9,0.978,0,0,0,0
310900.0,0.312,745,4.5,0.678,1,0,2,0
52100.0,0.692,615,5.6,0.67,1,0,2,0
71000.0,0.27,565,4.9,0.938,1,3,3,1
107100.0,0.477,654,3.8,0.975,1,0,1,0
54800.0,0.345,605,0.4,0.967,0,0,1,0
27200.0,0.846,631,5.3,0.901,1,0,2,1
199000.0,0.457,743,8.5,0.85,1,0,0,0
60400.0,0.292,613,3.8,0.632,1,0,2,0
114900.0,0.486,678,2.0,0.973,1,0,2,1
52000.0,0.687,686,0.9,0.781,1,0,1,0
235900.0,0.245,692,2.4,0.924,1,0,0,0
179000.0,0.565,626,15.3,0.882,1,0,1,1
58800.0,0.268,695,2.8,0.93,0,0,2,0
71200.0,0.662,646,8.0,0.947,1,0,2,0
61400.0,0.1,617,2.1,0.774,1,0,2,1
72800.0,0.323,716,0.8,0.763,1,0,0,0
46200.0,0.557,616,12.6,0.904,1,0,2,1
57100.0,0.258,749,1.4,0.971,1,0,3,0
21100.0,0.452,632,0.5,0.717,1,0,1,0
54000.0,0.217,667,2.9,0.916,1,0,4,0
48000.0,0.499,538,11.5,0.962,1,1,1,1
50000.0,0.364,630,0.6,0.968,1,0,2,0
100400.0,0.378,571,1.1,0.921,1,0,1,0
60000.0,0.228,744,7.6,0.685,1,0,2,0
139800.0,0.433,559,2.6,0.739,1,0,2,0
50600.0,0.203,751,5.0,0.935,1,0,2,0
41500.0,0.543,742,2.8,0.966,1,0,5,0
87200.0,0.325,611,22.1,0.836,1,0,0,0
37200.0,0.3,599,11.8,0.824,1,0,2,0
63000.0,0.46,626,8.9,0.862,1,0,2,0
27700.0,0.49,616,6.6,0.803,1,0,0,0
45400.0,0.357,676,4.2,0.984,1,0,3,0
143700.0,0.295,637,3.1,0.839,1,0,1,1
95900.0,0.46,682,0.0,0.905,0,1,2,0
48300.0,0.434,657,6.9,0.897,0,3,1,0
81200.0,0.153,776,5.0,0.75,1,0,2,0
80700.0,0.377,734,0.6,0.869,1,0,1,0
107800.0,0.512,621,7.1,0.997,1,1,0,0
28600.0,0.611,720,4.5,0.941,1,0,1,1
18000.0,0.37,610,2.5,0.515,1,0,2,0
63000.0,0.24,597,1.6,0.857,1,0,2,0
49600.0,0.32,713,6.1,0.857,1,1,1,0
74100.0,0.435,770,1.3,0.783,0,0,1,0
124800.0,0.216,732,4.3,0.908,1,0,0,0
82400.0,0.129,720,8.0,0.98,1,1,2,0
113600.0,0.237,788,9.4,0.931,1,0,2,0
67000.0,0.307,707,3.3,0.927,1,0,0,0
67300.0,0.163,667,3.1,0.836,0,0,2,0
111200.0,0.368,688,4.5,0.745,1,0,1,0
106700.0,0.624,608,2.4,0.893,1,0,0,0
124400.0,0.51,668,12.0,0.906,1,0,1,0
74600.0,0.492,755,6.5,0.85,1,0,0,0
44000.0,0.155,651,2.7,0.792,1,0,1,1
64100.0,0.162,740,1.2,0.8,1,0,1,0
105100.0,0.25,847,22.7,0.991,1,0,1,0
107400.0,0.332,579,19.6,0.77,1,1,3,0
53200.0,0.257,587,1.6,0.817,1,0,1,0
48200.0,0.237,809,1.9,0.99,1,0,5,0
88700.0,0.272,850,2.0,0.998,0,0,1,0
29500.0,0.51,615,2.5,0.789,1,0,1,0
38000.0,0.469,648,2.3,0.729,1,0,1,0
72000.0,0.06,757,0.1,0.935,0,0,2,0
52800.0,0.429,804,8.9,0.779,1,0,3,0
64300.0,0.421,708,5.1,0.745,1,0,2,0
44300.0,0.272,692,0.5,0.914,1,0,2,0
65800.0,0.449,562,21.5,0.881,1,0,2,0
71400.0,0.214,638,2.4,0.904,1,0,1,0
86700.0,0.486,625,11.7,0.628,0,0,4,0
51300.0,0.308,671,16.9,0.757,1,0,1,0
144800.0,0.337,765,0.1,0.932,0,0,1,0
44200.0,0.334,724,19.6,0.715,1,0,1,0
54200.0,0.193,661,2.8,0.943,1,0,2,0
226600.0,0.261,594,0.6,0.793,1,2,2,0
24800.0,0.108,712,5.0,0.854,0,0,3,0
97400.0,0.345,632,0.2,0.947,1,0,5,0
68000.0,0.291,757,2.2,0.916,1,0,2,0
54900.0,0.538,688,10.8,0.797,1,0,2,0
187900.0,0.366,769,9.4,0.865,0,1,1,0
39500.0,0.4,768,21.4,0.836,1,0,0,0
136000.0,0.36,760,0.2,0.8,1,0,1,0
76900.0,0.116,739,4.8,0.804,1,0,1,0
74400.0,0.279,619,0.7,0.91,1,0,4,0
42100.0,0.243,632,14.4,0.768,1,0,1,0
49800.0,0.067,657,0.2,0.838,1,0,2,0
34300.0,0.179,657,15.4,0.865,1,0,3,0
103700.0,0.284,660,2.2,0.818,1,0,2,0
148800.0,0.23,734,6.6,0.768,1,1,5,0
59500.0,0.72,801,3.5,0.52,1,0,0,0
78900.0,0.343,620,5.6,0.893,1,0,0,0
119200.0,0.197,734,3.2,0.896,1,1,2,0
44600.0,0.486,739,7.5,0.686,0,0,2,0
63300.0,0.317,631,1.2,0.812,1,1,1,0
108300.0,0.347,629,2.3,0.779,1,0,2,0
115100.0,0.112,724,1.6,0.819,0,0,3,0
101800.0,0.215,621,2.2,0.596,1,0,1,0
40300.0,0.515,765,1.1,0.756,1,0,1,0
98700.0,0.379,672,5.7,0.839,1,0,1,0
35800.0,0.252,764,3.6,0.577,1,0,2,0
157900.0,0.396,837,3.1,0.964,1,0,2,0
28000.0,0.274,706,11.9,0.897,0,0,2,0
84900.0,0.15,697,5.5,0.775,1,0,3,0
53800.0,0.15,580,4.7,0.879,1,0,1,0
73000.0,0.213,727,6.7,0.894,1,0,1,0
30200.0,0.214,640,5.8,0.875,1,0,3,0
39000.0,0.601,588,6.3,0.808,1,0,1,1
90400.0,0.42,655,6.0,0.985,1,0,1,0
76400.0,0.35,763,2.0,0.939,0,0,0,0
110700.0,0.114,601,7.4,0.775,0,0,1,0
67400.0,0.167,788,4.3,0.852,1,0,2,0
18000.0,0.258,814,9.0,0.952,1,0,1,0
103900.0,0.119,803,2.4,0.75,0,0,0,0
101800.0,0.578,629,4.5,0.785,1,0,2,0
181600.0,0.201,745,8.3,0.789,1,0,2,0
64800.0,0.406,754,2.6,0.988,1,0,0,0
24700.0,0.504,627,7.4,0.814,1,0,4,0
44600.0,0.439,749,8.5,0.71,1,1,2,0
110900.0,0.596,659,4.8,0.571,1,0,3,1
72600.0,0.269,732,1.4,0.756,1,0,3,0
141600.0,0.306,752,16.5,0.804,1,0,1,0
132800.0,0.247,578,3.8,0.86,0,1,2,1
36400.0,0.301,752,11.9,0.592,1,0,1,0
43800.0,0.329,674,14.3,0.883,1,0,3,0
38100.0,0.126,696,0.5,0.987,1,0,2,0
80800.0,0.382,703,3.3,0.896,1,0,1,0
27400.0,0.724,673,3.2,0.693,1,0,4,0
54800.0,0.13,546,3.9,0.878,1,1,0,1
78700.0,0.169,695,1.3,0.918,1,0,3,0
182300.0,0.574,602,16.5,0.693,0,0,2,0
71300.0,0.067,835,1.0,0.683,1,0,0,0
40100.0,0.307,621,0.8,0.962,1,0,3,0
27800.0,0.287,828,1.8,0.911,1,0,1,0
100700.0,0.374,750,0.5,0.932,1,0,0,0
103100.0,0.285,693,3.1,0.866,1,0,2,0
54200.0,0.561,636,1.6,0.952,1,0,0,0
45400.0,0.348,697,3.9,0.91,1,1,1,0
43600.0,0.123,682,5.1,0.887,1,1,1,0
89700.0,0.174,664,4.3,0.893,1,0,0,0
61500.0,0.352,629,13.0,0.886,1,0,2,0
77100.0,0.065,656,13.4,0.874,1,0,2,0
84600.0,0.547,768,5.4,0.783,0,0,5,1
70200.0,0.317,640,4.5,0.782,1,0,1,0
146600.0,0.232,826,2.9,0.905,0,1,2,0
135600.0,0.25,829,7.0,0.847,0,0,3,0
72700.0,0.461,682,1.4,0.836,1,0,1,0
134800.0,0.301,689,1.9,0.737,1,0,2,0
77500.0,0.449,556,4.8,0.811,1,0,3,1
178700.0,0.328,602,5.6,0.902,1,0,3,0
88900.0,0.543,721,7.6,0.886,1,0,2,0
21500.0,0.2,631,19.3,0.822,1,0,1,0
105000.0,0.133,489,0.3,0.934,1,0,0,1
78700.0,0.21,651,6.1,0.908,1,0,2,0
72400.0,0.356,690,4.3,0.708,0,0,1,0
33700.0,0.46,850,3.0,0.978,1,0,2,0
76400.0,0.579,627,0.6,0.856,1,0,1,1
164100.0,0.287,656,7.2,0.805,1,0,3,0
71500.0,0.239,713,8.0,0.911,1,1,1,0
57500.0,0.565,755,1.1,0.936,1,0,3,0
31100.0,0.11,663,7.2,0.955,1,0,1,0
48100.0,0.723,728,0.2,0.805,1,0,3,0
75200.0,0.286,663,1.0,0.765,1,0,1,0
95100.0,0.388,769,1.4,0.795,1,0,2,0
40800.0,0.144,748,20.3,0.827,1,0,0,0
47500.0,0.478,778,4.9,0.941,1,0,1,0
56800.0,0.303,740,4.2,0.746,1,0,0,0
42700.0,0.183,686,23.9,0.962,1,0,3,0
95700.0,0.463,786,1.0,0.765,1,0,1,0
76100.0,0.314,552,21.8,0.926,1,2,2,0
42200.0,0.467,535,1.6,0.948,0,1,1,0
64400.0,0.079,805,6.5,0.923,1,0,1,0
107700.0,0.596,745,8.7,0.905,1,0,2,1
83400.0,0.582,594,0.1,0.626,1,0,2,0
30200.0,0.202,739,7.9,0.866,1,0,0,0
90200.0,0.396,806,4.2,0.76,1,0,1,0
72800.0,0.272,850,4.4,0.981,1,0,1,0
63700.0,0.413,644,2.3,0.711,1,0,1,0
74300.0,0.511,576,14.2,0.948,1,0,1,1
94300.0,0.38,749,1.3,0.993,1,0,3,0
83400.0,0.471,696,2.9,0.965,1,1,3,0
114000.0,0.349,580,0.3,0.984,1,0,0,0
81900.0,0.198,617,3.5,0.965,1,0,3,0
256500.0,0.406,696,14.9,0.704,1,0,1,0
89300.0,0.519,615,1.7,0.886,1,3,1,1
57900.0,0.51,617,9.2,0.783,1,0,1,0
42100.0,0.61,730,0.2,0.76,1,0,1,0
106200.0,0.457,709,10.3,0.914,1,0,0,0
58800.0,0.203,687,2.3,0.839,1,0,1,0
77100.0,0.217,749,0.4,0.795,1,0,2,0
63500.0,0.22,810,2.4,0.957,1,0,2,0
61500.0,0.284,694,4.9,0.938,0,0,3,0
26400.0,0.333,414,15.9,0.961,0,1,3,1
88700.0,0.311,666,2.4,0.826,1,0,2,0
74200.0,0.187,794,2.8,0.969,1,0,1,0
36200.0,0.109,785,7.1,0.952,1,0,2,0
117400.0,0.367,681,0.1,0.62,1,0,1,0
26700.0,0.562,631,7.3,0.874,1,0,2,1
84600.0,0.325,634,0.2,0.796,1,1,1,0
88100.0,0.483,712,17.4,0.864,1,0,2,1
69000.0,0.563,530,30.7,0.957,0,0,5,0
316900.0,0.229,774,8.2,0.859,1,0,3,0
316600.0,0.389,720,3.5,0.994,1,0,0,0
39500.0,0.378,586,1.2,0.913,1,0,1,0
44000.0,0.336,631,0.3,0.945,1,0,5,0
78600.0,0.581,583,10.6,0.989,0,0,2,0
43600.0,0.125,654,8.9,0.923,1,0,1,0
93400.0,0.269,659,15.0,0.769,1,0,2,0
301700.0,0.142,669,1.9,0.634,1,0,1,0
73100.0,0.315,714,3.2,0.554,1,0,0,0
89900.0,0.297,666,14.5,0.886,1,2,1,0
32000.0,0.297,593,2.8,0.892,1,0,0,0
43600.0,0.5,676,1.9,0.976,1,0,0,0
21900.0,0.326,632,5.3,0.982,0,0,0,0
57100.0,0.408,618,3.8,0.615,1,0,1,0
133300.0,0.325,659,1.4,0.991,1,0,1,0
36600.0,0.394,740,12.7,0.814,1,0,2,0
90400.0,0.114,669,6.1,0.766,1,1,1,0
59400.0,0.148,768,1.9,0.953,1,1,3,0
74500.0,0.157,703,6.0,0.899,0,1,6,0
213400.0,0.307,717,18.2,0.692,0,0,3,0
126100.0,0.387,626,1.2,0.78,1,0,0,0
59300.0,0.337,563,5.9,0.973,1,0,1,1
53900.0,0.485,602,35.0,0.812,1,0,4,0
44200.0,0.209,741,4.1,0.955,1,1,1,0
186000.0,0.265,735,8.7,0.914,1,2,1,0
100700.0,0.189,825,7.4,0.96,1,0,2,0
115100.0,0.85,782,4.1,0.666,1,0,0,0
47600.0,0.301,593,3.3,0.737,1,1,1,0
73700.0,0.35,819,6.8,0.987,1,1,2,0
66300.0,0.568,702,5.4,0.896,1,0,0,0
33700.0,0.218,569,3.9,0.924,1,0,0,0
35600.0,0.505,635,0.8,0.887,1,3,2,1
31800.0,0.458,576,9.0,0.965,1,0,1,0
64200.0,0.51,752,9.6,0.887,1,0,1,1
30200.0,0.387,757,2.4,0.962,1,0,1,0
182400.0,0.515,606,2.2,0.952,1,1,3,0
160800.0,0.287,682,3.8,0.741,1,0,1,0
43200.0,0.481,763,2.6,0.947,0,0,1,1
32400.0,0.71,850,9.0,0.836,1,0,3,1
73500.0,0.366,790,18.9,0.977,0,0,1,0
72300.0,0.25,683,0.6,0.809,1,1,0,0
57200.0,0.219,827,0.9,0.803,1,0,1,0
100500.0,0.228,725,2.8,0.958,1,0,0,0
41400.0,0.511,637,3.6,0.921,1,0,0,0
70100.0,0.079,568,1.8,0.803,1,0,1,0
41200.0,0.248,748,13.7,0.613,0,0,2,0
39400.0,0.357,598,8.0,0.812,1,0,2,0
92300.0,0.441,636,12.5,0.89,1,0,1,0
69800.0,0.413,655,2.6,0.839,1,0,1,0
153300.0,0.172,738,12.9,0.737,0,0,1,0
29700.0,0.298,651,14.9,0.906,0,0,3,0
31600.0,0.279,542,14.9,0.904,1,0,4,1
132300.0,0.689,680,0.0,0.897,1,3,3,0
47200.0,0.302,695,3.8,0.844,1,0,2,0
70200.0,0.564,686,7.4,0.927,1,0,0,1
78700.0,0.427,655,9.1,0.962,1,0,2,0
53300.0,0.218,616,1.5,0.593,1,0,0,0
56400.0,0.174,687,5.5,0.959,1,1,2,0
71000.0,0.392,625,3.7,0.947,1,0,3,0
42200.0,0.051,677,6.6,0.896,0,0,1,0
58800.0,0.405,497,8.1,0.991,1,0,2,1
110400.0,0.609,747,3.7,0.812,1,0,0,1
59800.0,0.375,666,0.2,0.853,0,0,2,0
34900.0,0.681,503,5.8,0.916,1,2,0,0
93700.0,0.324,823,31.5,0.6,1,0,3,0
95500.0,0.244,716,9.7,0.901,1,0,2,0
51700.0,0.31,579,1.5,0.833,0,0,0,0
18000.0,0.594,634,7.2,0.884,1,1,1,0
74400.0,0.086,549,3.2,0.965,1,0,1,0
234400.0,0.163,630,2.2,0.877,0,0,1,0
101700.0,0.331,676,3.2,0.727,1,1,2,0
44200.0,0.321,681,6.7,0.835,1,1,4,0
22800.0,0.444,624,7.4,0.689,1,2,2,1
43200.0,0.127,655,0.4,0.941,1,0,1,0
94000.0,0.684,712,8.1,0.962,1,0,1,1
54000.0,0.257,691,12.5,0.85,1,0,0,0
118500.0,0.101,827,7.0,0.906,1,0,1,0
37000.0,0.246,558,3.0,0.864,1,0,1,0
37300.0,0.433,670,11.4,0.97,1,3,1,1
42100.0,0.345,781,3.8,0.872,1,0,2,1
94000.0,0.533,850,5.9,0.998,1,3,2,0
62000.0,0.329,604,1.2,0.949,1,0,1,0
49200.0,0.282,706,0.1,0.816,1,0,0,0
102500.0,0.31,688,6.0,0.665,1,0,0,0
132600.0,0.141,524,1.2,0.865,1,1,1,0
27300.0,0.446,638,0.3,0.983,1,0,3,0
116700.0,0.487,756,1.2,0.882,1,0,1,0
59200.0,0.469,575,8.1,0.853,1,0,2,1
121900.0,0.093,777,1.8,0.868,1,0,1,0
71800.0,0.627,671,5.8,0.941,0,0,0,0
105300.0,0.328,657,7.1,0.958,0,0,1,0
35800.0,0.389,744,1.5,0.755,1,0,1,0
40300.0,0.121,795,5.7,0.788,1,0,1,0
59300.0,0.656,850,1.9,0.914,1,0,2,0
28300.0,0.251,643,7.0,0.82,0,0,1,0
35400.0,0.33,696,1.6,0.864,1,0,3,0
118300.0,0.368,641,3.7,0.645,0,0,1,0
29300.0,0.233,720,2.0,0.909,1,0,0,0
39800.0,0.527,850,31.0,0.86,1,0,1,0
58500.0,0.339,607,6.5,0.77,1,0,0,0
67600.0,0.328,618,0.7,0.956,1,0,2,1
29300.0,0.642,676,17.9,0.682,1,0,1,0
48900.0,0.257,610,6.9,0.791,1,1,1,0
66900.0,0.446,513,4.8,0.962,1,0,2,0
87000.0,0.566,715,2.4,0.636,1,1,4,0
37600.0,0.178,679,3.3,0.995,1,0,0,0
31400.0,0.302,829,6.4,0.762,0,2,2,1
34200.0,0.194,574,1.4,0.885,1,1,1,0
61700.0,0.53,657,3.5,0.9,1,1,2,0
50000.0,0.358,648,6.5,0.862,0,0,0,0
62200.0,0.309,676,4.6,0.495,1,0,0,0
58400.0,0.287,621,13.5,0.992,1,0,1,0
55700.0,0.149,746,2.0,0.934,1,0,2,0
57600.0,0.418,680,15.0,0.796,1,0,2,0
80800.0,0.139,595,7.0,0.846,1,0,1,0
117100.0,0.372,736,2.5,0.884,0,0,0,0
71400.0,0.246,644,1.0,0.845,1,1,1,0
86700.0,0.286,697,2.1,0.937,1,0,2,0
36000.0,0.548,719,1.5,0.905,0,2,0,0
143500.0,0.126,616,14.5,0.954,0,0,1,0
87800.0,0.077,700,4.3,0.905,1,0,0,0
154200.0,0.761,558,6.7,0.956,1,0,1,1
57700.0,0.245,535,0.4,0.904,1,0,1,1
57800.0,0.152,721,17.7,0.915,1,0,1,0
31800.0,0.352,684,13.0,0.818,1,1,0,0
104900.0,0.118,751,4.2,0.926,1,0,0,0
31200.0,0.171,500,17.8,0.954,1,0,1,0
73700.0,0.159,756,4.5,0.803,0,0,1,0
118900.0,0.062,655,11.7,0.761,1,1,2,0
58100.0,0.32,647,5.9,0.925,1,1,1,0
61600.0,0.109,826,2.2,0.957,1,0,0,0
194200.0,0.381,661,8.1,0.959,1,0,1,0
18000.0,0.255,642,2.2,0.824,1,0,0,0
59800.0,0.488,647,2.3,0.974,1,0,2,0
36400.0,0.155,593,8.9,0.767,1,0,1,0
88600.0,0.361,684,5.1,0.871,1,0,3,0
132400.0,0.075,824,5.1,0.893,1,0,1,0
35300.0,0.499,525,3.4,0.855,0,0,1,1
91600.0,0.145,755,1.9,0.957,1,0,0,0
79800.0,0.33,677,6.7,0.653,1,0,0,0
103500.0,0.295,596,25.9,0.76,1,0,3,0
51700.0,0.238,710,1.1,0.933,1,3,3,1
123200.0,0.363,685,0.9,0.8,0,0,0,0
98900.0,0.187,648,2.6,0.997,1,1,1,0
66100.0,0.205,711,6.4,0.961,1,0,1,0
60000.0,0.264,688,8.4,0.937,1,2,1,0
98500.0,0.332,720,3.8,0.625,0,0,2,1
88300.0,0.345,694,0.1,0.698,1,0,1,0
53600.0,0.655,549,2.8,0.942,1,0,0,0
23300.0,0.433,552,13.7,0.98,0,1,2,1
23800.0,0.374,645,3.5,0.822,1,0,4,0
125900.0,0.242,632,0.5,0.913,1,0,1,0
43700.0,0.345,692,0.9,0.989,1,1,1,0
36000.0,0.242,610,5.6,0.898,1,0,0,0
63000.0,0.458,641,3.2,0.637,0,0,0,0
75100.0,0.22,726,0.1,0.947,1,0,1,0
44100.0,0.336,572,10.8,0.969,1,1,0,1
21000.0,0.392,702,4.2,0.897,1,1,0,0
54300.0,0.726,571,9.2,0.953,1,0,1,1
36000.0,0.05,650,10.6,0.834,1,0,2,0
32500.0,0.558,665,1.1,0.893,0,0,4,0
102000.0,0.162,614,13.0,0.8,1,1,1,0
31400.0,0.358,746,2.7,0.872,0,0,0,0
94800.0,0.676,827,1.2,0.865,0,0,5,0
88100.0,0.225,435,2.8,0.969,1,0,1,1
63900.0,0.283,761,22.1,0.875,1,0,3,0
131400.0,0.434,764,14.7,0.962,1,0,2,0
112700.0,0.437,681,18.0,0.925,1,0,0,0
28100.0,0.45,677,0.0,0.821,0,0,0,0
68600.0,0.16,640,1.6,0.876,0,0,2,0
61600.0,0.328,684,7.8,0.812,1,1,1,0
129200.0,0.334,764,9.5,0.978,1,0,0,0
22800.0,0.356,622,4.4,0.999,1,0,0,0
67800.0,0.428,620,2.4,1.0,1,0,2,0
71500.0,0.582,775,2.5,0.832,1,1,0,0
123900.0,0.364,725,4.6,0.933,1,2,1,1
74000.0,0.515,682,0.0,0.869,0,1,0,0
81600.0,0.323,774,7.0,0.838,1,2,0,1
163500.0,0.745,635,5.1,0.88,1,1,3,0
55400.0,0.395,738,4.3,0.675,0,0,0,0
68500.0,0.05,791,1.3,0.757,1,0,3,0
85800.0,0.302,707,1.2,0.889,1,0,2,0
37900.0,0.16,608,0.7,0.869,1,0,2,1
29500.0,0.434,586,14.7,0.885,1,1,2,0
78700.0,0.086,634,12.2,0.965,1,1,1,0
69200.0,0.494,730,5.2,0.676,1,0,3,1
182300.0,0.618,722,1.9,0.83,1,0,0,0
57800.0,0.533,678,8.5,0.817,1,0,1,0
83900.0,0.11,696,1.0,0.98,0,0,2,0
35100.0,0.335,750,10.0,0.896,1,0,4,0
49600.0,0.346,639,10.2,0.964,0,2,3,1
159500.0,0.207,503,2.0,0.865,1,0,1,0
33100.0,0.33,850,4.0,0.795,1,0,3,0
93500.0,0.418,762,5.7,0.525,1,0,1,0
134400.0,0.421,739,1.4,0.915,0,0,3,0
60600.0,0.118,810,2.5,0.919,1,1,3,0
36600.0,0.373,741,5.5,0.853,1,1,0,0
123600.0,0.467,640,4.8,0.903,0,1,1,1
113800.0,0.65,818,3.5,0.838,1,0,1,1
65100.0,0.541,555,1.6,0.895,1,0,1,1
87700.0,0.56,598,4.6,0.77,1,0,1,0
47200.0,0.364,700,2.8,0.451,0,0,2,0
46900.0,0.356,743,1.4,0.886,1,0,1,0
66500.0,0.205,664,2.2,0.571,1,0,1,0
65500.0,0.266,691,1.6,0.942,1,2,2,1
31800.0,0.511,656,2.9,0.838,0,0,0,1
46500.0,0.226,642,19.9,0.779,1,0,2,0
33800.0,0.433,679,16.5,0.974,1,3,7,1
104800.0,0.569,487,6.5,0.678,1,0,1,1
85500.0,0.141,647,8.2,0.921,1,0,3,0
84500.0,0.26,585,3.0,0.924,1,0,1,0
18000.0,0.338,723,8.9,0.747,1,0,1,0
34400.0,0.535,774,11.3,0.825,1,0,2,0
79100.0,0.407,542,9.6,0.989,1,0,2,0
132000.0,0.462,615,1.3,0.706,1,0,2,0
82300.0,0.185,756,10.3,0.846,1,0,1,0
95800.0,0.382,656,10.1,0.903,1,1,1,0
89800.0,0.684,822,7.5,0.988,1,1,1,0
84900.0,0.438,850,11.2,0.81,0,0,2,0
64200.0,0.213,771,11.1,0.705,1,0,3,0
38700.0,0.334,636,5.2,0.547,1,0,1,0
107000.0,0.433,614,6.8,0.724,1,0,1,1
92200.0,0.291,655,2.6,0.813,1,1,3,0
82900.0,0.296,792,0.7,0.915,0,0,1,0
75900.0,0.303,620,4.6,0.705,0,0,4,0
45800.0,0.356,659,4.4,0.967,1,0,0,0
127700.0,0.335,695,9.5,0.852,1,0,1,0
24800.0,0.158,575,1.3,0.902,1,0,0,1
58100.0,0.567,714,11.4,0.927,1,1,3,0
123900.0,0.559,678,9.4,0.759,1,3,2,1
62000.0,0.275,637,7.8,0.98,0,0,2,0
62800.0,0.323,632,1.2,0.944,1,0,1,0
44100.0,0.265,610,2.3,0.912,1,0,2,0
174600.0,0.542,807,3.3,0.739,1,0,2,0
119800.0,0.51,657,0.0,0.786,1,0,1,0
199100.0,0.192,669,1.3,0.969,0,1,3,0
59000.0,0.511,753,6.5,0.968,1,0,0,0
34500.0,0.404,710,5.1,0.909,0,0,2,0
18000.0,0.581,677,17.5,0.91,1,0,1,0
130800.0,0.438,710,1.1,0.849,1,3,2,0
77500.0,0.276,584,4.4,0.901,1,0,2,0
65800.0,0.412,720,0.1,0.901,1,0,0,0
40400.0,0.373,619,5.2,0.915,1,0,2,0
101300.0,0.232,766,0.7,0.869,0,0,3,0
65600.0,0.298,694,0.6,0.987,1,0,1,0
69500.0,0.71,695,3.5,0.9,1,0,0,0
24400.0,0.246,700,2.5,0.646,1,2,4,0
133900.0,0.341,619,3.6,0.864,1,0,1,0
58400.0,0.402,687,0.2,0.873,1,0,2,0
58500.0,0.306,780,0.5,0.905,1,2,0,1
69300.0,0.339,605,0.4,0.913,1,0,2,0
96900.0,0.303,736,0.8,0.961,1,3,1,0
63400.0,0.374,788,3.4,0.908,1,0,0,0
81600.0,0.134,810,3.5,0.835,1,0,3,0
29000.0,0.243,707,2.3,0.907,1,0,2,0
61300.0,0.11,665,0.7,0.782,1,0,0,0
73700.0,0.334,817,11.8,0.811,1,0,0,0
56900.0,0.573,631,5.9,0.819,0,0,3,0
136900.0,0.169,686,6.0,0.972,1,2,3,1
50800.0,0.387,693,2.2,0.657,1,0,0,0
101800.0,0.456,693,13.4,0.908,1,0,4,0
62800.0,0.35,586,2.2,0.888,1,0,2,0
92300.0,0.314,695,6.3,0.99,1,0,3,0
122700.0,0.568,657,15.0,0.697,1,0,1,1
96200.0,0.535,645,30.8,0.749,1,0,3,0
38300.0,0.528,670,1.4,0.983,1,0,0,1
87700.0,0.557,667,12.2,0.749,1,0,0,0
97100.0,0.273,677,7.5,0.917,1,1,3,0
67500.0,0.214,789,0.5,0.991,1,0,2,0
60900.0,0.605,633,1.2,0.866,1,0,2,0
111300.0,0.346,661,4.3,0.879,1,0,3,0
44000.0,0.724,669,4.3,0.783,1,0,2,0
50300.0,0.201,571,9.2,0.81,0,0,1,0
78300.0,0.246,578,3.4,0.616,1,0,6,1
97100.0,0.327,628,7.6,0.685,1,0,5,0
56400.0,0.085,675,32.2,0.865,1,0,2,0
141200.0,0.135,681,18.1,0.906,1,0,2,0
18000.0,0.317,558,4.7,0.765,1,1,0,1
49200.0,0.104,572,8.8,0.948,0,1,3,0
50400.0,0.34,677,2.5,0.896,1,0,0,0
65700.0,0.163,572,9.1,0.789,1,0,0,0
69800.0,0.428,553,6.1,0.879,1,0,0,1
160500.0,0.42,792,3.4,0.755,1,0,1,0
25900.0,0.051,732,4.0,0.938,1,0,1,0
83100.0,0.465,629,3.6,0.892,1,2,0,1
108600.0,0.242,836,6.3,0.964,1,1,1,0
96800.0,0.845,668,7.3,0.915,1,0,2,1
42400.0,0.343,712,4.0,0.855,1,0,2,0
72800.0,0.344,692,11.9,0.793,1,0,2,0
69600.0,0.184,723,17.5,0.569,1,0,0,0
58300.0,0.281,831,6.8,0.905,1,0,2,0
114400.0,0.097,630,1.3,0.723,0,1,1,0
181900.0,0.498,804,1.2,0.942,1,0,3,0
50300.0,0.163,760,35.0,0.597,1,0,0,0
71100.0,0.277,681,4.5,0.838,1,0,4,0
33100.0,0.378,730,6.5,0.97,1,0,5,0
61900.0,0.204,688,4.2,0.939,1,0,1,0
47500.0,0.58,763,6.5,0.991,0,0,2,0
144700.0,0.185,704,3.7,0.843,1,0,2,0
145300.0,0.231,773,12.4,0.894,0,0,2,0
44300.0,0.362,624,2.0,0.749,1,0,1,0
58300.0,0.228,632,31.7,0.865,1,0,1,0
45400.0,0.376,588,5.8,0.799,1,0,1,0
75200.0,0.503,607,0.6,0.873,1,0,3,0
97100.0,0.414,810,3.7,0.865,1,1,0,0
47300.0,0.395,615,3.0,0.618,1,0,1,0
50400.0,0.224,670,16.3,0.904,1,0,1,0
143600.0,0.416,690,2.1,0.711,1,2,1,1
60200.0,0.236,831,3.8,0.922,0,0,1,1
39300.0,0.224,743,7.7,0.909,0,0,1,0
83000.0,0.359,620,0.6,0.655,1,0,2,0
42900.0,0.351,685,1.2,0.984,0,0,1,0
53300.0,0.26,567,6.4,0.695,0,0,1,0
62900.0,0.181,770,0.6,0.88,1,0,2,0
51100.0,0.325,653,2.0,0.719,1,0,3,0
117300.0,0.449,556,3.2,0.964,1,0,0,1
105600.0,0.185,711,1.5,0.989,1,0,0,0
82400.0,0.692,821,2.4,0.779,0,0,2,1
53000.0,0.339,624,1.6,0.643,1,0,0,0
49000.0,0.249,639,9.0,0.933,1,0,3,0
90300.0,0.359,658,1.7,0.969,1,1,2,0
67300.0,0.376,672,9.3,0.862,1,0,3,0
123000.0,0.445,651,1.7,0.709,1,0,2,0
71500.0,0.361,732,0.4,0.887,1,0,1,0
72400.0,0.119,707,13.2,0.834,1,0,1,0
61800.0,0.052,727,7.7,0.981,1,0,5,0
69900.0,0.105,689,1.4,0.836,1,3,1,1
67900.0,0.523,731,2.2,0.923,1,0,1,0
74500.0,0.375,628,1.6,0.968,1,0,1,0
49500.0,0.498,721,8.0,0.702,0,0,1,0
36400.0,0.393,718,0.1,0.843,1,0,2,0
41100.0,0.216,839,19.8,0.609,1,0,1,1
120300.0,0.151,556,2.8,0.787,1,0,0,1
61300.0,0.223,668,2.0,0.877,1,1,0,0
52000.0,0.497,694,9.2,0.907,1,1,2,0
97800.0,0.396,837,2.3,0.932,1,1,3,0
52900.0,0.48,759,5.1,0.933,1,0,1,0
61100.0,0.37,632,3.1,0.972,1,0,0,0
43300.0,0.233,844,5.9,0.931,1,0,1,0
89000.0,0.429,773,0.6,0.896,1,1,3,0
42900.0,0.29,850,2.9,0.647,1,0,0,0
27700.0,0.1,779,13.9,0.508,1,1,3,0
134900.0,0.613,705,22.3,0.816,0,0,2,0
53100.0,0.181,840,0.7,0.899,0,0,1,0
45400.0,0.148,518,6.4,0.824,0,0,2,1
65900.0,0.548,705,3.2,0.957,1,1,4,1
27200.0,0.346,633,2.6,0.942,1,0,3,0
105100.0,0.339,677,0.1,0.794,1,1,4,0
35900.0,0.287,683,0.7,0.897,1,3,0,1
47400.0,0.464,579,1.6,0.814,0,0,1,1
55700.0,0.233,762,3.7,0.835,1,0,0,0
50300.0,0.553,664,6.6,0.954,1,0,2,0
57200.0,0.637,767,4.8,0.767,1,1,2,1
101000.0,0.163,602,3.4,0.899,1,0,1,0
130300.0,0.531,528,5.9,0.921,1,0,1,0
153300.0,0.115,581,3.4,0.916,1,0,1,0
53500.0,0.125,726,2.7,0.726,1,3,2,1
53500.0,0.406,636,22.2,0.959,1,1,2,0
45200.0,0.127,641,11.2,0.942,1,1,0,0
41200.0,0.373,723,0.6,0.773,1,0,2,0
44100.0,0.147,650,6.6,0.657,1,0,1,0
20300.0,0.121,645,32.1,0.651,1,0,1,0
122600.0,0.487,694,5.8,0.804,1,0,0,0
25000.0,0.113,716,1.5,0.924,1,0,3,0
138300.0,0.235,612,6.7,0.884,1,0,3,1
60500.0,0.299,717,1.2,0.783,1,0,1,1
38900.0,0.488,760,10.3,0.92,1,0,0,1
23800.0,0.381,705,4.5,0.945,1,0,2,0
86700.0,0.061,637,1.9,0.913,1,0,1,0
26300.0,0.469,698,2.6,0.758,1,0,1,0
46700.0,0.216,817,7.6,0.935,1,1,1,0
106900.0,0.293,636,0.7,0.974,1,1,2,0
58500.0,0.482,659,14.2,0.81,1,0,2,1
48700.0,0.397,621,0.8,0.821,1,0,0,0
63100.0,0.291,744,3.2,0.878,1,0,1,0
116200.0,0.194,720,8.7,0.954,1,0,0,0
50400.0,0.618,763,9.2,0.758,0,0,1,0
70100.0,0.283,713,0.6,0.843,1,0,0,0
100000.0,0.374,724,1.9,0.893,1,0,0,0
45400.0,0.288,695,2.6,0.746,1,0,3,0
47200.0,0.101,666,14.8,0.908,1,3,0,1
79500.0,0.719,630,3.7,0.856,0,0,0,0
71100.0,0.2,614,13.8,0.964,1,0,0,0
136800.0,0.342,614,11.6,0.696,1,0,1,0
46300.0,0.145,598,0.2,0.806,1,0,0,0
51100.0,0.331,598,7.2,0.594,1,0,2,0
56000.0,0.746,826,12.7,0.932,1,2,0,0
34000.0,0.329,759,2.7,0.8,0,0,0,0
55600.0,0.23,629,4.0,0.839,1,0,2,0
108400.0,0.378,645,1.6,0.92,1,0,3,0
39700.0,0.554,545,4.4,0.937,1,0,2,1
82100.0,0.156,624,2.6,0.689,1,0,0,0
61400.0,0.762,764,7.6,0.915,1,0,2,0
45800.0,0.844,651,1.6,0.64,1,0,1,0
52500.0,0.357,720,4.3,0.92,0,0,0,0
51300.0,0.367,632,3.8,0.905,1,0,2,0
60200.0,0.05,649,3.1,0.976,1,0,3,0
63000.0,0.288,730,1.7,0.761,1,2,2,1
73700.0,0.061,701,7.5,0.916,1,0,1,0
142800.0,0.267,582,1.5,0.861,1,0,2,0
25800.0,0.417,662,13.9,0.966,1,0,3,0
39400.0,0.444,556,5.6,0.919,1,0,2,0
102300.0,0.263,845,24.2,0.827,1,0,1,1
108500.0,0.33,689,15.0,0.86,1,0,2,0
68400.0,0.58,554,0.9,0.805,0,0,3,0
44200.0,0.221,778,9.2,0.799,1,1,5,0
21300.0,0.525,614,1.2,0.647,1,0,0,1
77000.0,0.505,684,16.9,0.679,0,0,0,1
121200.0,0.604,711,6.9,0.95,1,1,1,0
140900.0,0.468,683,1.2,0.835,1,0,2,0
49600.0,0.161,764,1.1,0.83,1,0,1,0
75600.0,0.227,694,8.3,0.705,1,0,1,0
67100.0,0.241,695,5.8,0.84,1,0,3,0
30200.0,0.764,632,0.9,0.537,1,0,3,0
74800.0,0.313,544,4.2,0.939,1,0,3,1
22400.0,0.259,649,10.5,0.84,1,0,2,0
57100.0,0.393,613,1.0,0.919,1,0,0,0
103400.0,0.33,652,0.1,0.787,0,0,2,0
121000.0,0.273,734,0.9,0.825,1,0,1,0
61500.0,0.446,606,1.2,0.805,1,1,2,0
188200.0,0.298,710,6.0,0.979,1,0,0,0
51800.0,0.198,650,2.5,0.944,1,0,2,0
31600.0,0.226,634,0.7,0.949,1,0,3,0
106900.0,0.558,559,3.0,0.956,1,0,3,1
72100.0,0.155,596,5.3,0.884,1,0,0,0
34700.0,0.248,583,2.2,0.893,1,0,3,0
63300.0,0.289,728,5.2,0.858,1,0,0,0
54400.0,0.269,747,14.6,0.787,1,0,0,0
147700.0,0.05,554,3.1,0.522,1,0,0,0
100400.0,0.365,578,17.0,0.869,1,1,1,0
44500.0,0.353,777,11.8,0.877,1,0,3,0
67200.0,0.165,767,0.1,0.813,0,0,1,0
47900.0,0.37,819,6.6,0.8,0,0,1,0
140800.0,0.247,810,2.5,0.976,1,0,2,0
48300.0,0.603,651,1.8,0.415,1,0,2,0
43200.0,0.559,749,8.0,0.835,1,0,3,0
36900.0,0.382,708,7.8,0.686,1,0,1,0
91500.0,0.263,761,7.0,0.992,1,0,3,0
74700.0,0.191,663,0.2,0.664,0,0,3,0
43800.0,0.209,803,5.4,0.913,1,0,0,0
43500.0,0.261,544,5.4,0.509,0,0,3,0
201000.0,0.154,754,20.4,0.638,1,1,1,0
133800.0,0.119,575,9.1,0.82,1,0,1,0
66900.0,0.504,693,2.7,0.539,1,0,1,1
107000.0,0.446,571,6.1,0.722,1,0,3,0
53500.0,0.376,600,13.2,0.961,1,0,4,0
67400.0,0.551,591,10.1,0.909,1,1,2,1
119700.0,0.292,646,3.4,0.983,0,0,1,0
69400.0,0.318,736,15.6,0.952,0,0,1,1
35400.0,0.403,748,21.8,0.981,0,0,2,0
46100.0,0.307,675,8.8,0.881,1,0,3,0
77200.0,0.468,787,1.2,0.842,1,1,1,0
94000.0,0.699,621,8.3,0.82,1,0,2,0
143800.0,0.135,712,3.1,0.838,1,0,1,0
40200.0,0.429,734,1.7,0.871,1,0,3,0
84900.0,0.398,691,0.7,0.992,1,0,1,0
39700.0,0.15,752,0.6,0.85,1,1,1,0
36600.0,0.159,556,3.1,0.494,1,0,1,1
74500.0,0.263,622,5.0,0.531,1,0,1,0
35200.0,0.464,600,6.8,0.922,1,0,2,0
60800.0,0.539,716,12.1,0.865,1,0,3,1
57200.0,0.423,706,0.9,0.705,1,0,1,0
43200.0,0.286,661,2.3,0.704,1,0,3,0
101100.0,0.122,683,0.2,0.946,1,1,1,0
53900.0,0.215,635,6.6,0.507,1,0,0,0
55600.0,0.514,794,0.1,0.844,0,0,4,0
41300.0,0.478,641,0.3,0.791,1,0,3,0
220300.0,0.322,707,5.5,0.622,1,1,1,1
46100.0,0.112,559,1.3,0.833,1,1,4,0
47000.0,0.345,792,6.4,0.833,1,0,1,0
79600.0,0.524,681,2.6,0.958,1,0,4,0
73800.0,0.709,654,1.8,0.627,1,1,1,0
39500.0,0.464,737,8.6,0.934,1,2,3,0
18000.0,0.123,692,8.1,0.903,1,0,0,0
92200.0,0.05,697,0.4,0.434,0,0,1,0
40900.0,0.292,717,7.7,0.57,0,0,3,0
88000.0,0.285,654,17.5,0.842,1,0,3,0
66800.0,0.438,673,3.8,0.881,1,0,2,0
78200.0,0.204,621,4.6,0.844,1,0,1,0
58400.0,0.321,804,2.5,0.956,1,0,1,0
98300.0,0.129,594,8.7,0.9,1,0,2,0
31100.0,0.229,577,8.7,0.984,1,1,2,1
47300.0,0.219,604,13.3,0.421,1,0,1,0
30300.0,0.291,785,7.7,0.655,0,0,0,0
41500.0,0.42,671,23.3,0.967,1,0,2,0
37300.0,0.194,660,21.1,0.84,0,0,1,1
79500.0,0.138,656,3.2,0.837,1,0,1,0
20800.0,0.587,694,7.7,0.83,1,0,0,1
76600.0,0.228,660,0.1,0.962,1,0,3,0
149300.0,0.244,594,2.9,0.889,1,0,1,0
100100.0,0.495,671,3.1,0.974,1,1,0,0
33700.0,0.328,680,10.7,0.851,0,0,1,0
85300.0,0.099,597,1.9,0.812,1,0,2,1
116400.0,0.124,603,1.4,0.956,1,0,1,0
58100.0,0.43,662,3.7,0.973,1,0,0,0
142100.0,0.142,681,1.5,0.7,0,1,2,0
73300.0,0.485,523,1.2,0.777,1,0,2,0
96900.0,0.606,633,3.9,0.984,1,0,2,1
47300.0,0.05,514,1.9,0.758,0,1,1,1
79400.0,0.149,754,0.8,0.988,1,0,1,0
56300.0,0.33,722,1.8,0.861,1,0,2,0
69200.0,0.202,628,8.3,0.961,0,2,0,0
87400.0,0.337,692,0.7,0.848,1,0,2,0
41300.0,0.172,604,0.6,0.893,0,0,2,0
64600.0,0.603,712,3.2,0.908,1,0,1,0
203600.0,0.221,642,1.1,0.948,1,0,3,0
117500.0,0.511,833,2.9,0.978,1,1,0,0
87800.0,0.405,657,14.9,0.806,0,0,1,0
72200.0,0.146,652,1.0,0.976,1,0,0,0
111900.0,0.397,664,7.6,0.852,1,0,0,0
49900.0,0.301,605,0.5,0.858,1,0,1,0
96600.0,0.245,529,9.0,0.763,1,0,1,1
37200.0,0.471,614,16.4,0.692,1,0,1,0
46600.0,0.45,752,9.0,0.876,0,0,2,0
54800.0,0.255,586,12.8,0.699,1,2,1,0
148400.0,0.257,624,8.1,0.937,1,0,0,0
145600.0,0.491,668,1.9,0.922,0,1,2,0
79600.0,0.319,806,1.6,0.864,1,0,2,0
51500.0,0.358,797,13.8,0.576,1,0,1,1
52100.0,0.415,678,0.2,0.988,1,0,0,0
125200.0,0.22,678,4.7,0.857,1,0,1,0
65500.0,0.653,455,2.5,0.96,1,0,2,1
92500.0,0.292,622,14.6,0.976,1,0,1,0
85900.0,0.132,738,1.1,0.876,1,0,4,0
208400.0,0.098,695,2.8,0.915,1,0,1,0
47300.0,0.748,735,0.6,0.973,1,0,0,1
76300.0,0.257,706,16.7,0.866,1,0,2,0
38200.0,0.67,689,2.5,0.872,1,0,1,0
58400.0,0.443,607,2.8,0.796,1,0,2,0
77800.0,0.26,706,0.4,0.777,1,0,3,0
95800.0,0.388,808,0.6,0.978,0,0,0,0
36200.0,0.423,558,16.2,0.953,0,0,1,0
90600.0,0.271,649,6.2,0.736,0,0,0,0
38500.0,0.179,599,5.7,0.917,1,1,1,0
53100.0,0.378,813,9.3,0.776,1,0,1,0
82300.0,0.309,699,6.0,0.92,0,0,1,0
27400.0,0.406,635,1.8,0.999,1,0,3,0
53300.0,0.366,665,14.7,0.883,1,3,0,0
80600.0,0.201,780,1.7,0.443,1,1,2,0
60600.0,0.423,682,10.3,0.85,1,0,0,0
60500.0,0.457,738,2.0,0.863,1,0,1,0
112500.0,0.224,691,1.8,0.885,1,1,1,0
38000.0,0.219,848,5.2,0.96,1,0,1,0
36000.0,0.237,850,0.9,0.973,1,0,0,0
37500.0,0.1,778,2.8,0.666,1,0,3,0
109100.0,0.191,605,4.2,0.883,1,0,0,0
51300.0,0.204,609,13.3,0.97,0,0,4,0
119400.0,0.07,677,2.9,0.787,1,0,2,0
98900.0,0.666,692,0.3,0.997,1,0,2,1
98900.0,0.321,691,10.2,0.795,1,0,0,0
46500.0,0.404,693,5.7,0.608,0,0,0,0
47800.0,0.294,775,6.8,0.636,1,0,1,0
276200.0,0.618,741,0.6,0.896,0,0,2,0
133500.0,0.359,644,1.2,0.831,1,0,3,0
167200.0,0.358,712,4.8,0.939,1,0,1,0
24800.0,0.247,838,1.4,0.462,1,0,0,0
63100.0,0.12,822,10.2,0.916,1,1,2,0
112700.0,0.15,671,0.1,0.853,1,0,2,0
117300.0,0.403,684,10.2,0.975,1,1,1,0
117700.0,0.413,629,3.7,0.943,0,0,1,0
96100.0,0.422,588,5.3,0.958,1,0,4,0
83500.0,0.111,669,1.3,0.844,1,0,0,0
88700.0,0.456,534,3.0,0.722,1,0,5,0
102900.0,0.169,596,5.1,0.976,1,1,2,0
56600.0,0.444,640,1.0,0.821,1,0,0,0
134400.0,0.195,721,3.0,0.877,0,0,3,0
112900.0,0.183,746,6.8,0.881,0,0,1,0
66000.0,0.223,731,14.0,0.558,0,1,1,1
71300.0,0.273,695,1.8,0.749,1,1,1,0
59300.0,0.293,656,8.5,0.929,1,3,1,0
40500.0,0.655,700,0.8,0.993,1,0,3,0
84000.0,0.468,663,1.3,0.836,1,0,1,0
159400.0,0.587,809,10.0,0.972,1,0,0,0
48100.0,0.189,609,11.9,0.931,1,0,3,0
111100.0,0.208,684,4.7,0.982,1,0,0,0
121700.0,0.192,804,1.1,0.775,1,2,1,1
84300.0,0.204,539,1.2,0.97,1,0,1,0
49000.0,0.802,543,17.6,0.906,1,0,2,0
78100.0,0.326,654,4.9,0.752,1,0,1,0
35800.0,0.235,827,2.2,0.957,1,0,1,0
39800.0,0.177,683,5.3,0.954,1,0,0,0
99200.0,0.295,552,1.9,0.958,1,0,1,1
84100.0,0.505,718,8.1,0.947,1,0,2,1
33700.0,0.108,726,1.1,0.915,1,0,0,0
27700.0,0.515,684,1.9,0.935,1,1,0,1
150900.0,0.409,596,7.6,0.771,1,0,2,0
74200.0,0.446,558,0.3,0.976,1,0,1,0
53100.0,0.52,658,31.7,0.992,1,0,1,0
50800.0,0.108,733,2.4,0.71,1,0,4,0
91100.0,0.116,701,7.2,0.924,1,0,0,1
71900.0,0.766,744,0.5,0.693,1,0,1,1
70000.0,0.307,691,5.0,0.79,1,3,1,1
21600.0,0.365,657,4.6,0.831,1,0,3,0
160500.0,0.244,771,1.8,0.985,1,0,3,0
140100.0,0.508,674,2.6,0.912,1,0,0,0
75100.0,0.499,628,11.3,0.748,1,1,1,0
121900.0,0.289,504,1.6,0.985,1,1,4,1
200500.0,0.269,618,7.0,0.825,1,3,0,0
54300.0,0.563,676,3.6,0.978,1,0,4,0
63600.0,0.408,557,4.3,0.913,1,0,2,0
67700.0,0.534,685,2.8,0.721,1,1,3,0
34600.0,0.446,809,9.2,0.944,1,0,1,0
36600.0,0.418,612,0.0,0.926,1,0,2,0
86600.0,0.302,649,1.2,0.987,0,0,1,0
76500.0,0.333,746,2.7,0.724,1,0,0,0
198800.0,0.151,711,1.4,0.979,1,0,0,0
79200.0,0.215,591,4.7,0.826,1,0,1,0
203000.0,0.648,681,7.0,0.813,1,2,1,0
24700.0,0.454,740,5.3,0.938,1,0,1,0
45200.0,0.294,602,4.1,0.995,0,0,1,0
71400.0,0.412,682,7.1,0.85,0,0,2,0
124000.0,0.278,589,13.1,0.947,0,1,2,0
56100.0,0.451,659,7.0,0.908,1,0,2,0
103600.0,0.203,578,6.6,0.986,1,0,1,1
138300.0,0.548,584,15.6,0.883,1,1,0,1
141800.0,0.08,799,19.1,0.719,1,1,2,0
204700.0,0.202,655,1.4,0.883,1,0,1,0
29200.0,0.216,844,2.4,0.877,1,0,0,0
52900.0,0.538,637,0.1,0.883,1,0,1,0
216800.0,0.151,710,2.6,0.852,1,0,1,0
43300.0,0.362,750,7.7,0.89,0,0,2,0
47600.0,0.241,706,22.3,0.948,1,0,1,0
65500.0,0.175,627,0.1,0.791,1,0,4,0
163000.0,0.204,728,0.7,0.991,1,0,1,0
39100.0,0.141,538,4.5,0.998,0,0,2,0
32700.0,0.276,681,0.7,0.93,1,1,2,0
46700.0,0.364,741,0.3,0.753,1,0,1,0
137400.0,0.56,655,3.5,0.785,1,0,0,0
80800.0,0.34,516,7.6,0.76,1,0,1,1
18000.0,0.391,661,2.5,0.967,1,1,2,0
70400.0,0.558,743,1.4,0.806,1,0,2,0
58500.0,0.537,537,2.5,0.979,1,0,0,1
96700.0,0.287,688,0.8,0.906,1,3,1,0
68600.0,0.579,679,2.6,0.88,1,0,5,1
75100.0,0.368,694,4.1,0.557,1,0,3,0
64500.0,0.174,602,0.5,0.878,1,0,2,0
39300.0,0.502,815,4.8,0.941,1,0,0,1
77000.0,0.412,691,4.3,0.967,1,0,1,0
46800.0,0.211,719,3.2,0.862,1,0,2,0
69500.0,0.283,709,5.8,0.911,1,2,1,0
187500.0,0.4,615,16.3,0.793,0,0,1,0
46100.0,0.188,791,2.4,0.981,1,0,1,0
62000.0,0.281,451,0.9,0.885,1,0,3,0
61600.0,0.546,690,8.1,0.877,1,0,4,0
42800.0,0.351,755,1.7,0.753,1,0,3,0
109200.0,0.149,694,7.7,0.982,1,0,2,0
79500.0,0.147,720,1.9,0.962,1,0,1,0
116900.0,0.718,634,0.7,0.909,1,2,1,1
19600.0,0.5,686,35.0,0.948,1,0,2,0
113800.0,0.184,696,4.5,0.945,1,0,2,0
70600.0,0.325,624,8.2,0.901,0,0,0,0
84000.0,0.246,794,3.0,0.934,1,0,1,0
60500.0,0.51,818,14.3,0.966,1,1,0,1
43800.0,0.319,685,10.5,0.981,1,0,2,0
80800.0,0.095,640,10.6,0.905,0,0,0,0
48000.0,0.296,683,9.6,0.908,1,0,2,0
65800.0,0.454,717,5.2,0.987,0,0,2,0
73800.0,0.635,690,3.9,0.769,1,0,2,0
64400.0,0.244,728,6.3,0.635,1,0,5,0
49800.0,0.335,705,1.9,0.755,1,0,2,0
111100.0,0.341,685,4.6,0.546,0,0,1,0
39400.0,0.237,561,6.8,0.987,1,0,4,0
34800.0,0.593,836,0.6,0.951,1,0,0,0
26600.0,0.231,606,8.5,0.804,1,0,3,0
19700.0,0.362,664,3.8,0.979,1,0,1,0
59800.0,0.657,590,18.0,0.985,1,0,1,0
53900.0,0.217,700,17.9,0.833,1,0,1,0
18000.0,0.329,832,11.1,0.883,1,0,3,0
67900.0,0.492,688,3.3,0.988,1,0,1,0
100300.0,0.344,595,7.6,0.902,1,0,2,0
47900.0,0.205,748,1.5,0.997,1,0,0,0
62900.0,0.199,777,2.0,0.845,1,1,0,0
84400.0,0.362,630,5.2,0.79,1,0,1,0
47500.0,0.218,772,8.1,0.995,1,0,4,0
62100.0,0.453,718,3.4,0.929,1,0,4,0
85000.0,0.358,788,9.3,0.636,1,0,2,0
63200.0,0.723,655,6.1,0.95,1,0,1,0
74900.0,0.594,813,2.3,0.839,0,2,3,1
70900.0,0.183,726,2.0,0.886,0,1,1,0
88200.0,0.172,735,9.3,0.769,1,0,1,0
28300.0,0.373,621,2.1,0.713,0,0,5,0
72700.0,0.369,662,1.4,0.757,1,0,1,0
86000.0,0.316,741,7.8,0.833,0,0,2,0
78700.0,0.059,713,0.4,0.986,1,0,0,0
143400.0,0.303,722,1.4,0.842,1,0,2,0
38500.0,0.623,827,11.3,0.819,1,0,4,0
59000.0,0.452,590,4.7,0.971,0,0,0,0
174900.0,0.425,691,4.7,0.756,1,0,0,0
106500.0,0.32,636,11.7,0.917,1,0,3,0
42500.0,0.493,642,10.0,0.617,1,0,1,0
54600.0,0.498,741,9.2,0.714,1,0,3,0
44200.0,0.463,484,2.6,0.952,1,0,1,0
37200.0,0.543,533,1.3,0.756,1,0,2,1
35000.0,0.404,680,4.7,0.818,1,1,3,0
60200.0,0.289,712,4.9,0.729,0,0,1,0
41000.0,0.238,578,0.3,0.936,1,3,0,0
116900.0,0.547,628,3.3,0.845,1,0,4,0
64500.0,0.536,657,4.6,0.865,1,0,4,0
59000.0,0.453,786,4.0,0.995,1,0,3,0
88800.0,0.293,715,24.4,0.846,1,0,2,0
65100.0,0.474,666,1.4,0.998,1,0,2,0
90100.0,0.096,645,1.0,0.852,1,0,4,0
61100.0,0.445,728,12.8,0.79,1,0,3,0
42700.0,0.261,603,16.5,0.791,0,0,2,0
42000.0,0.597,673,11.8,0.823,1,0,2,0
18600.0,0.754,688,13.8,0.546,1,0,1,1
87700.0,0.34,665,4.1,0.89,1,0,0,0
27500.0,0.342,708,13.1,0.91,1,0,3,0
47100.0,0.169,629,4.1,0.95,1,0,1,0
82600.0,0.311,777,2.9,0.73,0,0,2,0
28100.0,0.613,793,1.2,0.947,1,0,0,0
77000.0,0.346,850,8.7,0.732,0,1,0,0
42100.0,0.499,809,5.4,0.814,0,0,4,0
88100.0,0.32,719,2.7,0.829,1,1,0,0
73200.0,0.753,705,0.2,0.888,1,0,1,0
40400.0,0.34,789,6.7,0.932,1,1,1,0
138900.0,0.273,721,7.3,0.894,1,0,2,0
171500.0,0.419,517,0.5,0.903,1,0,1,0
43500.0,0.237,703,5.1,0.96,1,0,1,0
68500.0,0.168,634,2.9,0.892,1,0,0,0
80700.0,0.22,579,6.4,0.764,0,0,3,0
149500.0,0.397,770,2.6,0.908,1,0,1,0
26300.0,0.271,576,7.8,0.705,1,3,3,1
97700.0,0.67,659,0.8,0.981,1,0,0,0
42600.0,0.098,731,1.9,0.933,1,1,2,0
53600.0,0.53,664,6.4,0.862,1,0,2,1
74200.0,0.615,584,10.0,0.783,1,0,3,1
90500.0,0.315,635,8.7,0.954,1,0,0,0
109900.0,0.193,681,3.6,0.956,1,0,3,0
38100.0,0.368,541,2.2,0.882,0,0,1,1
84900.0,0.544,606,3.3,0.919,1,1,1,0
102400.0,0.246,675,3.5,0.984,0,0,0,0
40200.0,0.121,657,0.7,0.81,1,0,1,0
44700.0,0.401,646,1.4,0.942,0,0,0,0
58600.0,0.27,651,1.5,0.973,1,0,2,0
40500.0,0.346,815,1.9,0.524,0,0,1,0
56800.0,0.401,708,4.2,0.98,1,0,4,0
65800.0,0.457,620,1.7,0.747,1,0,1,0
81300.0,0.127,682,12.8,0.899,1,0,0,0
118500.0,0.143,666,14.8,0.982,1,0,2,0
42900.0,0.245,647,25.8,0.914,0,0,3,0
53700.0,0.231,668,1.1,0.948,0,0,2,0
92900.0,0.437,708,7.7,0.834,1,0,2,0
222200.0,0.085,637,12.8,0.73,1,0,3,0
65400.0,0.373,613,0.4,0.886,1,0,1,0
80400.0,0.12,606,10.4,0.656,0,0,4,0
75000.0,0.162,582,5.3,0.992,1,1,1,0
58500.0,0.417,676,2.2,0.901,0,1,0,0
49100.0,0.54,672,5.3,0.649,1,0,4,1
99500.0,0.584,707,4.6,0.952,0,0,4,0
239900.0,0.556,618,8.5,0.831,0,1,2,0
112400.0,0.271,672,1.3,0.95,1,0,1,0
68300.0,0.209,791,1.4,0.935,1,0,1,0
56700.0,0.194,701,0.5,0.885,1,0,2,0
80600.0,0.28,584,5.3,0.886,0,0,1,0
69900.0,0.484,657,7.8,0.937,1,0,1,1
59300.0,0.201,677,4.1,0.761,1,0,1,0
41100.0,0.615,671,4.8,0.907,1,1,2,0
85500.0,0.794,615,2.1,0.784,1,0,0,0
174100.0,0.664,671,3.6,0.844,1,0,1,1
79500.0,0.531,693,12.0,0.975,1,0,2,1
37400.0,0.352,720,11.8,0.621,1,0,1,0
47700.0,0.394,843,10.6,0.87,1,0,1,0
224500.0,0.289,728,0.8,0.817,1,0,2,0
41900.0,0.593,709,21.7,0.943,1,0,1,0
128700.0,0.516,636,0.5,0.816,1,0,2,0
42000.0,0.171,747,21.0,0.847,1,0,1,0
47600.0,0.058,621,7.0,0.919,1,1,0,0
131600.0,0.57,660,13.7,0.821,1,0,1,0
84200.0,0.34,780,7.6,0.919,1,0,2,1
66900.0,0.363,562,9.2,0.973,1,1,3,1
47400.0,0.383,661,14.6,0.731,1,0,2,0
133700.0,0.451,616,15.3,0.843,1,0,4,0
46800.0,0.247,692,1.8,0.919,1,0,2,0
36500.0,0.543,613,35.0,0.739,1,0,1,0
88500.0,0.506,638,5.2,0.826,1,0,1,1
46500.0,0.143,707,14.5,0.894,1,0,2,0
57600.0,0.316,732,2.2,0.861,1,0,0,0
151700.0,0.173,741,2.8,0.758,1,0,2,0
26000.0,0.499,733,1.7,0.939,1,0,2,0
61800.0,0.444,589,13.2,0.983,1,0,2,0
87600.0,0.482,725,6.7,0.98,1,0,4,0
64500.0,0.654,671,0.3,0.891,1,0,3,0
31300.0,0.198,736,2.3,0.803,1,0,3,0
43800.0,0.263,570,0.7,0.877,0,0,2,0
105500.0,0.357,608,3.0,0.981,1,0,2,0
88600.0,0.757,622,12.0,0.811,1,0,2,1
42300.0,0.591,845,3.3,0.983,1,0,1,1
196900.0,0.514,721,0.3,0.964,1,0,1,0
74800.0,0.352,629,2.4,0.819,1,1,2,0
123500.0,0.05,652,7.6,0.812,1,0,1,0
50600.0,0.509,591,3.9,0.932,0,0,1,1
183200.0,0.168,633,8.1,0.995,1,0,2,0
40600.0,0.255,686,8.2,0.901,0,0,3,0
124900.0,0.296,645,9.9,0.858,1,0,1,0
22400.0,0.422,696,9.6,0.859,1,0,0,0
140900.0,0.578,674,6.7,0.76,1,0,2,1
78100.0,0.171,641,5.3,0.887,1,0,1,0
59700.0,0.142,520,0.5,0.906,1,0,0,0
56900.0,0.297,651,1.3,0.898,0,0,0,0
68600.0,0.473,618,11.7,0.96,0,0,5,0
23600.0,0.522,665,10.8,0.68,1,0,0,0
51500.0,0.696,790,4.6,0.885,1,0,0,1
113900.0,0.115,734,9.8,1.0,1,0,3,0
131500.0,0.433,634,2.0,0.869,1,1,3,0
37200.0,0.259,639,0.1,0.949,1,0,2,0
139200.0,0.394,677,2.9,0.722,1,3,4,1
29900.0,0.402,636,11.4,0.98,0,0,4,0
90900.0,0.113,768,0.3,0.496,1,0,1,0
77600.0,0.338,758,0.7,0.881,1,1,1,0
50200.0,0.329,598,2.7,0.978,1,0,1,0
159100.0,0.114,795,2.6,0.631,1,0,2,0
56400.0,0.261,743,4.5,0.729,1,0,2,0
153400.0,0.389,662,4.4,0.471,1,0,1,0
73800.0,0.311,730,0.2,0.908,0,0,4,0
53100.0,0.301,649,4.7,0.955,1,0,1,0
118700.0,0.485,644,0.7,0.75,1,0,0,1
37400.0,0.257,608,7.3,0.95,1,0,1,0
94000.0,0.487,831,17.1,0.992,1,0,2,0
115000.0,0.28,582,33.6,0.828,1,0,1,0
39400.0,0.235,631,3.5,0.828,1,0,3,0
81300.0,0.595,712,6.3,0.886,1,0,2,0
101800.0,0.444,546,4.6,0.809,1,0,2,0
112600.0,0.555,575,1.2,0.887,1,1,2,1
81100.0,0.289,643,3.9,0.96,1,1,2,0
108500.0,0.619,533,17.2,0.863,0,0,2,1
105100.0,0.365,713,4.4,0.858,1,2,1,1
58700.0,0.134,813,9.7,0.878,0,0,0,0
50300.0,0.36,850,5.2,0.961,1,0,5,0
71000.0,0.374,752,4.0,0.622,1,3,0,1
67800.0,0.733,716,0.4,0.875,1,0,2,0
67100.0,0.353,820,17.1,0.828,1,0,4,0
121500.0,0.112,681,0.9,0.814,1,0,0,0
55300.0,0.219,829,7.8,0.716,1,0,0,0
42100.0,0.325,746,2.1,0.875,1,0,4,0
137100.0,0.531,716,2.2,0.971,1,1,2,0
98400.0,0.472,690,4.3,0.74,1,1,3,0
56400.0,0.456,661,3.8,0.587,0,0,1,0
30800.0,0.285,726,0.5,0.831,1,0,0,0
128100.0,0.326,739,1.1,0.895,1,0,3,0
45600.0,0.419,646,15.6,0.963,1,0,0,0
36800.0,0.688,656,3.3,0.445,1,1,2,1
168000.0,0.2,660,2.9,0.593,1,0,0,0
114100.0,0.348,730,4.3,0.633,1,0,0,0
66100.0,0.182,724,1.6,0.731,1,0,2,0
75200.0,0.288,600,0.6,0.794,1,0,1,0
80900.0,0.318,762,13.6,0.916,0,0,1,0
57100.0,0.387,689,0.9,0.914,1,1,0,0
105300.0,0.228,850,6.0,0.821,1,1,0,0
149400.0,0.554,589,7.2,0.96,1,0,0,1
113500.0,0.568,762,0.1,0.997,1,0,1,0
62200.0,0.493,694,8.0,0.725,0,0,0,0
71500.0,0.181,743,24.6,0.97,1,0,2,0
42600.0,0.608,613,11.3,0.806,1,0,0,1
93500.0,0.501,623,3.0,0.825,1,0,2,0
24500.0,0.274,657,0.1,0.869,1,0,2,0
69600.0,0.099,582,14.4,0.827,0,0,4,0
40200.0,0.243,682,10.7,0.781,1,0,2,0
44000.0,0.257,657,16.8,0.993,1,0,3,0
66900.0,0.32,762,24.9,0.887,1,0,3,0
49900.0,0.353,703,1.6,0.99,1,0,0,0
53900.0,0.442,680,1.9,0.851,1,1,1,0
24400.0,0.661,586,2.9,0.965,1,0,1,0
59100.0,0.527,670,0.5,0.984,1,0,3,0
297600.0,0.188,729,19.8,0.696,1,0,0,0
101800.0,0.254,837,8.2,0.738,1,1,0,0
73200.0,0.224,642,0.3,0.982,0,0,2,0
59600.0,0.383,641,6.9,0.916,0,0,2,0
28600.0,0.388,779,0.9,0.993,1,0,1,0
75800.0,0.185,722,9.2,0.91,1,0,0,0
93200.0,0.177,602,6.5,0.948,0,0,2,0
128200.0,0.21,652,4.9,0.966,1,0,0,0
32100.0,0.21,665,2.4,0.943,0,1,1,0
119100.0,0.668,705,7.2,0.935,0,1,0,1
106900.0,0.82,687,2.0,0.915,1,2,2,1
18200.0,0.383,756,0.1,0.796,1,0,4,0
30100.0,0.408,788,14.8,0.911,1,0,2,0
31300.0,0.568,635,0.7,0.78,0,0,1,1
122500.0,0.248,526,9.1,0.893,1,0,2,1
64100.0,0.336,700,2.8,0.671,1,0,3,0
64100.0,0.15,791,3.6,0.855,0,0,1,0
145200.0,0.523,631,1.8,0.976,1,0,0,1
49900.0,0.655,701,0.9,0.939,1,0,0,0
73500.0,0.577,542,0.3,0.935,1,0,3,1
32800.0,0.39,700,0.1,0.923,0,0,1,0
97900.0,0.134,710,5.2,0.599,0,0,0,0
73100.0,0.628,664,13.6,0.9,0,0,2,0
85900.0,0.454,850,1.5,0.834,1,0,1,0
101900.0,0.196,628,0.5,0.862,1,0,2,0
75200.0,0.208,592,4.5,0.915,1,0,1,0
50100.0,0.292,770,4.1,0.662,0,0,0,0
154000.0,0.541,624,7.9,0.904,0,0,1,0
144200.0,0.218,818,1.3,0.908,1,1,1,0
75300.0,0.425,659,11.9,0.972,0,0,2,0
57000.0,0.466,689,0.4,0.984,1,0,3,0
152600.0,0.163,654,4.4,0.942,1,0,2,0
86100.0,0.077,595,6.2,0.606,0,0,1,0
94700.0,0.189,624,1.6,0.885,1,0,0,0
101400.0,0.27,622,0.3,0.819,0,0,1,0
63000.0,0.189,703,0.6,0.839,1,0,3,0
32500.0,0.085,689,12.7,0.642,1,1,1,0
27000.0,0.471,694,0.0,0.935,1,1,1,0
42300.0,0.371,578,1.9,0.996,0,0,3,1
107700.0,0.553,597,23.3,0.989,1,0,1,0
95900.0,0.597,723,2.9,0.971,1,0,4,0
93100.0,0.302,641,0.8,0.903,1,0,4,0
42700.0,0.24,754,0.4,0.828,0,1,0,0
145300.0,0.204,679,16.6,0.959,1,0,2,0
265400.0,0.391,563,12.7,0.787,1,0,0,1
30700.0,0.479,602,0.5,0.949,1,0,1,0
55400.0,0.507,814,5.3,0.861,0,3,1,1
39800.0,0.202,746,5.8,0.98,1,0,3,0
50000.0,0.05,584,7.2,0.876,0,0,0,0
43300.0,0.61,745,0.9,0.822,1,0,0,1
21400.0,0.38,668,1.2,0.567,1,0,1,0
169100.0,0.659,775,16.8,0.916,1,0,2,0
75100.0,0.05,688,6.0,0.586,1,0,0,0
69300.0,0.401,614,2.6,0.973,0,0,2,0
82700.0,0.491,734,11.5,0.898,0,0,2,0
18000.0,0.566,550,4.5,0.684,1,0,0,1
51000.0,0.34,716,0.7,0.862,0,0,2,0
62100.0,0.504,645,8.6,0.872,1,0,1,0
128700.0,0.241,656,11.1,0.974,0,0,2,0
70100.0,0.184,582,0.3,0.731,1,0,2,0
167300.0,0.534,687,0.7,0.944,0,0,1,0
155600.0,0.398,656,1.5,0.871,1,0,3,0
36900.0,0.155,701,0.9,0.949,1,0,0,0
56800.0,0.775,641,7.4,0.919,1,0,2,1
82800.0,0.06,611,0.6,0.975,1,1,1,0
41000.0,0.603,822,0.6,0.62,1,0,1,0
46800.0,0.563,780,33.5,0.965,1,0,0,0
62700.0,0.59,676,4.7,0.864,1,0,3,1
61100.0,0.266,739,2.9,0.852,0,0,1,1
42100.0,0.201,573,2.5,0.522,1,0,0,0
52500.0,0.344,811,3.7,0.53,1,0,2,0
80200.0,0.33,723,1.8,0.748,1,0,4,0
63600.0,0.218,756,15.9,0.824,1,0,0,0
38000.0,0.345,660,16.4,0.893,1,1,1,1
161500.0,0.169,736,20.0,0.918,1,0,0,0
342000.0,0.098,631,14.7,0.929,1,2,1,1
114500.0,0.328,782,16.2,0.881,1,0,4,0
66500.0,0.145,715,3.5,0.972,1,0,1,0
52900.0,0.267,607,2.0,0.985,0,0,0,0
62800.0,0.322,552,2.6,0.723,1,0,1,0
65700.0,0.326,640,8.6,0.664,1,0,1,0
63900.0,0.207,668,0.9,0.986,1,0,3,0
78800.0,0.158,752,0.0,0.722,1,0,0,0
91600.0,0.438,687,7.4,0.704,1,0,2,0
172400.0,0.538,505,4.3,0.827,0,0,2,1
92400.0,0.352,733,8.1,0.954,1,0,0,0
49700.0,0.147,813,6.0,0.924,1,0,2,0
41200.0,0.156,773,1.0,0.918,1,0,2,0
75400.0,0.259,634,6.3,0.911,1,0,2,0
62500.0,0.18,618,22.1,0.995,1,0,1,0
148700.0,0.382,732,5.3,0.84,0,0,0,0
97600.0,0.235,741,1.4,0.956,1,0,0,0
41200.0,0.326,682,1.2,0.767,1,0,3,0
58400.0,0.277,551,1.2,0.715,1,0,3,1
44100.0,0.228,671,7.3,0.95,1,0,1,0
176200.0,0.063,690,10.1,0.822,1,3,1,0
43400.0,0.25,609,1.0,0.852,1,0,0,0
33200.0,0.467,783,23.8,0.953,1,0,1,0
50800.0,0.085,668,6.5,0.608,1,0,0,0
32500.0,0.273,656,2.8,0.975,1,0,2,0
32800.0,0.31,803,2.1,0.709,1,0,0,0
86400.0,0.256,639,8.3,0.985,1,2,3,0
68800.0,0.293,609,4.4,0.966,1,1,0,0
232500.0,0.513,644,2.6,0.946,1,0,3,1
225200.0,0.123,731,0.8,0.949,1,0,0,0
75200.0,0.452,664,5.6,0.875,1,1,3,0
104000.0,0.364,524,4.0,0.861,1,1,1,0
59900.0,0.443,746,7.6,0.64,0,0,0,0
116800.0,0.529,808,24.5,0.972,1,0,3,0
67200.0,0.407,642,3.6,0.867,1,0,4,0
53700.0,0.351,755,21.4,0.442,0,0,0,0
46900.0,0.496,818,0.3,0.922,1,0,3,1
60800.0,0.298,576,5.2,0.765,1,0,2,1
67900.0,0.286,598,10.5,0.548,1,0,1,0
117100.0,0.441,716,1.4,0.948,1,0,1,1
67900.0,0.149,637,4.4,0.745,1,0,1,0
34800.0,0.298,699,10.2,0.872,1,0,1,0
147100.0,0.218,650,4.1,0.984,1,0,2,0
69600.0,0.316,723,5.3,0.97,1,0,2,0
112500.0,0.52,674,0.4,0.697,1,0,0,0
21300.0,0.357,773,12.2,0.777,0,1,3,0
33900.0,0.368,847,0.0,0.764,1,0,2,0
18000.0,0.05,672,4.3,0.722,1,1,3,0
44800.0,0.4,850,3.9,0.734,1,0,1,0
105300.0,0.292,817,0.5,0.859,1,0,1,0
74500.0,0.365,727,1.6,0.885,1,1,3,0
73200.0,0.463,723,7.8,0.829,0,0,3,1
161100.0,0.201,699,13.6,0.967,1,0,1,0
80800.0,0.735,555,1.1,1.0,1,0,2,1
66900.0,0.477,700,19.2,0.952,1,0,2,0
30300.0,0.283,750,1.2,0.953,1,0,3,0
116400.0,0.475,648,5.7,0.959,0,0,3,0
245700.0,0.195,572,6.3,0.754,1,0,1,1
22600.0,0.172,749,6.7,0.96,1,1,0,0
76400.0,0.502,825,8.5,0.418,1,0,0,0
50800.0,0.142,748,4.9,0.998,1,0,1,0
31400.0,0.404,680,0.2,0.863,1,1,2,0
43300.0,0.444,689,4.5,0.912,1,0,1,0
48600.0,0.484,657,10.7,0.915,1,0,2,0
50300.0,0.28,736,5.2,0.686,1,0,2,0
47400.0,0.734,775,1.0,0.965,0,1,0,1
67500.0,0.193,725,1.4,0.572,1,0,0,0
44100.0,0.479,677,4.1,0.909,1,0,1,0
99800.0,0.147,741,0.8,0.867,1,0,1,1
42700.0,0.256,686,0.8,0.878,1,0,1,0
61800.0,0.078,773,5.1,0.905,1,0,0,0
228900.0,0.081,580,18.3,0.871,1,1,3,0
49200.0,0.37,737,1.7,0.769,1,3,0,0
37900.0,0.47,621,3.8,0.917,1,0,4,0
32700.0,0.264,750,2.3,0.967,1,0,0,0
32300.0,0.207,753,8.0,0.849,1,0,3,0
38300.0,0.195,735,4.6,0.959,0,0,2,0
39100.0,0.098,778,5.5,0.91,0,3,3,0
124000.0,0.428,777,4.6,0.779,1,0,1,0
18000.0,0.448,671,10.0,0.843,0,0,2,0
42200.0,0.632,745,1.2,0.952,0,0,0,1
148700.0,0.622,548,11.4,0.962,1,0,2,0
40000.0,0.53,676,0.8,0.786,1,0,1,0
75800.0,0.497,620,5.6,0.65,1,0,2,1
96300.0,0.301,621,4.1,0.976,0,0,6,0
18000.0,0.541,628,3.0,0.828,1,1,0,1
184000.0,0.119,724,4.5,0.988,0,3,0,1
18000.0,0.273,713,1.8,0.964,1,0,4,0
22900.0,0.607,651,3.1,0.825,1,0,0,0
52100.0,0.05,553,0.2,0.952,1,0,1,0
60100.0,0.327,733,35.0,0.95,1,1,0,0
123700.0,0.25,585,0.6,0.878,1,0,2,0
109400.0,0.598,651,10.6,0.983,1,1,0,0
44300.0,0.525,590,2.6,0.883,1,0,0,1
99600.0,0.589,704,8.0,0.75,1,0,2,1
141700.0,0.844,527,2.5,0.929,1,0,2,1
139700.0,0.363,748,17.7,0.84,0,0,0,0
76200.0,0.435,664,1.0,0.921,0,0,1,0
54100.0,0.376,732,2.6,0.867,0,1,1,0
63800.0,0.302,606,23.2,0.905,1,0,1,0
276600.0,0.385,776,1.1,0.975,1,0,1,0
64400.0,0.483,659,4.8,0.795,1,0,1,0
48700.0,0.419,527,0.2,0.76,0,0,1,0
54000.0,0.196,517,13.0,0.981,1,0,1,1
115700.0,0.142,811,1.8,0.909,0,1,4,0
79400.0,0.43,721,3.2,0.801,1,0,2,0
129400.0,0.184,751,3.0,0.909,1,0,2,0
45100.0,0.488,671,1.6,0.894,1,0,0,0
28000.0,0.291,713,7.2,0.706,1,0,1,1
107900.0,0.342,767,4.8,0.819,0,0,2,0
76900.0,0.312,689,1.6,0.914,0,0,0,0
41800.0,0.577,754,14.1,0.915,1,0,1,1
139100.0,0.506,612,3.2,0.956,1,0,1,0
99600.0,0.434,812,3.9,0.974,1,0,2,0
31500.0,0.284,811,3.8,0.872,1,0,0,0
59000.0,0.46,608,0.4,0.841,1,0,0,0
45000.0,0.522,606,0.5,0.89,1,0,2,0
90000.0,0.132,830,10.1,0.905,0,0,0,0
53800.0,0.318,715,9.7,0.738,1,0,1,0
42100.0,0.675,690,8.1,0.803,1,0,2,1
79800.0,0.447,573,9.9,0.921,1,1,2,1
149100.0,0.283,662,1.8,0.912,1,0,1,0
68300.0,0.071,757,16.9,0.841,1,0,2,0
72800.0,0.436,585,0.3,0.89,1,0,1,0
39300.0,0.498,715,4.7,0.909,1,0,0,0
43800.0,0.19,692,4.9,0.803,1,0,2,0
95400.0,0.271,665,3.5,0.887,0,0,1,0
69600.0,0.25,785,7.5,0.787,1,0,2,0
100500.0,0.39,616,2.3,0.933,1,1,3,0
30100.0,0.601,677,2.5,0.82,1,0,1,0
134400.0,0.375,686,0.5,0.894,1,0,1,0
87000.0,0.245,704,31.3,0.998,1,0,3,0
141600.0,0.436,799,6.1,0.895,1,0,1,1
65100.0,0.214,621,4.6,0.92,1,0,2,0
105400.0,0.308,741,0.5,0.902,1,1,0,0
137400.0,0.393,736,2.0,0.968,1,0,1,0
187700.0,0.195,752,4.9,0.776,1,0,2,0
165400.0,0.616,700,7.8,0.944,1,0,2,0
92300.0,0.545,613,5.1,0.492,1,0,3,0
75000.0,0.307,755,19.9,0.485,0,0,1,1
41000.0,0.375,656,1.8,0.879,1,0,1,0
31800.0,0.177,779,10.8,0.881,1,0,2,0
19700.0,0.189,601,7.5,0.908,1,0,2,0
39100.0,0.799,817,0.4,0.918,1,0,6,0
60500.0,0.306,788,2.6,0.877,1,0,0,0
22000.0,0.58,648,35.0,0.968,1,1,1,0
37000.0,0.54,636,0.9,0.94,0,1,0,1
84000.0,0.485,655,0.9,0.899,1,0,3,0
45100.0,0.369,687,5.2,0.737,1,1,0,0
86400.0,0.807,703,8.7,0.718,1,0,1,1
76100.0,0.284,723,0.2,0.991,1,1,3,0
77500.0,0.373,691,1.8,0.93,1,0,0,0
78300.0,0.389,620,3.7,0.623,0,0,1,1
76200.0,0.146,676,6.9,0.981,0,0,1,0
74000.0,0.338,668,2.3,0.981,1,0,0,0
42100.0,0.676,850,4.5,0.852,1,0,2,1
67200.0,0.498,579,3.2,0.829,1,1,5,1
125200.0,0.606,845,4.4,0.545,0,0,0,1
74800.0,0.079,628,6.8,0.982,0,0,1,0
113000.0,0.105,591,7.1,0.985,1,1,2,0
139600.0,0.532,660,1.3,0.809,1,0,0,1
80200.0,0.261,785,2.8,0.995,1,0,1,0
103300.0,0.319,773,2.0,0.947,0,1,2,0
79000.0,0.052,708,2.6,0.935,1,0,1,0
59900.0,0.338,705,2.6,0.895,1,1,1,0
92100.0,0.204,751,0.3,0.934,1,0,2,0
81900.0,0.442,711,10.6,0.91,1,0,4,0
86500.0,0.33,705,3.2,0.809,1,0,3,0
29300.0,0.271,576,13.8,0.939,1,0,0,1
40700.0,0.387,573,6.4,0.829,1,0,0,1
34400.0,0.5,667,15.2,0.796,1,0,2,0
89100.0,0.527,554,15.7,0.9,1,1,4,1
105100.0,0.166,611,0.2,0.901,1,0,2,0
94600.0,0.397,716,3.6,0.808,1,0,2,0
54400.0,0.21,735,1.6,0.879,1,0,2,0
105000.0,0.471,681,2.4,0.867,1,0,0,0
46900.0,0.432,667,1.1,0.886,1,0,1,0
74100.0,0.626,726,0.2,0.911,1,1,1,0
92300.0,0.648,634,2.7,0.805,1,0,2,0
72400.0,0.103,578,8.5,0.719,1,0,5,1
97100.0,0.307,670,15.1,0.945,1,0,0,0
61800.0,0.306,653,4.7,0.96,1,0,0,0
97900.0,0.327,601,0.7,0.933,1,0,1,0
43700.0,0.354,790,3.4,0.896,1,0,6,1
42800.0,0.233,705,7.4,0.806,1,0,1,0
67300.0,0.338,579,3.6,0.855,0,0,2,1
32700.0,0.634,701,1.5,0.914,1,3,2,1
150700.0,0.622,654,8.2,0.968,1,0,2,0
75100.0,0.481,760,9.6,0.964,1,2,0,1
89800.0,0.054,804,8.3,0.888,0,0,2,0
57300.0,0.561,547,4.9,0.973,0,0,1,1
87700.0,0.171,683,6.0,0.957,1,0,1,0
96400.0,0.331,609,6.6,0.882,0,0,2,0
63900.0,0.404,510,15.3,0.983,0,2,2,1
48500.0,0.206,809,1.0,0.675,1,0,1,0
35400.0,0.26,674,5.0,0.994,1,0,2,0
116900.0,0.85,715,4.1,0.971,0,0,2,1
28200.0,0.395,625,1.5,0.933,1,0,1,0
55900.0,0.255,687,29.3,0.962,1,0,1,0
38600.0,0.749,687,9.5,0.959,1,0,0,0
53600.0,0.202,636,2.0,0.921,1,1,0,0
63700.0,0.297,685,9.5,0.979,0,0,0,0
65600.0,0.561,850,1.7,0.881,1,0,0,0
70300.0,0.54,613,2.0,0.761,0,0,5,0
42400.0,0.289,663,13.2,0.861,1,0,1,0
95500.0,0.075,803,14.0,0.739,1,0,2,0
34600.0,0.097,674,10.1,0.759,1,0,0,0
43400.0,0.217,527,31.7,0.755,1,0,2,0
63100.0,0.489,665,0.7,0.901,1,1,1,1
224900.0,0.626,509,4.6,0.986,1,0,5,1
86600.0,0.132,640,3.7,0.84,0,0,2,0
27300.0,0.452,719,5.5,0.829,1,0,0,0
81500.0,0.256,627,5.7,0.89,0,0,3,0
63700.0,0.258,719,6.0,0.811,0,0,0,0
52900.0,0.343,644,2.2,0.787,0,0,2,0
48900.0,0.26,767,0.3,0.987,0,0,1,0
74000.0,0.676,720,2.5,0.919,0,0,1,0
58000.0,0.548,655,7.6,0.76,1,0,2,0
93700.0,0.395,599,2.8,0.8,1,0,1,0
32300.0,0.307,615,4.5,0.96,1,0,4,0
34100.0,0.226,703,25.8,0.92,1,0,1,0
73900.0,0.255,699,7.8,0.884,1,0,1,0
76900.0,0.221,731,15.3,0.96,1,0,0,1
107400.0,0.319,713,2.9,0.86,0,0,2,1
40800.0,0.062,751,4.9,0.988,1,0,2,0
41100.0,0.27,615,1.5,0.856,1,0,1,0
29600.0,0.18,678,3.2,0.7,1,0,1,0
69500.0,0.088,706,1.6,0.861,1,0,0,0
35000.0,0.353,632,4.7,0.862,1,0,0,0
91500.0,0.354,524,5.3,0.853,1,0,1,1
115500.0,0.05,686,1.2,0.676,1,0,1,0
152600.0,0.544,630,12.0,0.714,1,0,1,1
36300.0,0.303,535,1.3,0.889,1,0,2,1
95000.0,0.066,602,3.4,0.842,0,0,0,0
217100.0,0.46,639,1.1,0.706,1,0,2,0
54000.0,0.232,630,1.2,0.803,0,0,2,0
87900.0,0.178,704,4.0,0.94,1,0,1,0
47300.0,0.159,672,5.6,0.99,1,0,1,0
39300.0,0.219,637,0.5,0.961,0,2,1,0
55900.0,0.362,754,0.8,0.93,1,0,1,0
67900.0,0.46,772,2.5,0.973,0,0,0,0
75500.0,0.264,751,0.5,0.852,1,0,1,0
79800.0,0.3,653,7.1,0.882,1,0,2,0
121900.0,0.164,677,14.0,0.788,1,0,0,0
69400.0,0.147,754,7.4,0.8,1,0,2,0
41200.0,0.377,720,5.4,0.808,1,0,3,0
70000.0,0.321,623,17.5,0.966,1,0,1,0
40000.0,0.46,661,2.9,0.955,1,0,1,0
300200.0,0.329,692,0.1,0.571,1,0,5,0
37300.0,0.345,720,0.5,0.955,1,0,3,0
136300.0,0.11,714,14.5,0.446,1,0,1,0
88300.0,0.245,602,21.3,0.791,0,0,0,0
60400.0,0.121,657,0.4,0.887,0,1,0,0
152200.0,0.073,810,15.1,0.93,1,0,0,0
49800.0,0.167,692,1.1,0.992,1,0,2,0
43500.0,0.216,694,2.7,0.933,1,0,1,0
45400.0,0.569,704,8.4,0.89,1,0,0,0
121100.0,0.116,630,3.0,0.971,1,0,0,0
65900.0,0.409,779,9.0,0.878,1,2,5,1
147200.0,0.207,681,6.8,0.752,1,2,2,1
71500.0,0.397,644,16.1,0.818,1,0,0,0
163500.0,0.432,683,3.5,0.805,0,0,1,0
60400.0,0.32,850,4.3,0.936,1,0,3,0
100900.0,0.486,421,8.8,0.868,1,1,2,0
48800.0,0.381,768,21.4,0.63,1,0,1,0
46900.0,0.411,604,2.7,0.674,1,0,0,0
95900.0,0.264,850,16.6,0.83,1,0,1,0
90100.0,0.34,617,7.0,0.8,1,0,0,0
83800.0,0.248,690,14.0,0.552,0,0,1,0
49600.0,0.411,722,1.9,0.99,1,0,2,0
95900.0,0.474,670,7.6,0.707,1,0,2,0
66500.0,0.194,721,3.3,0.605,1,0,3,0
51900.0,0.173,683,3.2,0.611,1,0,0,0
79700.0,0.262,634,1.1,0.975,1,1,2,0
57000.0,0.233,664,2.0,0.999,1,0,1,0
86300.0,0.388,598,9.6,0.6,1,1,2,0
39300.0,0.244,608,5.9,0.867,1,0,1,0
54800.0,0.655,729,1.7,0.894,1,0,2,0
83200.0,0.347,673,10.0,0.765,1,0,1,0
31600.0,0.283,708,18.0,0.922,1,0,1,0
70900.0,0.221,688,3.3,0.897,1,0,1,0
30100.0,0.534,615,19.5,0.772,1,0,2,0
89000.0,0.643,602,1.4,0.947,1,2,0,1
92000.0,0.34,773,0.3,0.738,1,0,2,0
22700.0,0.321,754,0.3,0.991,1,0,0,0
55200.0,0.206,716,6.2,0.744,1,1,1,0
41300.0,0.308,642,7.0,0.752,0,0,1,0
111500.0,0.653,657,5.9,0.938,1,1,3,0
24900.0,0.546,823,10.9,0.603,1,0,1,1
22900.0,0.27,836,6.8,0.486,1,0,1,0
133000.0,0.622,768,8.4,0.959,1,0,2,0
80600.0,0.05,766,4.8,0.927,1,0,0,0
109500.0,0.214,847,1.6,0.936,0,0,3,0
78500.0,0.398,711,0.9,0.956,1,0,3,0
137900.0,0.548,682,18.9,0.971,1,0,1,0
29300.0,0.737,663,1.8,0.769,1,0,4,1
29600.0,0.213,707,1.8,0.789,1,0,4,0
88000.0,0.509,638,14.6,0.714,0,1,1,0
51500.0,0.593,648,14.4,0.82,1,0,1,1
82300.0,0.279,612,3.9,0.753,1,0,1,0
82800.0,0.665,770,34.1,0.87,1,0,2,0
147900.0,0.295,672,1.2,0.466,0,0,2,0
92500.0,0.214,715,3.5,0.736,0,2,2,0
65200.0,0.387,752,1.0,0.968,1,0,2,0
104300.0,0.354,626,3.6,0.891,1,0,2,0
39200.0,0.208,785,31.9,0.951,1,0,0,0
20600.0,0.647,669,2.5,0.895,1,0,0,0
65500.0,0.205,580,3.6,0.829,1,2,1,1
218000.0,0.132,607,25.4,0.822,1,0,0,0
95300.0,0.554,603,1.3,0.98,1,0,4,1
29700.0,0.101,850,7.0,0.965,1,0,1,0
69800.0,0.084,668,4.9,0.901,1,0,0,0
228700.0,0.723,709,11.1,0.965,0,0,3,1
63500.0,0.144,612,4.1,0.814,1,0,0,0
58500.0,0.786,788,4.4,0.753,1,0,1,0
37500.0,0.169,657,3.1,0.801,1,0,0,0
58000.0,0.23,593,7.2,0.769,1,0,0,0
31300.0,0.345,599,6.4,0.87,1,0,1,0
49700.0,0.256,799,10.4,0.958,0,0,2,0
209200.0,0.275,561,3.6,0.846,0,0,1,1
32100.0,0.296,756,1.5,0.795,1,1,2,0
86400.0,0.672,611,3.2,0.935,1,0,1,0
200000.0,0.183,607,13.0,0.851,1,0,1,0
81100.0,0.458,691,6.8,0.919,1,0,1,0
126400.0,0.443,605,10.1,0.848,1,0,2,0
43800.0,0.27,714,6.3,0.581,1,0,1,0
40900.0,0.302,604,10.1,0.902,1,0,3,0
69600.0,0.383,766,4.5,0.868,0,0,1,0
43700.0,0.085,788,0.6,0.717,1,0,1,0
47600.0,0.351,665,4.4,0.914,1,1,1,0
79500.0,0.42,790,32.1,0.916,1,0,3,0
138800.0,0.436,603,0.6,0.938,1,1,2,0
61600.0,0.53,623,14.0,0.851,1,0,0,0
98900.0,0.728,714,2.7,0.883,1,0,0,0
188900.0,0.279,722,0.6,0.911,1,0,2,0
19200.0,0.503,597,4.6,0.617,1,0,3,0
86800.0,0.262,686,18.9,0.772,1,2,1,0
25400.0,0.486,673,4.6,0.895,1,0,1,0
49500.0,0.477,716,3.4,0.918,0,0,0,0
123600.0,0.297,834,0.1,0.879,0,0,1,1
141100.0,0.684,659,26.2,0.739,1,0,1,1
46300.0,0.307,652,1.5,0.872,1,0,3,0
41800.0,0.181,670,22.5,0.795,1,0,3,0
72400.0,0.51,585,1.8,0.991,1,0,2,0
192100.0,0.122,791,3.4,0.492,1,0,1,0
86100.0,0.316,783,0.3,0.522,0,0,0,1
130100.0,0.363,730,4.2,0.859,1,0,2,0
83000.0,0.265,686,0.2,0.532,1,0,1,0
27200.0,0.423,657,8.3,0.928,1,0,2,0
99500.0,0.527,774,5.2,0.765,1,0,0,0
46300.0,0.13,591,0.6,0.898,1,3,2,1
56300.0,0.257,718,5.4,0.985,0,0,1,0
28100.0,0.174,748,9.0,0.928,1,0,1,0
44300.0,0.05,702,3.5,0.628,1,0,2,0
61500.0,0.185,701,1.3,0.485,0,0,3,1
30200.0,0.71,628,11.2,0.776,1,0,2,1
25700.0,0.288,763,1.5,0.605,1,0,1,0
116600.0,0.556,670,4.8,0.919,1,0,3,1
53900.0,0.224,550,2.4,0.958,1,0,0,0
60900.0,0.523,644,2.2,0.741,0,0,1,0
67100.0,0.108,685,1.2,0.837,1,1,1,0
40900.0,0.444,661,6.1,0.962,1,0,1,0
165500.0,0.205,740,12.2,0.543,1,0,1,0
108900.0,0.438,644,0.1,0.863,1,0,2,0
121800.0,0.41,638,2.3,0.668,1,2,2,1
107200.0,0.499,597,10.3,0.982,1,0,3,0
120600.0,0.112,568,6.8,0.826,1,0,1,0
113300.0,0.228,660,0.8,0.844,1,0,3,0
62900.0,0.135,734,3.0,0.701,1,0,1,0
51900.0,0.153,633,13.5,0.878,1,0,3,0
37400.0,0.389,571,5.9,0.668,1,0,1,1
46300.0,0.085,675,10.4,0.773,1,0,2,0
109800.0,0.476,574,4.4,0.672,1,1,2,1
38000.0,0.441,687,1.7,0.856,0,0,2,0
102700.0,0.388,693,0.6,0.878,1,1,0,0
71100.0,0.113,586,7.6,0.867,0,0,4,0
67900.0,0.37,645,0.3,0.983,0,0,1,0
60300.0,0.662,785,2.3,0.796,1,0,0,0
19900.0,0.64,774,2.0,0.829,0,0,2,1
41500.0,0.387,779,1.2,0.791,1,3,2,0
58900.0,0.439,733,4.8,0.816,0,0,2,0
61600.0,0.571,585,28.4,0.936,0,0,2,0
88200.0,0.218,680,12.7,0.778,1,0,5,0
87900.0,0.258,676,1.5,0.976,1,0,4,0
31700.0,0.257,642,0.5,0.797,1,0,1,0
30000.0,0.45,713,10.0,0.958,1,0,0,0
99500.0,0.169,836,7.0,0.927,1,0,2,0
43600.0,0.398,782,6.2,0.982,1,0,0,0
126900.0,0.115,657,4.6,0.794,1,0,1,0
60400.0,0.528,741,7.9,0.9,1,0,1,1
118500.0,0.05,644,4.3,0.968,1,0,0,0
54400.0,0.264,711,4.4,0.962,1,1,1,0
62100.0,0.064,766,2.9,0.887,1,0,5,0
103500.0,0.181,714,10.0,0.762,1,0,1,0
33100.0,0.565,756,1.0,0.99,1,1,2,0
46400.0,0.489,574,12.8,0.803,1,0,1,1
187200.0,0.451,714,6.3,0.674,1,2,2,1
52200.0,0.324,574,5.6,0.961,1,0,0,0
60900.0,0.401,721,15.3,0.752,1,0,0,0
66700.0,0.192,662,6.2,0.715,1,0,1,0
94700.0,0.367,598,1.4,0.898,1,0,3,0
97400.0,0.251,614,10.1,0.877,1,3,2,0
54400.0,0.474,742,17.0,0.668,1,0,0,0
83400.0,0.188,610,2.4,0.956,1,1,2,0
43500.0,0.47,609,1.9,0.871,1,1,2,0
80100.0,0.25,788,6.7,0.954,0,0,1,0
48200.0,0.42,606,16.5,0.994,1,1,2,1
137700.0,0.367,700,2.1,0.736,0,0,3,0
193100.0,0.36,653,2.5,0.933,1,0,0,0
23900.0,0.583,850,0.4,0.664,1,0,0,1
184400.0,0.355,714,8.1,0.995,0,0,1,0
59300.0,0.184,765,10.3,0.887,1,0,1,0
115100.0,0.089,739,1.6,0.904,1,2,1,1
111300.0,0.115,684,13.0,0.713,1,0,1,0
26200.0,0.186,593,4.0,0.824,0,0,1,0
56700.0,0.167,741,1.8,0.862,1,0,2,0
29700.0,0.629,627,5.4,0.855,0,1,2,0
30200.0,0.197,639,5.1,0.813,0,0,2,0
145900.0,0.215,780,2.4,0.91,1,0,1,0
105100.0,0.317,694,6.4,0.802,0,0,0,0
25900.0,0.233,826,9.5,0.843,1,2,2,1
29300.0,0.27,846,7.5,0.938,1,1,0,0
114400.0,0.232,692,2.8,0.963,1,0,1,0
114000.0,0.157,585,10.2,0.74,1,0,4,0
83700.0,0.267,704,6.6,0.915,1,0,2,0
67700.0,0.508,589,2.0,0.842,1,0,0,1
43700.0,0.472,835,12.0,0.759,1,0,1,0
57600.0,0.248,792,0.2,0.918,1,0,4,0
83300.0,0.448,661,6.2,0.601,0,0,1,1
62600.0,0.556,746,4.6,0.949,1,0,4,0
67800.0,0.229,756,6.8,0.841,1,0,1,0
235800.0,0.466,646,4.5,0.9,1,1,1,0
54400.0,0.416,717,19.5,0.899,0,0,2,0
32300.0,0.438,725,2.5,0.995,1,0,0,0
72300.0,0.57,679,2.0,0.795,0,0,3,0
64700.0,0.212,662,1.9,0.795,1,0,1,0
53500.0,0.181,570,4.1,0.97,1,0,0,0
51100.0,0.189,651,6.5,0.769,1,0,1,0
35800.0,0.262,543,0.5,0.893,1,2,1,1
72800.0,0.529,698,14.7,0.723,0,0,2,0
128700.0,0.219,678,1.8,0.876,1,0,1,0
74800.0,0.397,801,0.1,0.936,1,0,2,0
52200.0,0.163,703,15.6,0.839,1,0,5,0
48700.0,0.496,696,1.6,0.888,1,0,3,1
64000.0,0.469,614,6.5,0.932,0,0,1,0
91700.0,0.191,603,0.2,0.858,1,0,1,0
79800.0,0.14,607,5.8,0.912,1,0,1,0
74800.0,0.17,670,1.9,0.793,1,0,4,0
34600.0,0.688,765,1.3,0.888,0,0,0,1
145400.0,0.712,599,0.4,0.953,1,0,2,0
59100.0,0.428,653,13.4,0.99,1,1,1,0
191200.0,0.85,714,15.8,0.989,1,0,1,1
90600.0,0.605,844,10.5,0.988,1,0,4,0
21300.0,0.645,768,2.1,0.929,0,3,0,1
28000.0,0.581,711,0.0,0.936,1,0,0,0
86400.0,0.464,669,1.7,0.945,1,1,2,0
40900.0,0.327,687,5.3,0.835,1,1,1,0
53200.0,0.283,682,2.4,0.875,1,0,1,0
52700.0,0.549,629,0.9,0.972,0,1,0,0
18000.0,0.14,744,1.3,0.809,1,0,2,0
74100.0,0.352,708,9.8,0.982,1,0,2,0
79000.0,0.518,676,2.3,0.77,1,1,1,1
217600.0,0.077,643,0.9,0.827,1,0,1,0
53700.0,0.492,551,5.4,0.838,1,0,2,0
60600.0,0.094,660,5.1,0.859,1,1,1,0
55300.0,0.175,661,3.1,0.779,1,0,1,0
277000.0,0.22,644,4.3,0.838,1,0,1,0
75300.0,0.454,444,1.8,0.89,1,1,0,0
50400.0,0.134,675,7.1,0.825,1,0,0,0
67000.0,0.217,608,1.5,0.95,1,0,0,0
56900.0,0.327,596,5.3,0.939,1,0,0,0
56000.0,0.422,729,3.9,0.666,1,0,1,0
46000.0,0.503,584,0.9,0.531,1,0,1,0
105000.0,0.51,802,3.1,0.869,1,0,0,0
51800.0,0.261,667,4.4,0.969,1,0,2,1
55200.0,0.539,716,0.2,0.893,0,0,3,0
66700.0,0.844,824,9.7,0.905,1,0,1,1
68900.0,0.127,673,7.7,0.807,1,0,1,0
133500.0,0.261,709,1.8,0.934,1,0,0,0
55200.0,0.373,674,1.7,0.868,1,0,3,0
66500.0,0.117,765,2.3,0.851,0,0,0,0
45800.0,0.764,729,9.7,0.891,0,1,0,0
72100.0,0.558,580,13.9,0.96,1,0,0,0
70900.0,0.306,509,1.1,0.826,1,0,3,1
58100.0,0.171,674,0.0,0.824,1,0,1,0
53300.0,0.411,773,8.1,0.92,1,2,3,0
18000.0,0.257,608,3.5,0.925,0,0,1,0
35400.0,0.304,678,6.4,0.872,1,0,1,0
39200.0,0.389,573,12.4,0.706,1,0,3,1
103100.0,0.215,566,15.9,0.882,1,0,0,1
48800.0,0.514,589,3.1,0.849,1,0,2,0
149500.0,0.203,767,1.7,0.933,1,0,3,0
65800.0,0.762,492,9.7,0.71,1,0,1,0
82100.0,0.218,614,2.8,0.619,0,0,2,1
82900.0,0.455,549,0.6,0.889,1,0,1,0
34100.0,0.675,559,7.8,0.752,1,0,0,1
78200.0,0.115,768,8.1,0.912,1,0,1,0
30000.0,0.378,701,1.4,0.63,1,0,3,0
112400.0,0.231,706,0.2,0.498,1,0,2,0
44600.0,0.587,683,0.8,0.875,1,0,0,0
94200.0,0.171,676,2.3,0.9,1,2,2,1
45600.0,0.199,676,2.7,0.693,1,0,2,0
75500.0,0.409,676,13.1,0.983,1,0,1,0
47200.0,0.476,683,4.3,0.742,0,1,3,0
114700.0,0.306,712,12.8,0.924,1,0,0,0
64800.0,0.172,649,1.2,0.859,1,0,0,0
85100.0,0.318,723,9.0,0.735,1,0,4,0
48500.0,0.456,777,0.6,0.953,0,0,2,0
54100.0,0.274,690,10.3,0.856,1,0,1,0
65100.0,0.593,794,2.8,0.978,1,0,1,0
71900.0,0.351,549,6.7,0.808,1,1,4,0
33500.0,0.538,754,17.1,0.969,1,0,0,0
124800.0,0.729,715,9.7,0.974,1,0,1,0
81500.0,0.533,627,1.4,0.839,0,0,3,0
29700.0,0.175,652,7.5,0.882,1,0,2,0
51800.0,0.352,731,2.6,0.949,1,0,0,0
18000.0,0.283,630,6.4,0.966,1,0,0,0
37300.0,0.555,813,0.5,0.98,1,0,1,0
113700.0,0.095,597,0.1,0.881,1,0,2,0
71100.0,0.219,579,16.1,0.776,1,0,0,1
34200.0,0.315,784,17.4,0.94,1,0,3,0
79900.0,0.232,742,1.0,0.979,1,0,3,0
43900.0,0.05,850,16.9,0.931,0,0,2,0
30000.0,0.299,555,5.0,0.551,0,0,2,1
86800.0,0.214,647,5.1,0.904,0,0,2,0
42500.0,0.413,616,7.9,0.908,1,2,1,0
47800.0,0.221,674,8.6,0.768,1,0,2,0
55400.0,0.218,674,1.6,0.981,1,2,5,0
97000.0,0.212,828,9.8,0.808,1,0,0,0
103500.0,0.306,630,10.2,0.909,1,0,0,0
58800.0,0.409,732,1.2,0.871,1,0,2,0
57500.0,0.656,740,6.0,0.673,1,0,3,0
70900.0,0.634,665,8.2,0.808,1,0,0,0
36400.0,0.586,749,5.3,0.632,0,0,1,1
65600.0,0.196,684,2.2,0.564,1,0,1,0
60100.0,0.296,735,2.0,0.861,1,0,1,0
35700.0,0.261,666,21.8,0.861,1,0,0,0
55400.0,0.252,567,10.9,0.968,1,0,5,0
108100.0,0.446,677,1.8,0.986,1,0,1,1
36700.0,0.734,846,10.0,0.882,1,0,2,0
98600.0,0.255,689,2.2,0.455,1,0,1,0
39600.0,0.298,690,17.6,0.819,1,0,0,0
58200.0,0.29,830,9.8,0.939,1,0,3,0
81300.0,0.273,551,10.0,0.924,1,0,1,0
40600.0,0.093,682,0.3,0.701,0,0,2,0
53100.0,0.538,562,0.4,0.954,1,0,2,0
91800.0,0.331,617,10.1,0.702,1,0,1,0
81400.0,0.588,683,3.6,0.786,1,0,2,0
92300.0,0.202,786,16.5,0.783,1,0,0,0
87400.0,0.554,642,7.0,0.859,0,0,1,0
90500.0,0.169,711,2.5,0.979,1,0,1,0
76600.0,0.192,657,1.8,0.978,1,0,3,0
65200.0,0.302,739,16.2,0.996,0,0,6,0
180900.0,0.324,748,1.1,0.63,0,0,1,1
144100.0,0.647,803,4.9,0.642,1,0,3,0
236700.0,0.222,728,2.4,0.81,1,0,1,0
61000.0,0.436,727,13.9,0.787,0,1,0,0
61700.0,0.546,686,28.0,0.818,1,0,2,1
29800.0,0.168,850,4.8,0.997,1,0,2,0
25100.0,0.69,708,0.4,0.678,1,0,5,1
54600.0,0.365,672,21.2,0.623,1,2,1,0
159500.0,0.571,785,3.4,0.894,1,0,2,1
113300.0,0.495,755,3.5,0.714,1,0,1,0
54900.0,0.721,606,3.2,0.927,0,0,1,1
84200.0,0.05,758,2.2,0.981,1,0,1,0
37800.0,0.594,605,0.6,0.785,1,0,3,1
92400.0,0.236,741,10.6,0.884,1,1,2,0
69500.0,0.476,590,1.8,0.722,1,0,0,0
135900.0,0.109,685,3.7,0.953,1,0,2,0
68900.0,0.341,756,1.5,0.648,1,1,1,0
18000.0,0.791,685,0.1,0.913,1,0,1,0
59900.0,0.627,612,4.4,0.907,1,1,0,0
60400.0,0.499,512,1.2,0.838,1,1,1,1
62600.0,0.295,667,2.5,0.827,1,0,1,0
23100.0,0.228,739,1.5,0.737,1,0,1,0
215500.0,0.144,756,5.4,0.908,1,0,1,0
70900.0,0.61,790,10.8,0.966,1,2,1,0
59500.0,0.549,680,0.4,0.892,1,0,2,0
49800.0,0.13,721,0.8,0.778,1,0,1,0
48800.0,0.084,632,4.4,0.962,1,1,2,0
29800.0,0.534,610,1.7,0.646,0,0,2,0
127800.0,0.292,566,11.6,0.68,1,0,3,1
67300.0,0.359,714,6.5,0.551,1,0,1,0
70300.0,0.331,713,8.8,0.84,1,0,0,0
123300.0,0.503,662,10.7,0.852,1,1,2,0
51600.0,0.662,787,0.1,0.976,1,0,3,0
138800.0,0.658,645,14.6,0.955,0,0,0,1
52000.0,0.264,850,14.7,0.823,1,0,0,0
43600.0,0.216,611,0.1,0.813,1,0,3,0
55500.0,0.477,666,0.2,0.978,1,0,0,0
61900.0,0.303,653,1.1,0.756,0,3,3,0
126700.0,0.372,724,21.2,0.636,1,0,1,0
77600.0,0.288,680,4.8,0.94,0,1,2,0
81800.0,0.184,584,3.5,0.966,1,0,1,0
33900.0,0.069,528,13.7,0.906,1,0,0,1
73200.0,0.14,741,8.2,0.754,1,0,2,0
27300.0,0.292,569,0.3,0.904,1,0,1,0
46300.0,0.336,625,16.1,0.95,1,1,1,1
68000.0,0.533,729,12.1,0.688,0,0,1,0
32800.0,0.216,718,3.2,0.589,0,1,1,0
236800.0,0.133,578,0.5,0.667,0,0,3,1
50600.0,0.519,632,8.8,0.932,1,0,0,0
128200.0,0.662,780,0.5,0.807,1,1,1,0
107800.0,0.633,667,2.7,0.979,1,0,1,0
99600.0,0.375,770,0.3,0.961,1,1,1,0
86500.0,0.547,504,5.0,0.893,1,0,2,1
39400.0,0.408,658,2.8,0.985,0,0,3,0
90900.0,0.512,619,11.5,0.926,0,1,2,0
63300.0,0.545,616,5.1,0.711,1,2,3,0
24000.0,0.155,627,6.6,0.716,1,0,1,0
94300.0,0.445,816,1.1,0.927,1,2,3,0
60900.0,0.351,684,10.1,0.985,0,0,0,0
25800.0,0.437,535,15.1,0.846,0,0,1,0
237300.0,0.222,681,8.2,0.725,1,0,1,0
178500.0,0.66,637,0.5,0.999,1,0,0,0
83400.0,0.305,731,9.9,0.834,1,1,1,0
81500.0,0.695,691,7.8,0.898,1,0,0,1
72700.0,0.663,645,1.3,0.887,1,0,1,0
19700.0,0.584,831,1.3,0.82,1,0,0,0
88100.0,0.226,707,12.7,0.889,1,0,0,0
80700.0,0.59,683,0.8,0.59,1,1,1,0
84900.0,0.166,715,0.1,0.868,1,0,3,0
46500.0,0.468,603,1.8,0.883,1,1,1,0
60600.0,0.536,625,3.7,0.842,1,0,2,1
76800.0,0.194,797,4.2,0.916,1,0,1,0
60900.0,0.19,606,6.4,0.936,0,1,6,0
66000.0,0.461,596,13.2,0.973,1,0,1,0
80600.0,0.62,578,10.9,0.85,1,0,2,1
79700.0,0.118,632,11.6,0.714,1,1,2,0
75000.0,0.727,791,0.5,0.844,1,2,4,1
82800.0,0.759,632,0.2,0.879,1,3,1,1
37500.0,0.518,798,3.8,0.766,1,0,2,0
49700.0,0.617,726,1.8,0.742,0,0,1,1
34900.0,0.22,581,10.1,0.998,0,0,1,0
45300.0,0.533,587,12.4,0.961,1,0,2,0
63200.0,0.434,607,3.8,0.874,1,3,0,0
38700.0,0.384,815,6.3,0.944,1,0,1,0
203300.0,0.552,746,1.6,0.875,0,0,3,0
164100.0,0.307,567,5.2,0.774,1,0,1,1
32100.0,0.386,658,6.9,0.923,1,1,2,0
67400.0,0.384,724,2.7,0.891,1,0,0,1
167200.0,0.393,624,5.9,0.888,1,1,1,0
45500.0,0.237,812,0.2,0.989,1,0,2,0
97800.0,0.536,695,9.3,0.937,1,0,1,1
154800.0,0.6,755,4.9,0.977,1,0,0,0
82100.0,0.24,781,0.3,0.881,1,0,0,0
122100.0,0.296,643,3.7,0.74,0,0,2,0
32100.0,0.135,844,5.5,0.979,1,0,3,0
49200.0,0.386,697,0.5,0.789,1,0,2,0
64300.0,0.184,710,25.4,0.758,1,1,3,0
61300.0,0.425,693,8.1,0.721,1,0,4,0
117600.0,0.54,675,1.8,0.958,1,0,3,1
79300.0,0.702,619,9.6,0.952,1,0,0,0
69100.0,0.407,746,8.7,0.923,1,0,2,0
22300.0,0.411,690,1.6,0.975,1,2,2,1
60200.0,0.183,658,9.3,0.954,1,0,1,0
34200.0,0.125,648,0.5,0.897,1,1,2,0
44100.0,0.334,677,6.8,0.995,1,1,1,0
51700.0,0.391,738,5.8,0.867,1,0,1,0
94100.0,0.174,732,18.5,0.912,1,0,2,0
65700.0,0.458,837,6.1,0.78,1,0,0,0
151600.0,0.243,675,2.6,0.768,1,0,1,0
100900.0,0.21,628,4.5,0.871,1,0,1,0
54000.0,0.512,697,24.3,0.581,1,0,4,0
30000.0,0.272,748,0.9,0.861,1,0,1,0
59600.0,0.452,731,6.6,0.743,1,0,0,0
116700.0,0.244,706,8.2,0.961,1,0,0,0
41200.0,0.249,708,9.6,0.988,1,1,0,0
50700.0,0.461,599,12.3,0.905,0,0,2,0
44500.0,0.711,721,6.5,0.94,1,0,3,0
71400.0,0.546,633,4.3,0.787,1,0,1,1
49400.0,0.146,673,3.6,0.803,0,0,0,0
48700.0,0.268,684,2.1,0.908,1,0,1,0
62000.0,0.241,668,15.0,0.963,0,0,2,0
65500.0,0.721,727,1.5,0.958,1,0,1,0
86700.0,0.343,654,11.4,0.84,1,0,2,0
64800.0,0.341,642,4.3,0.968,1,0,0,0
139000.0,0.462,678,0.8,0.612,1,0,2,0
59500.0,0.134,752,7.3,0.937,1,0,0,0
24300.0,0.219,636,5.4,0.805,0,1,0,1
54400.0,0.493,834,0.6,0.65,1,0,1,1
47700.0,0.464,702,0.1,0.94,0,0,4,0
87000.0,0.161,620,0.8,0.89,1,0,0,0
82700.0,0.222,680,6.5,0.891,1,0,2,0
78600.0,0.48,686,3.8,0.961,0,0,2,0
98700.0,0.289,621,0.5,0.983,1,1,0,0
91800.0,0.498,608,6.1,0.745,1,0,1,0
121300.0,0.505,782,3.3,0.979,0,1,1,0
93500.0,0.308,701,6.3,0.993,1,0,2,0
69100.0,0.231,639,9.1,0.902,1,0,0,0
121500.0,0.239,470,0.1,0.969,1,0,0,1
85600.0,0.457,695,0.3,0.956,1,0,1,0
88800.0,0.394,597,8.3,0.834,1,0,1,0
47000.0,0.826,600,0.3,0.903,1,0,2,1
40500.0,0.127,705,4.9,0.969,1,0,0,0
57300.0,0.216,587,9.7,0.87,1,0,1,0
111900.0,0.323,601,0.4,0.892,1,0,1,0
61700.0,0.205,694,6.9,0.913,1,0,1,0
50200.0,0.507,758,0.7,0.948,1,0,1,1
49000.0,0.206,623,7.3,0.817,1,1,2,0
129500.0,0.519,811,9.4,0.918,1,0,1,0
28900.0,0.253,553,0.7,0.887,1,0,0,1
34300.0,0.609,607,12.8,0.885,0,0,0,0
37300.0,0.221,526,8.2,0.504,1,0,4,0
48100.0,0.426,615,2.5,0.798,0,0,1,0
89200.0,0.323,572,0.2,0.983,0,0,3,0
48300.0,0.386,569,0.9,0.895,1,0,0,0
29600.0,0.423,640,3.0,0.895,1,0,3,0
99800.0,0.405,636,4.4,0.969,1,1,0,0
85200.0,0.294,618,8.5,0.967,0,1,4,0
139900.0,0.541,723,6.7,0.988,1,1,0,0
239900.0,0.493,630,17.4,0.475,0,0,2,1
51500.0,0.43,771,5.7,0.964,1,0,3,0
119300.0,0.268,710,3.8,0.922,1,0,1,0
41000.0,0.111,636,4.4,0.949,1,1,2,0
79400.0,0.295,577,1.2,0.704,0,0,2,0
28400.0,0.469,666,7.3,0.827,1,0,1,0
69200.0,0.255,799,3.2,0.967,1,1,1,0
129200.0,0.318,807,11.0,0.793,1,0,0,0
222300.0,0.408,565,1.8,0.561,1,0,1,0
70300.0,0.136,744,4.9,0.996,0,0,1,0
37700.0,0.151,594,1.8,0.762,1,2,2,1
131900.0,0.385,620,6.5,0.946,1,0,1,0
107600.0,0.325,782,10.4,0.593,1,0,2,0
78700.0,0.276,628,3.2,0.819,0,0,2,0
51300.0,0.284,644,2.4,0.968,1,0,4,0
40800.0,0.271,706,13.9,0.982,1,0,1,0
72300.0,0.434,654,3.8,0.554,1,0,1,0
85700.0,0.597,700,1.4,0.511,1,0,0,1
59700.0,0.39,630,1.3,0.999,1,0,4,0
78800.0,0.235,763,1.3,0.849,1,2,2,0
70100.0,0.282,627,2.2,0.37,1,1,0,0
168400.0,0.076,831,0.8,0.958,1,0,2,0
105500.0,0.291,688,7.1,0.911,1,0,3,0
191200.0,0.324,684,3.9,0.953,1,0,4,0
41600.0,0.37,676,7.0,0.699,1,0,1,0
95400.0,0.514,761,2.3,0.989,1,0,2,0
66500.0,0.505,618,3.2,0.623,1,0,0,0
84600.0,0.514,645,4.7,0.869,1,0,2,1
52000.0,0.335,760,3.5,0.833,0,0,2,0
40000.0,0.22,634,0.5,0.893,0,0,3,0
37900.0,0.141,697,1.5,0.926,1,0,1,0
122000.0,0.099,689,4.5,0.911,1,0,0,0
51500.0,0.366,643,15.4,0.341,1,0,2,0
79900.0,0.297,646,2.1,0.973,1,0,0,0
23500.0,0.26,812,4.0,0.914,1,0,1,0
48000.0,0.296,739,1.4,0.963,1,0,2,0
77200.0,0.294,783,3.2,0.853,1,0,1,0
50300.0,0.334,563,0.7,0.757,1,0,2,0
46900.0,0.412,741,2.3,0.978,1,0,0,0
98400.0,0.31,757,0.9,0.958,1,0,3,0
59100.0,0.314,710,0.9,0.693,1,1,2,0
75900.0,0.099,569,0.7,0.891,1,0,2,1
63000.0,0.216,850,7.9,0.91,0,0,0,0
102100.0,0.397,758,3.5,0.586,1,1,1,0
32100.0,0.354,848,1.0,0.867,1,3,1,0
122800.0,0.276,556,17.2,0.694,0,1,2,0
92800.0,0.176,768,4.7,0.926,1,0,0,0
86400.0,0.155,655,4.7,0.769,1,3,1,1
93700.0,0.334,647,4.5,0.748,0,0,1,0
38600.0,0.508,660,2.9,0.667,1,0,4,0
77200.0,0.353,727,0.9,0.998,1,0,3,0
82800.0,0.525,602,3.1,0.927,1,0,0,0
46400.0,0.256,594,3.8,0.885,1,0,1,0
97300.0,0.526,610,9.4,0.462,1,0,2,0
67400.0,0.075,659,7.9,0.9,1,0,2,0
135800.0,0.455,669,7.4,0.89,1,0,2,1
97000.0,0.149,668,2.2,0.898,1,0,0,0
96300.0,0.479,712,13.2,0.972,1,0,3,0
50200.0,0.317,786,6.1,0.922,1,0,2,0
152500.0,0.303,747,0.2,0.631,1,1,2,0
71600.0,0.324,754,6.0,0.94,1,0,0,0
60800.0,0.252,655,6.9,0.786,1,0,1,1
108200.0,0.478,658,11.9,0.925,1,0,2,0
50100.0,0.237,690,12.1,0.947,1,2,3,0
153600.0,0.419,637,2.5,0.935,1,0,0,0
244000.0,0.365,728,0.2,0.636,0,1,2,1
30200.0,0.477,694,3.2,0.817,1,0,0,0
180700.0,0.226,671,5.9,0.844,1,0,0,0
74000.0,0.123,738,3.3,0.965,1,0,1,0
39800.0,0.444,752,2.5,0.963,1,0,4,0
33900.0,0.531,557,3.5,0.741,1,0,2,0
18300.0,0.363,589,5.5,0.864,1,0,3,0
37200.0,0.353,758,8.6,0.884,0,0,2,0
77800.0,0.355,727,0.1,0.736,1,0,5,0
42700.0,0.438,784,5.9,0.787,0,0,2,0
38700.0,0.055,723,0.8,0.981,0,0,2,0
42800.0,0.155,804,11.4,0.736,1,1,4,0
57900.0,0.365,739,4.9,0.967,1,0,0,0
50900.0,0.294,747,3.0,0.894,1,0,1,0
45800.0,0.232,728,9.8,0.621,1,0,0,0
119100.0,0.201,761,7.9,0.759,0,0,1,0
129500.0,0.169,627,14.9,0.834,1,0,0,0
18000.0,0.155,725,7.7,0.759,1,1,3,0
64900.0,0.429,680,1.1,0.863,1,0,2,0
66400.0,0.705,695,12.3,0.866,1,0,3,0
23500.0,0.387,615,0.6,0.646,1,3,0,0
54000.0,0.45,732,9.7,0.949,1,0,1,0
56000.0,0.198,703,16.9,0.904,1,0,4,0
91100.0,0.516,653,18.0,0.99,1,0,2,0
47500.0,0.632,697,6.8,0.927,1,0,1,1
35000.0,0.374,800,14.2,0.96,1,0,3,0
151200.0,0.159,750,20.0,0.984,1,0,2,0
55400.0,0.347,727,8.9,0.951,0,0,0,0
52400.0,0.259,590,2.7,0.791,0,0,2,0
27700.0,0.682,587,2.2,0.914,0,0,1,1
53700.0,0.288,637,1.7,0.605,1,0,0,0
80800.0,0.174,559,3.8,0.839,0,0,3,0
60900.0,0.689,663,6.6,0.821,1,0,1,0
36800.0,0.287,714,0.3,0.936,0,0,2,0
54600.0,0.407,572,7.1,0.942,1,1,2,0
55800.0,0.591,657,2.4,0.94,0,0,0,0
62500.0,0.5,644,2.6,0.975,0,0,0,1
148800.0,0.068,486,1.5,0.894,0,0,2,1
101600.0,0.467,570,0.9,0.724,1,1,0,1
125000.0,0.274,504,6.9,0.819,1,0,1,0
20000.0,0.427,738,0.9,0.949,1,1,3,0
56900.0,0.396,649,5.9,0.957,0,0,0,0
80200.0,0.186,635,12.4,0.991,1,0,0,0
50000.0,0.117,714,11.1,0.978,1,0,1,0
44800.0,0.189,784,2.7,0.815,0,0,1,0
82800.0,0.42,814,8.0,0.98,1,0,2,0
56000.0,0.207,588,5.4,0.762,0,1,2,0
61000.0,0.229,712,1.3,0.984,1,0,0,0
92400.0,0.427,790,1.9,0.978,1,0,4,0
292300.0,0.259,820,4.0,0.526,0,0,2,0
60800.0,0.563,665,15.6,0.911,1,1,1,1
97700.0,0.563,644,5.9,0.709,0,1,6,0
111200.0,0.329,600,4.3,0.992,0,0,2,0
127900.0,0.412,665,6.2,0.984,0,0,0,0
50100.0,0.257,730,1.0,0.944,1,0,2,0
88700.0,0.323,592,0.8,0.783,1,0,1,0
80100.0,0.336,608,21.2,0.77,0,0,1,0
53500.0,0.094,683,10.9,0.826,1,0,1,0
58100.0,0.468,654,4.8,0.761,1,0,1,0
70200.0,0.483,594,3.8,0.957,1,0,2,1
39100.0,0.481,790,2.5,0.865,1,0,0,1
71900.0,0.31,547,4.6,0.793,0,2,1,1
71500.0,0.618,609,18.9,0.976,1,0,2,1
39700.0,0.488,609,0.4,0.897,0,0,2,0
55000.0,0.289,586,5.3,0.917,1,0,0,0
103000.0,0.43,828,18.0,0.978,1,2,1,1
35400.0,0.559,829,8.8,1.0,1,2,1,1
123200.0,0.551,630,9.3,0.7,0,0,1,0
118000.0,0.33,712,6.2,0.925,1,0,0,0
75500.0,0.269,682,15.9,0.845,1,0,3,0
97100.0,0.148,726,16.2,0.926,0,3,0,1
75500.0,0.318,788,4.4,0.741,0,1,2,0
38700.0,0.314,614,8.2,0.897,1,0,2,0
45800.0,0.139,646,26.6,0.956,1,0,0,0
59600.0,0.317,850,3.6,0.88,0,0,2,1
104400.0,0.693,588,2.7,0.986,1,0,3,0
38500.0,0.733,651,0.7,0.973,1,0,3,0
134300.0,0.144,579,6.6,0.866,1,1,2,0
31600.0,0.231,835,0.9,0.872,1,0,5,0
73100.0,0.282,628,4.8,0.965,1,3,4,1
104000.0,0.542,771,0.4,0.438,0,0,1,0
61500.0,0.323,570,31.6,0.856,1,0,2,0
81900.0,0.601,661,6.5,0.926,1,0,1,0
19200.0,0.177,726,0.3,0.95,1,0,3,1
78000.0,0.194,493,7.6,0.926,1,0,0,1
39300.0,0.445,581,5.6,0.942,1,0,2,0
23700.0,0.721,567,7.1,0.999,1,1,2,1
44100.0,0.618,664,10.0,0.992,1,2,2,1
191300.0,0.356,749,7.3,0.929,1,0,2,0
101100.0,0.325,665,1.1,0.982,1,0,1,0
118800.0,0.309,428,1.9,0.927,1,1,2,0
116400.0,0.338,546,1.2,0.824,1,0,3,1
47900.0,0.43,787,7.4,0.938,1,0,4,0
93400.0,0.14,725,3.1,0.836,1,0,1,0
140500.0,0.16,646,0.4,0.392,1,0,4,0
67200.0,0.391,751,4.0,0.705,1,0,0,0
31200.0,0.473,725,3.6,0.758,0,2,1,1
53800.0,0.628,610,5.0,0.893,0,0,3,0
64800.0,0.26,821,14.7,0.918,1,0,2,0
122100.0,0.333,520,9.9,0.921,1,0,0,0
23500.0,0.497,728,8.5,0.939,0,0,2,1
67800.0,0.604,735,1.4,0.963,1,0,1,0
57200.0,0.751,689,14.3,0.961,1,0,1,1
81900.0,0.496,591,2.7,0.975,1,0,3,0
67300.0,0.306,675,3.5,0.923,1,0,1,0
82000.0,0.598,669,0.2,0.932,1,0,0,1
64100.0,0.157,683,6.3,0.94,1,2,0,0
45300.0,0.09,600,17.2,0.973,1,0,1,0
51700.0,0.828,647,1.8,0.989,1,0,0,1
69000.0,0.477,726,1.5,0.912,1,0,4,0
35000.0,0.396,602,1.3,0.781,0,0,1,0
98000.0,0.308,551,2.2,0.988,0,1,3,0
82800.0,0.4,592,8.2,0.917,1,0,5,0
40200.0,0.359,581,11.1,0.859,1,0,2,0
75700.0,0.435,670,7.9,0.984,1,0,1,0
75200.0,0.31,736,2.2,0.964,1,0,4,0
74200.0,0.267,672,6.4,0.764,1,0,3,0
21600.0,0.248,767,5.6,0.817,1,0,3,0
149000.0,0.05,663,4.0,0.913,1,0,5,0
171200.0,0.281,733,4.4,0.937,1,1,1,0
38400.0,0.249,640,4.5,0.925,1,0,0,0
47300.0,0.396,673,1.2,0.986,1,0,1,0
127200.0,0.765,681,15.8,0.805,1,0,0,0
154800.0,0.147,688,6.6,0.758,1,0,3,0
46000.0,0.23,784,13.6,0.902,1,1,1,0
88100.0,0.163,629,2.2,0.737,1,2,4,0
75500.0,0.357,711,3.2,0.78,1,0,2,0
45200.0,0.334,585,2.5,0.701,1,0,7,1
134600.0,0.256,611,11.4,0.974,1,0,1,0
44300.0,0.229,618,5.3,0.688,1,0,0,0
63500.0,0.426,583,1.6,0.994,1,0,1,0
29100.0,0.44,635,4.3,0.945,1,0,0,0
49800.0,0.379,661,4.8,0.873,1,0,1,0
87200.0,0.172,677,11.6,0.944,1,0,2,0
168200.0,0.511,787,1.8,0.791,1,0,2,1
72700.0,0.469,800,1.9,0.826,1,0,2,0
93400.0,0.444,591,0.9,0.911,1,0,1,0
93600.0,0.644,599,0.9,0.87,1,0,0,1
90100.0,0.217,636,0.6,0.981,0,0,3,0
51200.0,0.179,761,0.1,0.905,1,1,3,0
48600.0,0.478,669,1.5,0.874,1,2,1,1
18000.0,0.519,655,1.8,0.79,1,1,1,0
72600.0,0.265,732,5.1,0.946,1,0,3,0
63700.0,0.514,850,1.8,0.643,0,0,1,0
91800.0,0.807,555,15.6,0.822,1,1,2,0
131600.0,0.344,624,0.3,0.697,1,0,1,0
55800.0,0.356,638,3.3,0.783,1,0,1,0
110400.0,0.225,482,1.1,0.909,1,0,2,0
46500.0,0.56,628,0.3,0.999,0,0,1,1
49000.0,0.278,580,2.9,0.563,1,0,3,0
29600.0,0.511,755,6.7,0.938,0,2,0,1
64100.0,0.274,590,14.1,0.408,1,0,2,0
106600.0,0.477,644,0.2,0.668,1,0,0,0
59900.0,0.152,784,9.8,0.574,1,0,0,0
94000.0,0.482,696,1.0,0.879,1,0,0,0
72200.0,0.303,630,2.8,0.96,1,0,1,0
57700.0,0.48,553,6.3,0.591,1,0,1,1
104200.0,0.211,634,2.0,0.856,1,0,1,0
41800.0,0.309,689,14.4,0.698,1,0,1,0
82100.0,0.279,676,4.6,0.889,1,2,2,1
68500.0,0.64,696,5.9,0.907,1,0,1,0
109700.0,0.55,709,1.2,0.938,0,1,1,0
60200.0,0.466,618,3.5,0.574,1,0,3,0
44800.0,0.237,648,0.0,0.638,1,0,2,0
84600.0,0.158,618,4.2,0.84,1,0,1,0
108400.0,0.402,726,4.1,0.899,1,0,2,0
141800.0,0.228,582,3.0,0.704,1,0,2,0
64900.0,0.229,571,5.4,0.848,1,1,4,0
82700.0,0.479,774,8.3,0.946,1,0,2,0
174900.0,0.305,745,0.3,0.985,1,0,1,0
85600.0,0.415,736,1.9,0.966,1,0,0,0
156600.0,0.207,650,1.0,0.876,1,1,1,0
148200.0,0.368,692,1.8,0.735,1,0,0,0
152800.0,0.726,652,1.0,0.981,1,0,1,0
57000.0,0.525,598,9.7,0.97,1,1,2,1
45100.0,0.525,529,0.4,0.75,1,0,0,1
86400.0,0.205,624,0.8,0.76,1,0,1,0
26900.0,0.31,535,5.5,0.984,1,0,1,1
91700.0,0.798,720,30.2,0.817,1,1,1,0
30800.0,0.599,654,15.2,0.941,1,0,3,0
77700.0,0.237,675,5.7,0.832,1,0,1,0
56400.0,0.368,788,3.1,0.942,1,0,0,0
54800.0,0.493,598,2.9,0.618,1,0,0,0
41600.0,0.057,823,12.1,0.981,0,0,1,0
71400.0,0.474,681,0.2,0.848,1,0,3,0
178200.0,0.446,697,2.1,0.65,1,0,1,0
72200.0,0.452,683,0.9,0.949,0,0,0,1
155500.0,0.413,638,1.4,0.875,1,0,0,0
75200.0,0.549,655,0.5,0.596,1,1,0,0
40500.0,0.163,647,1.8,0.836,1,0,4,0
67800.0,0.261,628,1.7,0.962,1,0,2,0
33900.0,0.087,796,1.8,0.846,1,0,0,0
127600.0,0.343,711,1.5,0.987,1,0,1,0
73700.0,0.488,765,1.5,0.849,1,0,2,0
66500.0,0.271,641,10.2,0.984,1,0,0,0
103100.0,0.113,753,7.9,0.965,1,1,2,0
48500.0,0.367,817,6.9,0.851,1,0,2,0
104000.0,0.283,747,1.6,0.934,0,0,3,0
71000.0,0.239,658,5.5,0.968,1,0,3,0
76200.0,0.194,766,8.3,0.982,1,0,1,0
86600.0,0.588,711,1.4,0.798,0,2,1,1
75400.0,0.17,850,3.2,0.912,1,0,3,0
62500.0,0.2,686,5.1,0.692,1,0,3,0
64100.0,0.371,771,1.7,0.919,1,0,0,0
85200.0,0.288,612,7.8,0.501,1,0,2,0
66700.0,0.416,702,5.2,0.65,0,0,1,0
39600.0,0.259,721,2.2,0.975,1,1,1,0
65200.0,0.397,780,2.7,0.459,1,0,5,0
37100.0,0.705,671,2.7,0.981,1,2,3,0
222100.0,0.1,447,3.8,0.632,0,1,2,1
142900.0,0.234,676,4.7,0.985,1,0,0,0
179800.0,0.126,587,3.9,0.976,1,0,2,0
54200.0,0.089,736,1.0,0.807,1,0,0,0
78200.0,0.188,633,6.6,0.981,1,0,2,0
50700.0,0.453,677,0.7,0.925,1,0,0,0
162000.0,0.397,731,1.1,0.835,1,0,3,0
53200.0,0.504,591,6.4,0.977,1,0,2,1
72700.0,0.484,736,3.6,0.987,1,0,2,0
78700.0,0.386,667,5.1,0.814,1,0,0,0
152100.0,0.473,679,1.9,0.661,1,0,1,0
105100.0,0.19,694,0.4,0.982,1,0,1,0
66700.0,0.398,551,16.8,0.849,1,0,2,0
169700.0,0.439,772,4.4,0.939,1,0,1,0
73800.0,0.227,707,3.7,0.85,1,0,2,0
129800.0,0.258,665,16.3,0.876,1,0,2,0
36400.0,0.644,606,24.7,0.977,1,0,2,0
186500.0,0.575,738,0.3,0.957,1,0,0,0
66900.0,0.192,746,2.3,0.901,1,0,0,0
93400.0,0.361,603,6.1,0.756,1,0,3,0
45900.0,0.394,669,13.4,0.968,0,0,1,0
37100.0,0.405,478,5.3,0.931,1,0,4,0
73900.0,0.05,727,24.8,0.951,1,3,0,1
88400.0,0.161,757,6.9,0.868,1,0,1,0
38500.0,0.717,710,0.1,0.86,1,0,1,0
69100.0,0.523,546,4.1,0.991,0,2,1,1
20600.0,0.364,609,18.7,0.61,1,0,0,1
44100.0,0.616,590,1.2,0.584,1,1,3,1
53000.0,0.216,626,16.5,0.997,1,0,2,0
22500.0,0.15,793,1.9,0.892,1,0,1,0
90200.0,0.179,844,14.7,0.911,1,0,1,0
216000.0,0.05,659,5.6,0.965,1,0,2,0
113600.0,0.461,560,2.8,0.901,1,0,0,1
39100.0,0.269,522,14.5,0.821,1,3,0,1
66000.0,0.407,630,0.6,0.871,1,1,2,0
72300.0,0.244,516,8.0,0.98,1,0,1,0
73600.0,0.185,715,5.4,0.825,0,0,2,0
68700.0,0.273,787,2.9,0.815,0,0,1,0
59700.0,0.247,769,4.6,0.59,1,0,1,0
48300.0,0.05,765,8.6,0.807,0,0,2,0
96500.0,0.631,850,0.7,0.967,1,0,2,1
145400.0,0.384,714,1.8,0.894,1,0,3,0
48400.0,0.545,659,2.9,0.799,1,2,0,1
34700.0,0.781,710,7.9,0.962,0,0,3,0
121800.0,0.322,500,13.9,0.789,0,0,3,0
67800.0,0.41,586,16.2,0.936,1,0,2,0
30300.0,0.506,636,2.9,0.702,1,0,2,1
47900.0,0.588,753,3.7,0.871,1,0,0,0
156900.0,0.559,585,14.3,0.98,1,0,3,1
63700.0,0.337,641,0.3,0.704,1,0,0,0
103500.0,0.247,724,7.9,0.833,1,1,1,0
27200.0,0.26,725,5.4,0.791,1,0,2,0
43400.0,0.292,630,1.2,0.812,0,0,3,0
139000.0,0.354,647,9.7,0.801,0,0,4,0
63400.0,0.403,627,0.5,0.924,1,1,1,0
104300.0,0.203,850,0.8,0.86,1,0,4,0
115600.0,0.163,742,4.8,0.907,1,0,4,0
65100.0,0.415,621,2.2,0.731,1,0,0,0
72100.0,0.383,702,0.7,0.928,1,3,1,0
46900.0,0.256,654,7.2,0.814,0,0,2,0
21200.0,0.1,587,1.0,0.71,1,0,2,0
132100.0,0.19,787,23.6,0.867,1,0,0,0
177700.0,0.301,640,16.6,0.661,1,1,5,0
46300.0,0.228,633,3.1,0.927,1,1,2,0
187900.0,0.288,632,8.3,0.937,1,0,0,0
105200.0,0.624,514,9.9,0.906,1,0,1,1
21200.0,0.746,668,4.9,0.902,0,0,4,0
32900.0,0.257,748,10.0,0.993,1,0,2,0
18000.0,0.424,664,9.5,0.811,1,0,2,0
96600.0,0.54,704,26.3,0.97,1,0,1,0
50700.0,0.769,719,2.0,0.883,1,0,1,0
57800.0,0.172,770,12.6,0.77,1,0,0,0
53100.0,0.216,655,6.6,0.809,1,1,3,0
67400.0,0.29,659,1.1,0.945,1,0,0,0
92900.0,0.629,652,1.0,0.825,1,0,1,0
126500.0,0.224,696,9.3,0.839,1,1,3,0
46400.0,0.523,603,3.1,0.923,1,0,1,1
36300.0,0.142,751,12.6,0.895,1,0,4,0
86600.0,0.276,662,4.3,0.909,0,2,0,1
58500.0,0.264,793,2.2,0.696,1,0,0,0
72300.0,0.222,723,11.5,0.954,1,0,0,0
112900.0,0.463,644,14.7,0.951,1,2,3,1
47300.0,0.403,678,3.9,0.969,1,0,0,0
20100.0,0.165,725,4.0,0.71,1,0,4,0
55900.0,0.24,820,14.8,0.633,0,0,1,1
309500.0,0.478,594,2.5,0.732,1,0,3,0
64000.0,0.388,785,6.1,0.997,1,0,3,0
44600.0,0.522,743,0.3,0.913,1,2,0,1
60400.0,0.512,730,35.0,0.906,1,0,2,0
100500.0,0.297,727,0.9,0.646,1,0,1,0
40500.0,0.299,611,1.2,0.696,1,0,1,0
314400.0,0.178,757,1.0,0.824,1,0,2,0
40600.0,0.575,766,0.3,0.524,1,0,3,1
43600.0,0.314,809,9.0,0.976,1,0,3,0
188400.0,0.497,694,3.6,0.555,1,0,2,0
92100.0,0.484,705,3.8,0.864,1,0,2,0
196900.0,0.469,742,21.6,0.996,1,0,2,0
165400.0,0.244,688,1.5,0.943,1,1,2,0
103600.0,0.372,646,0.3,0.977,1,0,0,0
27100.0,0.284,739,5.6,0.837,0,0,3,0
50300.0,0.744,674,3.5,0.937,1,0,3,0
37400.0,0.665,743,1.3,0.967,1,0,1,1
52400.0,0.486,617,3.9,0.99,0,0,1,0
40200.0,0.273,637,1.2,0.851,0,1,1,0
43100.0,0.212,765,18.8,0.959,1,0,2,0
143700.0,0.28,789,13.5,0.856,0,0,0,0
111300.0,0.314,775,4.4,0.926,1,0,0,0
29000.0,0.572,708,3.6,0.934,1,1,4,0
85600.0,0.253,723,2.0,0.98,1,0,3,0
27300.0,0.139,745,7.7,0.953,1,2,1,0
76100.0,0.293,513,0.9,0.98,1,0,5,1
39400.0,0.147,638,8.0,0.906,1,0,3,0
53800.0,0.213,794,3.7,0.953,0,1,1,1
34900.0,0.292,743,5.0,0.919,0,0,0,0
98400.0,0.45,545,7.0,0.856,0,0,0,0
46500.0,0.416,677,7.9,0.929,1,0,1,0
58700.0,0.42,627,6.8,0.892,1,0,1,0
38800.0,0.05,711,2.2,0.825,1,1,2,1
52400.0,0.28,712,1.0,0.819,1,0,2,0
77900.0,0.437,579,2.1,0.995,1,0,1,1
50700.0,0.318,850,1.2,0.976,1,0,2,0
23300.0,0.518,600,11.8,0.744,1,0,3,0
99400.0,0.554,723,0.4,0.995,1,0,3,0
95900.0,0.205,725,5.1,0.564,1,0,0,0
52000.0,0.668,764,15.4,0.878,1,0,1,1
103200.0,0.139,698,21.9,0.893,1,0,1,0
53400.0,0.64,704,13.0,0.797,1,0,2,1
35100.0,0.68,517,4.2,0.75,1,1,2,1
84700.0,0.249,618,5.7,0.934,0,1,2,0
130700.0,0.674,841,1.0,0.96,0,1,1,1
80300.0,0.281,589,1.4,0.672,1,0,1,0
106000.0,0.446,631,1.5,0.951,1,0,1,0
53700.0,0.418,545,4.6,0.964,1,0,0,1
62800.0,0.717,700,4.8,0.868,1,0,1,0
138000.0,0.21,648,1.5,0.853,1,0,2,0
109500.0,0.26,646,1.3,0.624,1,0,1,0
112100.0,0.195,620,8.4,0.748,1,0,2,0
52200.0,0.221,725,1.7,0.885,1,0,2,0
61500.0,0.332,757,5.3,0.904,1,0,0,0
77800.0,0.264,679,1.4,0.932,1,0,2,0
36100.0,0.616,569,4.3,0.831,0,0,1,0
25600.0,0.212,695,5.8,0.738,1,0,0,0
107100.0,0.181,817,22.5,0.964,1,0,2,0
31900.0,0.549,628,0.7,0.666,1,0,0,1
60900.0,0.239,805,7.3,0.707,0,0,2,0
105500.0,0.178,691,8.0,0.875,1,0,0,0
50700.0,0.784,657,1.5,0.834,1,1,1,0
50000.0,0.135,624,3.1,0.858,0,0,1,0
112300.0,0.225,732,7.4,0.867,1,0,4,0
109200.0,0.326,630,7.5,0.989,0,0,3,0
159700.0,0.134,658,4.2,0.794,1,0,4,0
61000.0,0.279,636,7.2,0.923,1,0,2,0
22800.0,0.167,648,4.7,0.688,1,0,1,0
70200.0,0.179,614,0.7,0.976,0,2,4,1
68100.0,0.395,719,9.0,0.987,1,0,1,0
35300.0,0.368,681,1.8,0.839,1,0,2,0
81800.0,0.05,590,21.8,0.915,1,3,0,1
34400.0,0.523,614,9.8,0.778,1,0,1,0
175600.0,0.383,568,8.5,0.596,0,0,3,0
48700.0,0.198,770,9.5,0.81,1,0,0,0
18200.0,0.761,695,2.9,0.819,1,0,1,0
93800.0,0.11,673,0.4,0.67,1,0,1,0
101900.0,0.151,648,3.0,0.894,1,0,2,0
41700.0,0.45,656,2.4,0.798,0,0,3,0
32800.0,0.491,699,1.5,0.839,1,0,2,1
181300.0,0.182,740,2.5,0.773,0,0,3,0
245400.0,0.362,789,6.5,0.852,1,0,0,0
110300.0,0.228,759,0.4,0.723,1,0,1,0
59100.0,0.402,722,2.2,0.987,1,0,1,0
50200.0,0.651,480,2.1,0.811,1,0,4,1
80500.0,0.22,707,1.4,0.55,1,0,3,0
91000.0,0.098,803,13.7,0.494,0,0,0,0
58100.0,0.325,726,11.6,0.919,1,0,1,0
52100.0,0.173,689,6.4,0.658,1,0,2,0
50500.0,0.368,546,9.9,0.874,1,0,0,0
33500.0,0.101,616,7.4,0.929,1,0,2,0
67900.0,0.502,532,0.4,0.849,0,0,3,1
78100.0,0.283,632,10.1,0.989,1,0,2,0
84100.0,0.357,625,3.7,0.939,1,0,1,0
49600.0,0.253,682,4.2,0.927,1,0,1,0
118400.0,0.383,677,23.1,0.542,1,1,0,0
76000.0,0.491,682,18.3,0.832,1,0,1,0
114200.0,0.535,696,2.0,0.965,0,0,1,0
64900.0,0.55,780,2.8,0.366,1,1,2,0
65800.0,0.184,850,0.2,0.676,1,0,1,0
104600.0,0.293,729,3.3,0.942,0,0,1,0
53700.0,0.821,773,2.1,0.759,1,0,2,0
60800.0,0.431,692,0.3,0.748,1,0,4,0
61100.0,0.266,676,2.3,0.948,1,0,0,0
60000.0,0.257,682,5.4,0.804,0,0,2,0
58300.0,0.552,705,3.0,0.887,1,0,3,1
50800.0,0.272,686,1.6,0.918,1,0,3,0
224700.0,0.26,748,0.5,0.871,0,0,2,0
144300.0,0.474,713,9.8,0.81,1,0,1,0
51900.0,0.289,732,1.5,0.716,0,0,3,0
58500.0,0.478,592,11.6,0.764,0,1,0,0
160800.0,0.487,628,2.8,0.902,1,3,1,0
122700.0,0.209,701,15.9,0.995,1,0,1,0
84300.0,0.477,564,29.0,0.597,1,0,3,0
74000.0,0.183,550,4.9,0.889,1,0,2,1
59500.0,0.107,710,4.6,0.794,1,1,1,0
67200.0,0.304,807,2.7,0.846,1,0,3,0
61600.0,0.05,641,13.7,0.526,0,0,1,0
48900.0,0.277,599,2.1,0.967,1,0,0,0
176500.0,0.547,671,5.4,0.888,1,2,1,1
98900.0,0.253,656,5.9,0.843,1,1,1,0
95200.0,0.537,514,17.4,0.882,1,0,0,0
31000.0,0.557,615,3.3,0.986,1,0,0,1
107500.0,0.279,600,1.8,0.64,0,0,3,0
21300.0,0.144,792,2.7,0.95,1,0,2,0
34600.0,0.249,676,7.2,0.937,1,0,2,0
102800.0,0.201,549,1.6,0.654,0,0,2,1
100900.0,0.094,627,4.1,0.878,1,0,1,0
21500.0,0.159,637,0.3,0.83,0,0,2,0
103300.0,0.406,622,5.6,0.868,1,2,2,0
143800.0,0.335,653,4.1,0.85,0,0,3,0
40300.0,0.236,792,3.8,0.709,1,0,4,0
101400.0,0.271,679,1.5,0.78,1,0,1,0
69400.0,0.449,671,7.4,0.667,0,0,2,0
76100.0,0.205,728,14.0,0.643,1,0,0,0
76400.0,0.204,670,2.2,0.981,1,0,2,0
58000.0,0.45,628,26.2,0.879,1,1,4,0
184600.0,0.387,659,0.7,0.984,0,0,3,0
131800.0,0.35,639,2.0,0.653,0,0,1,0
172100.0,0.513,774,2.0,0.71,1,0,0,0
69900.0,0.21,710,6.9,0.81,1,0,2,0
62100.0,0.294,850,0.6,0.892,1,0,0,0
83700.0,0.056,660,5.3,0.8,0,0,1,0
121300.0,0.589,701,16.0,0.861,1,1,3,0
76000.0,0.458,748,15.5,0.982,1,0,0,0
69300.0,0.386,624,28.2,0.903,0,0,0,0
69800.0,0.441,683,10.9,0.786,1,0,3,0
97500.0,0.543,723,1.8,0.937,1,0,3,0
69800.0,0.387,838,1.1,0.955,1,3,4,0
51300.0,0.27,687,0.4,0.762,1,0,0,0
49900.0,0.337,782,2.4,0.956,1,0,0,1
51200.0,0.415,613,17.4,0.794,0,0,0,0
31400.0,0.301,635,5.0,0.968,1,0,3,0
41400.0,0.199,641,2.5,0.959,1,0,0,0
178300.0,0.386,831,0.0,0.872,1,0,0,0
89500.0,0.314,761,5.1,0.91,1,0,2,0
92600.0,0.139,718,20.2,0.766,0,1,1,0
54500.0,0.601,765,32.2,0.863,1,0,0,0
21600.0,0.273,562,4.8,0.708,1,0,1,1
90700.0,0.089,657,10.5,0.756,1,0,4,0
83500.0,0.232,704,0.8,0.959,1,0,2,0
88600.0,0.676,601,28.4,0.961,1,1,1,0
75100.0,0.364,526,4.6,0.966,1,1,2,1
31600.0,0.298,584,2.9,0.903,1,0,0,0
169900.0,0.553,709,2.8,0.919,1,0,3,0
143900.0,0.576,735,10.0,0.93,1,0,2,1
155300.0,0.768,678,16.3,0.862,0,1,1,0
24000.0,0.187,588,21.5,0.945,1,0,3,0
87100.0,0.525,626,5.5,0.838,1,0,2,0
119100.0,0.399,684,4.6,0.972,1,0,1,0
91700.0,0.112,669,2.1,0.894,1,0,2,0
66100.0,0.294,850,7.1,0.943,1,1,1,0
91300.0,0.096,714,0.9,0.964,1,0,1,1
100000.0,0.493,652,28.3,0.838,1,3,2,1
93500.0,0.183,708,13.0,0.973,1,0,0,0
37000.0,0.333,844,5.8,0.729,1,0,0,0
152800.0,0.464,634,3.4,0.833,1,0,0,0
148700.0,0.337,717,11.5,0.853,1,0,0,0
95100.0,0.498,738,5.7,0.836,1,0,4,0
97900.0,0.207,672,13.9,0.923,1,0,0,0
34000.0,0.139,682,2.7,0.588,1,1,2,0
61900.0,0.183,517,11.5,0.968,1,0,1,1
32100.0,0.188,753,0.0,0.807,1,0,0,0
305800.0,0.359,677,1.2,0.848,1,0,3,1
83100.0,0.399,687,9.3,0.986,0,0,2,0
104300.0,0.248,617,9.0,0.932,1,1,1,0
63300.0,0.208,815,3.6,0.609,1,0,1,0
18000.0,0.346,550,1.1,0.934,1,0,1,0
38800.0,0.455,568,0.3,0.814,0,0,1,1
33800.0,0.396,692,2.4,0.803,1,0,1,0
74400.0,0.378,691,6.1,0.938,1,0,2,0
49000.0,0.256,580,3.0,0.995,1,0,3,0
129100.0,0.261,747,11.9,0.841,1,0,1,0
46200.0,0.693,628,0.7,0.974,1,0,2,1
74800.0,0.491,694,1.5,0.828,1,0,1,0
44200.0,0.134,695,7.9,0.656,0,0,0,0
125900.0,0.161,720,6.6,0.99,1,3,0,0
97300.0,0.373,710,3.6,0.999,1,0,2,0
39700.0,0.329,640,15.8,0.763,1,0,1,0
65300.0,0.232,667,0.3,0.997,1,0,0,0
44000.0,0.058,674,0.6,0.65,0,0,0,0
144600.0,0.618,734,0.2,0.663,1,0,2,0
45300.0,0.244,582,5.7,0.95,1,1,4,0
103400.0,0.411,710,0.7,0.717,1,0,0,0
77500.0,0.199,690,11.2,0.987,1,2,1,0
47700.0,0.315,782,4.9,0.833,1,0,1,0
159300.0,0.287,634,1.1,0.904,1,0,1,0
59000.0,0.371,813,6.6,0.861,1,0,3,0
31900.0,0.329,671,7.4,0.582,1,2,2,1
68300.0,0.178,415,16.6,0.901,1,0,0,0
46900.0,0.508,699,1.0,0.684,1,0,1,0
189900.0,0.144,647,1.9,0.905,1,0,1,0
103700.0,0.413,671,0.5,0.826,1,0,3,1
128900.0,0.736,711,7.6,0.817,1,0,1,0
30300.0,0.36,762,23.2,0.915,1,0,2,0
161300.0,0.419,850,1.3,0.75,0,0,1,0
57900.0,0.614,589,13.6,0.959,1,0,1,0
40800.0,0.413,775,9.2,0.962,1,1,1,0
93300.0,0.496,709,1.0,0.912,0,0,0,0
54800.0,0.373,566,6.6,0.935,1,1,0,1
50000.0,0.7,747,0.8,0.83,1,0,1,0
129700.0,0.651,813,2.9,0.994,0,0,0,1
28700.0,0.395,626,8.7,0.898,0,0,1,0
47400.0,0.35,644,16.6,0.978,1,0,1,0
83100.0,0.307,834,7.6,0.994,0,0,2,0
89800.0,0.419,681,1.5,0.631,1,0,1,0
29000.0,0.414,670,9.2,0.71,1,0,2,0
96500.0,0.239,532,5.2,0.929,1,0,2,0
89700.0,0.416,632,3.4,0.613,1,1,3,0
38600.0,0.274,622,1.5,0.908,0,0,3,0
20700.0,0.459,803,8.0,0.83,1,0,3,0
34700.0,0.398,577,3.4,0.588,1,1,0,0
111000.0,0.097,694,2.0,0.737,1,0,3,1
62200.0,0.534,672,0.9,0.956,1,0,1,0
42200.0,0.189,588,6.0,0.915,1,0,1,0
107800.0,0.406,850,5.5,0.695,1,3,2,0
48800.0,0.407,802,22.6,0.884,1,0,3,0
114700.0,0.362,688,7.5,0.786,0,0,3,0
68400.0,0.408,835,4.5,0.962,1,0,0,0
26800.0,0.543,573,2.6,0.704,1,0,2,1
98400.0,0.42,735,7.5,0.878,1,0,3,0
73200.0,0.258,498,2.3,0.986,1,0,1,1
87700.0,0.417,563,1.9,0.897,1,1,0,1
53600.0,0.276,570,9.8,0.964,1,1,1,1
41400.0,0.481,732,2.0,0.928,1,0,5,0
113300.0,0.135,646,0.9,0.981,1,0,0,0
85400.0,0.753,709,1.2,0.488,1,0,0,1
58100.0,0.197,663,4.8,0.98,1,0,0,0
73400.0,0.617,632,9.7,0.949,1,0,1,0
45300.0,0.366,629,1.6,0.6,1,0,0,0
78800.0,0.471,729,5.5,0.921,1,0,2,0
114800.0,0.226,753,0.2,0.785,1,0,2,0
289400.0,0.588,573,3.6,0.955,1,0,1,1
69500.0,0.275,786,0.8,0.852,1,0,2,0
112300.0,0.24,572,24.0,0.943,1,0,1,1
97300.0,0.358,607,3.3,0.896,1,2,2,0
83200.0,0.476,745,1.2,0.615,1,0,0,0
54400.0,0.34,548,8.5,0.873,1,2,1,1
43400.0,0.444,651,1.3,0.837,1,0,2,0
51800.0,0.216,686,0.1,0.956,1,0,1,0
62400.0,0.523,822,2.9,0.944,1,0,2,0
52300.0,0.358,686,5.7,0.852,0,0,2,0
33600.0,0.618,669,2.1,0.727,1,0,3,0
93700.0,0.29,625,3.3,0.829,0,0,3,1
39300.0,0.187,752,2.1,0.694,1,0,3,0
112700.0,0.348,721,13.0,0.913,1,0,4,0
52900.0,0.303,691,1.7,0.953,1,0,1,0
33400.0,0.386,750,0.8,0.897,1,0,1,0
36400.0,0.388,651,2.8,0.873,1,0,0,0
69500.0,0.542,678,2.4,0.745,1,0,1,0
66400.0,0.286,727,5.4,0.811,1,0,3,0
35200.0,0.401,632,8.1,0.796,1,0,3,0
48400.0,0.589,643,11.1,0.812,1,1,1,0
94200.0,0.381,755,6.2,0.971,1,0,1,1
78900.0,0.135,680,27.9,0.745,1,0,2,0
53000.0,0.47,774,5.4,0.92,1,0,1,0
138800.0,0.258,734,0.1,0.419,0,0,3,0
19700.0,0.073,531,1.0,0.934,1,1,0,1
37300.0,0.445,632,2.6,0.92,1,3,0,1
40500.0,0.456,651,2.4,0.947,1,0,0,0
125700.0,0.59,627,2.2,0.805,1,0,3,1
99600.0,0.77,639,6.5,0.911,1,0,2,0
255800.0,0.113,749,2.0,0.714,1,0,0,0
89700.0,0.259,840,2.5,0.978,1,0,3,0
65200.0,0.625,814,14.5,0.957,1,0,1,1
217900.0,0.199,689,17.2,0.977,1,0,0,0
39400.0,0.508,684,0.0,0.991,1,0,0,1
43700.0,0.49,773,3.8,0.975,0,0,1,0
31500.0,0.55,776,3.0,0.974,1,0,0,0
99900.0,0.232,753,4.1,0.799,1,0,0,0
71000.0,0.406,619,19.1,0.806,1,0,1,0
61800.0,0.18,650,7.6,0.84,0,0,0,0
70100.0,0.335,723,18.9,0.997,1,0,2,0
67800.0,0.205,720,2.6,0.942,1,0,1,0
27800.0,0.29,732,1.0,0.339,1,0,2,0
147500.0,0.267,698,6.4,0.952,1,3,1,0
47100.0,0.323,638,5.0,0.932,1,0,1,0
85600.0,0.368,647,11.5,0.83,0,0,2,0
45100.0,0.555,642,12.4,0.947,1,0,2,0
51600.0,0.095,706,3.1,0.965,0,0,0,0
55400.0,0.326,634,11.3,0.897,1,0,2,0
69600.0,0.069,668,2.3,0.843,1,0,0,0
112300.0,0.332,703,1.4,0.704,1,1,3,0
50200.0,0.218,472,3.7,0.96,1,1,0,1
52900.0,0.424,850,10.8,0.531,0,0,2,1
51000.0,0.378,695,3.8,0.909,1,0,0,0
44900.0,0.167,592,3.8,0.801,1,0,3,0
81800.0,0.332,638,0.3,0.957,1,0,0,0
137600.0,0.395,701,0.7,0.553,1,1,4,0
84200.0,0.373,835,3.7,0.874,1,0,0,0
60000.0,0.26,627,4.0,0.987,1,0,1,0
174500.0,0.446,521,0.6,0.615,1,0,2,0
45500.0,0.293,675,0.5,0.905,1,0,0,0
71100.0,0.293,669,5.6,0.776,1,0,3,0
153300.0,0.507,631,4.7,0.834,1,0,3,0
33100.0,0.274,751,7.9,0.955,1,0,0,0
59600.0,0.2,648,7.5,0.679,1,0,2,0
83800.0,0.408,639,2.0,0.882,0,0,2,0
78100.0,0.065,736,6.6,0.876,1,0,1,0
53500.0,0.56,677,5.1,0.766,1,1,2,1
166300.0,0.427,637,0.1,0.795,0,0,3,0
51600.0,0.133,571,3.3,0.964,1,0,0,1
44800.0,0.448,761,7.1,0.973,1,0,1,0
60800.0,0.112,722,14.5,0.807,1,0,3,0
36500.0,0.447,664,0.8,0.914,1,0,1,1
26900.0,0.557,767,1.5,0.811,0,0,2,1
102500.0,0.129,568,8.6,0.98,0,0,0,0
68400.0,0.298,780,0.6,0.924,1,0,1,0
51400.0,0.486,708,0.2,0.974,0,0,1,0
118200.0,0.537,673,2.4,0.993,1,0,2,1
72800.0,0.143,750,2.3,0.53,1,0,3,0
57300.0,0.351,786,3.9,0.863,0,1,0,0
42400.0,0.601,653,1.7,0.99,1,0,2,0
54900.0,0.54,648,0.1,0.946,1,0,0,0
58300.0,0.45,631,14.7,0.817,1,0,2,0
111300.0,0.24,651,22.7,0.759,1,0,1,0
47200.0,0.423,625,29.7,0.671,0,0,1,0
74900.0,0.457,832,21.0,0.768,1,0,1,0
61100.0,0.315,715,10.2,0.617,1,0,3,0
47600.0,0.38,755,5.2,0.825,1,0,3,0
77400.0,0.214,595,4.5,0.821,1,1,1,0
80000.0,0.263,803,0.4,0.828,1,1,0,0
47600.0,0.273,638,12.8,0.786,1,0,2,0
50900.0,0.05,767,1.6,0.972,1,0,0,0
42700.0,0.788,688,8.1,0.979,1,0,2,1
118400.0,0.566,660,7.2,0.942,0,0,3,1
143300.0,0.398,771,8.4,0.994,1,0,2,0
56100.0,0.461,706,0.8,0.954,1,0,3,0
98100.0,0.285,784,3.5,0.991,1,0,0,0
43500.0,0.219,643,7.4,0.968,1,0,3,0
57700.0,0.119,655,0.1,0.918,0,0,4,0
100800.0,0.424,587,3.2,0.806,1,0,0,0
50800.0,0.277,658,2.3,0.968,0,1,0,0
54700.0,0.531,665,9.9,0.808,1,1,1,1
38800.0,0.275,734,4.4,0.976,1,0,1,0
51900.0,0.292,673,5.0,0.992,1,0,2,0
89100.0,0.391,746,0.5,0.832,1,0,0,0
89600.0,0.097,690,1.1,0.818,1,0,0,0
47600.0,0.202,765,8.3,0.909,1,0,1,0
36500.0,0.595,706,4.1,0.967,1,0,1,0
92900.0,0.481,613,1.1,0.585,1,0,1,0
25400.0,0.091,694,0.0,0.891,1,0,1,0
107400.0,0.228,817,2.7,0.868,0,0,0,0
155900.0,0.513,743,2.4,0.686,1,0,2,0
119500.0,0.298,638,2.9,0.893,0,0,0,0
88000.0,0.544,686,0.1,0.833,1,0,2,1
77200.0,0.248,607,15.0,0.96,1,0,1,0
55400.0,0.278,652,3.1,0.826,0,0,2,0
48600.0,0.591,771,8.0,0.95,1,0,1,0
58000.0,0.42,554,1.3,0.995,1,0,1,0
33500.0,0.319,620,0.1,0.646,1,2,2,0
23600.0,0.499,566,7.9,0.861,1,0,1,1
43100.0,0.53,583,13.9,0.785,1,0,3,0
59400.0,0.788,627,5.0,0.939,0,0,1,0
42300.0,0.127,663,1.1,0.737,1,0,3,0
60000.0,0.51,711,7.2,0.968,1,1,0,0
73600.0,0.318,667,17.2,0.684,1,0,1,0
153500.0,0.187,729,20.3,0.991,1,0,1,0
59300.0,0.258,666,4.4,0.861,1,1,0,0
62900.0,0.484,688,11.3,0.807,1,0,1,1
38400.0,0.119,651,8.5,0.75,1,0,0,0
66600.0,0.493,549,2.7,0.996,1,0,1,1
92000.0,0.13,589,3.1,0.852,1,0,2,0
97600.0,0.055,603,3.2,0.726,1,0,2,0
62100.0,0.439,694,0.3,0.554,1,1,0,0
57500.0,0.321,742,6.3,0.965,1,1,2,0
45500.0,0.119,724,4.9,0.995,1,0,2,0
69300.0,0.457,591,8.5,0.876,1,0,2,0
115600.0,0.375,759,2.4,0.547,1,0,1,0
109500.0,0.177,702,0.3,0.888,1,1,1,0
83900.0,0.356,625,4.8,0.803,1,1,1,0
77900.0,0.571,607,10.3,0.907,1,0,3,0
70600.0,0.214,607,10.9,0.625,0,0,0,0
36400.0,0.607,733,9.6,0.356,1,2,1,1
124400.0,0.422,675,4.9,0.983,1,0,0,0
98000.0,0.319,551,7.9,0.857,1,0,3,0
31400.0,0.574,589,0.8,0.863,1,0,4,1
58400.0,0.427,707,1.3,0.996,1,0,4,0
42600.0,0.384,684,21.5,0.849,1,1,1,0
200100.0,0.488,723,3.2,0.949,0,0,3,0
32700.0,0.167,649,3.1,0.893,1,1,0,0
71300.0,0.27,798,0.5,0.884,1,0,3,0
92800.0,0.627,678,3.6,0.97,0,0,0,1
34000.0,0.734,616,6.5,0.892,1,0,1,1
120000.0,0.098,511,8.1,0.719,1,0,1,1
41000.0,0.551,702,2.8,0.751,1,0,0,0
39900.0,0.466,485,18.7,0.976,0,2,1,1
97400.0,0.331,706,3.7,0.953,0,0,0,0
60800.0,0.55,652,4.0,0.947,1,0,3,0
35900.0,0.291,552,6.5,0.543,0,2,2,1
38100.0,0.317,596,0.8,0.879,1,0,1,1
35600.0,0.06,643,6.6,0.913,1,0,1,0
44100.0,0.212,723,2.7,0.869,0,0,0,0
46200.0,0.379,609,0.2,0.932,0,0,5,0
154700.0,0.449,780,9.1,0.895,1,0,3,0
178500.0,0.583,730,16.8,0.997,1,0,1,0
57100.0,0.412,850,5.1,0.986,1,2,1,1
36300.0,0.253,819,2.7,0.739,0,0,2,0
170000.0,0.712,814,7.2,0.916,1,1,0,0
96500.0,0.529,653,14.1,0.719,1,0,2,0
87600.0,0.458,834,2.3,0.614,1,0,3,1
45900.0,0.344,809,4.9,0.958,1,0,1,0
62800.0,0.624,675,1.7,0.978,1,0,2,1
42000.0,0.279,731,6.2,0.912,0,3,2,1
52500.0,0.709,626,9.4,0.704,1,0,4,0
184900.0,0.454,681,1.4,0.768,1,0,2,0
132700.0,0.305,669,4.9,0.928,1,0,0,0
29700.0,0.438,839,1.2,0.982,1,0,0,0
80700.0,0.418,602,3.9,0.877,1,0,1,0
42500.0,0.097,797,6.8,0.72,1,0,3,0
36700.0,0.075,675,0.2,0.934,1,0,1,0
58300.0,0.084,629,8.1,0.882,1,0,0,0
34800.0,0.63,613,2.6,0.962,1,0,3,0
110100.0,0.429,561,5.0,0.958,1,0,2,0
93300.0,0.125,714,3.7,0.817,1,1,0,0
43900.0,0.05,743,9.1,0.893,1,2,1,0
220800.0,0.79,745,8.1,0.721,1,0,2,1
125600.0,0.189,784,0.0,0.895,1,0,2,0
46300.0,0.102,745,0.9,0.863,1,0,1,0
279100.0,0.26,686,1.6,0.949,1,1,2,0
57400.0,0.209,643,4.3,0.864,1,0,1,0
33200.0,0.312,644,2.2,0.905,1,0,3,0
37900.0,0.664,658,0.8,0.827,1,0,1,0
70300.0,0.323,700,0.5,0.793,1,0,2,0
75900.0,0.5,737,2.9,0.954,1,0,1,1
62700.0,0.147,729,3.0,0.992,1,0,2,0
46800.0,0.556,541,6.7,0.869,1,0,2,1
175800.0,0.57,646,0.9,0.839,1,0,2,1
53500.0,0.166,611,2.9,0.973,0,0,1,0
54200.0,0.593,662,2.3,0.844,1,0,3,0
18800.0,0.328,706,3.9,0.81,1,0,2,0
32800.0,0.51,596,10.2,0.842,0,0,2,0
149100.0,0.492,678,2.5,0.998,1,0,1,0
46000.0,0.302,660,30.3,0.909,0,0,3,0
127500.0,0.299,691,17.6,0.784,1,1,0,0
46000.0,0.071,648,1.5,0.841,1,2,1,1
42800.0,0.387,559,4.3,0.93,1,0,8,0
75100.0,0.681,484,14.6,0.976,1,0,1,0
80900.0,0.125,618,7.5,0.888,1,0,2,0
32500.0,0.494,659,12.4,0.651,1,0,1,0
50800.0,0.294,655,9.6,0.978,1,0,0,0
62900.0,0.307,745,5.8,0.925,1,0,1,0
70600.0,0.198,740,6.4,0.991,1,0,1,0
83600.0,0.533,521,1.8,0.83,1,0,1,1
65900.0,0.404,609,1.2,0.813,1,2,5,0
117400.0,0.358,730,5.1,0.777,0,0,0,0
236800.0,0.053,757,0.5,0.909,1,0,2,0
37700.0,0.68,805,1.8,0.79,1,0,2,1
59000.0,0.619,654,5.6,0.926,1,0,1,0
42400.0,0.1,501,0.6,0.824,1,0,4,0
40000.0,0.705,555,5.9,0.981,1,0,2,1
56200.0,0.519,656,4.6,0.759,1,0,3,1
38000.0,0.265,564,0.9,0.691,1,3,1,1
97400.0,0.251,590,4.1,0.953,1,0,1,0
221000.0,0.25,625,7.5,0.596,1,1,4,0
64900.0,0.503,530,5.0,0.988,1,0,4,0
49600.0,0.288,696,13.0,0.958,1,0,0,0
27900.0,0.74,850,17.8,0.746,1,0,2,1
49200.0,0.238,731,2.7,0.947,1,0,1,0
87800.0,0.158,726,1.8,0.639,1,0,3,0
72800.0,0.342,770,3.1,0.802,1,0,2,0
40400.0,0.23,839,3.7,0.822,0,0,1,0
90100.0,0.097,711,1.2,0.586,1,0,0,0
39000.0,0.051,758,8.1,0.911,1,0,0,0
83200.0,0.268,713,14.8,0.731,1,0,3,0
89300.0,0.444,734,3.9,0.892,1,0,2,0
68200.0,0.595,595,0.3,0.883,1,0,2,0
144600.0,0.341,837,24.9,0.869,1,0,5,0
39900.0,0.295,648,2.5,0.978,0,0,3,0
228200.0,0.134,564,1.5,0.761,1,0,5,0
29500.0,0.465,732,2.9,0.89,1,0,1,1
31800.0,0.06,717,3.7,0.871,1,0,2,0
24700.0,0.425,608,2.1,0.484,1,0,1,0
52000.0,0.27,610,3.4,0.883,1,0,1,0
18700.0,0.423,532,15.8,0.822,1,0,1,0
69300.0,0.195,762,5.9,0.944,0,0,1,0
69400.0,0.072,727,2.3,0.984,1,0,2,0
43200.0,0.292,769,0.0,0.762,1,0,5,0
55300.0,0.228,694,5.7,0.722,0,0,3,0
60900.0,0.288,694,3.1,0.86,1,1,0,0
65600.0,0.493,775,3.8,0.812,1,0,0,0
51300.0,0.494,699,12.4,0.87,1,3,4,0
53500.0,0.183,636,3.6,0.797,0,1,2,0
74600.0,0.261,782,0.9,0.908,1,0,2,0
35700.0,0.383,634,4.7,0.951,0,0,2,0
50900.0,0.164,673,7.3,0.936,1,0,1,0
118100.0,0.484,617,2.1,0.854,0,0,2,0
41200.0,0.239,577,1.7,0.772,1,0,2,1
38000.0,0.808,652,2.8,0.927,1,2,1,1
35100.0,0.54,794,3.0,0.852,1,0,2,0
41700.0,0.391,850,1.2,0.889,1,0,3,0
100800.0,0.098,515,6.0,0.838,0,0,3,0
104100.0,0.56,658,8.9,0.818,1,0,0,0
101500.0,0.504,641,5.8,0.988,1,0,3,1
85000.0,0.311,741,4.2,0.964,1,3,1,0
80600.0,0.259,672,5.1,0.867,1,0,2,0
107900.0,0.252,700,4.3,0.979,1,0,3,0
51200.0,0.255,736,3.7,0.818,1,0,0,0
102900.0,0.665,628,0.2,0.679,1,0,0,0
133000.0,0.14,732,4.7,0.974,1,0,2,0
27500.0,0.317,653,0.5,0.752,1,1,1,0
55900.0,0.531,813,4.7,0.806,1,1,2,0
54400.0,0.155,626,4.1,0.831,0,1,1,0
65200.0,0.387,691,11.6,0.946,1,0,1,0
84500.0,0.156,587,3.2,0.72,1,0,1,0
208300.0,0.572,585,18.3,0.974,1,0,3,1
31400.0,0.298,611,3.7,0.936,0,0,1,0
33600.0,0.18,731,17.8,0.88,0,0,1,0
105500.0,0.153,702,1.0,0.907,1,0,2,0
83200.0,0.109,748,12.5,0.915,1,0,5,0
52200.0,0.246,704,9.1,0.917,1,0,2,0
54600.0,0.647,800,1.7,0.915,1,0,0,0
62300.0,0.257,589,33.4,0.931,1,0,1,0
84000.0,0.321,701,1.8,0.555,1,2,6,1
95200.0,0.203,826,4.1,0.657,1,0,2,0
108100.0,0.434,712,7.7,0.91,0,0,2,0
135400.0,0.233,736,0.0,0.931,0,0,1,0
110700.0,0.233,845,2.6,0.987,1,0,0,0
59000.0,0.481,549,5.1,0.945,1,0,1,1
31200.0,0.077,834,5.4,0.709,1,1,0,0
42800.0,0.158,737,8.6,0.894,1,0,1,0
21800.0,0.555,632,4.7,0.91,1,0,1,1
221600.0,0.264,789,27.6,0.98,1,1,0,0
132300.0,0.346,618,6.3,0.766,1,1,1,0
49900.0,0.557,755,6.3,0.877,1,0,1,0
93200.0,0.179,561,3.5,0.96,1,1,2,0
61100.0,0.717,567,3.7,0.969,1,0,1,0
100300.0,0.467,680,4.1,0.812,0,2,2,0
90500.0,0.547,710,19.3,0.984,0,0,1,0
61900.0,0.786,636,5.2,0.55,1,0,4,0
72100.0,0.16,575,0.3,0.949,0,0,2,1
48900.0,0.274,570,6.5,0.868,1,0,0,1
89100.0,0.201,475,1.1,0.931,1,0,2,0
23900.0,0.189,793,3.3,0.881,1,0,2,0
85800.0,0.493,655,0.6,0.985,1,0,1,1
29300.0,0.423,771,1.0,0.844,0,0,2,0
65700.0,0.379,540,8.5,0.967,1,0,0,1
69700.0,0.666,535,2.7,0.86,1,0,5,1
76400.0,0.06,495,0.3,0.895,0,0,2,0
42100.0,0.648,666,7.7,0.825,1,0,1,0
43100.0,0.61,713,0.0,0.866,0,0,2,0
84700.0,0.307,655,9.9,0.76,1,0,2,0
48800.0,0.22,603,4.9,0.901,1,3,0,1
112800.0,0.139,696,11.6,0.908,0,0,2,0
64400.0,0.166,661,2.0,0.896,1,0,0,0
66100.0,0.333,708,1.1,0.675,1,0,2,0
62800.0,0.403,558,0.4,0.709,1,0,0,0
81300.0,0.416,677,7.2,0.775,1,0,0,0
65800.0,0.5,715,14.4,0.911,1,0,2,0
78200.0,0.615,702,7.2,0.641,1,0,2,0
172700.0,0.391,674,5.7,0.888,1,2,0,0
168700.0,0.59,655,0.0,0.973,1,0,3,0
96900.0,0.431,676,2.7,0.973,1,0,0,0
22200.0,0.689,742,17.2,0.997,1,0,0,0
43400.0,0.666,712,4.7,0.737,1,3,2,0
70900.0,0.436,646,1.8,0.513,0,0,0,0
48300.0,0.287,636,0.8,0.937,1,0,4,0
81600.0,0.404,722,3.0,0.899,1,0,3,0
66800.0,0.505,663,0.9,0.914,1,0,1,0
63100.0,0.483,823,19.0,0.834,1,0,1,0
59600.0,0.563,668,11.0,0.956,1,0,3,1
33100.0,0.555,614,3.9,0.726,1,0,2,1
58500.0,0.55,764,27.9,0.62,1,1,1,1
124900.0,0.429,753,1.0,0.876,0,1,2,0
72600.0,0.589,671,1.1,0.959,1,1,3,1
109200.0,0.59,706,1.0,0.882,1,0,5,0
76800.0,0.11,794,0.9,0.832,0,0,1,0
91500.0,0.705,707,4.1,0.866,0,0,2,0
124400.0,0.456,674,8.9,0.826,1,1,3,0
44900.0,0.294,739,6.2,0.966,0,1,0,0
120700.0,0.418,691,3.3,0.724,1,0,2,0
18000.0,0.813,628,0.2,0.859,0,0,2,0
56200.0,0.365,715,2.5,0.687,0,0,0,0
224500.0,0.376,627,1.9,0.404,1,0,0,0
64400.0,0.493,766,1.6,0.83,1,0,2,1
124900.0,0.338,667,3.0,0.938,1,0,0,0
79600.0,0.155,509,7.0,0.916,1,0,0,1
85500.0,0.227,690,8.2,0.831,1,2,0,1
35100.0,0.146,714,1.3,0.858,1,0,1,0
62900.0,0.442,821,5.7,0.895,1,0,2,0
42100.0,0.619,600,2.3,0.494,0,0,1,0
117200.0,0.327,691,1.6,0.754,1,0,0,0
133200.0,0.253,605,35.0,0.951,1,0,0,0
53100.0,0.551,619,0.4,0.945,1,0,3,0
56900.0,0.476,484,11.5,0.704,1,0,2,1
129500.0,0.422,639,3.1,0.865,1,0,2,0
27500.0,0.302,666,17.1,0.991,1,0,3,0
125000.0,0.414,766,1.3,0.948,1,0,1,0
66600.0,0.688,826,33.0,0.869,1,0,3,0
71800.0,0.493,621,8.4,0.971,1,0,3,1
67900.0,0.404,691,5.0,0.806,0,0,0,0
176300.0,0.33,623,8.5,0.876,1,0,1,0
63800.0,0.101,771,8.0,0.889,0,0,2,0
32600.0,0.608,690,2.5,0.889,1,0,0,1
64800.0,0.204,719,16.2,0.857,1,0,1,1
60300.0,0.333,747,16.6,0.967,1,1,1,0
57300.0,0.301,820,1.9,0.915,1,0,0,0
128000.0,0.125,519,1.8,0.936,1,0,1,0
77300.0,0.452,632,11.7,0.599,1,1,0,0
96400.0,0.118,709,2.2,0.807,1,0,1,0
18000.0,0.177,593,15.0,0.99,0,0,0,0
61300.0,0.421,740,6.5,0.592,1,0,1,0
56300.0,0.335,628,20.1,0.731,1,0,3,0
144800.0,0.254,682,10.2,0.682,1,0,1,0
137500.0,0.383,773,11.0,0.981,1,0,1,0
117800.0,0.411,551,0.5,0.965,1,0,2,1
59100.0,0.05,764,4.1,0.956,1,0,0,0
39700.0,0.467,535,3.1,0.945,1,1,1,1
51700.0,0.051,725,9.1,0.935,1,0,0,0
63000.0,0.502,702,2.3,0.863,1,0,0,0
74600.0,0.371,606,6.8,0.943,1,0,0,0
74000.0,0.187,756,7.1,0.973,0,0,3,0
68700.0,0.723,564,2.2,0.683,1,0,0,1
66600.0,0.05,761,5.0,0.981,1,1,0,0
115900.0,0.288,664,7.3,0.952,1,0,1,0
75200.0,0.528,605,6.1,0.983,0,0,1,0
51900.0,0.379,746,2.4,0.833,0,0,1,0
80200.0,0.628,661,1.9,0.863,1,0,0,0
102300.0,0.157,626,2.2,0.727,1,1,1,0
199100.0,0.602,716,0.3,0.54,1,0,1,1
51100.0,0.164,690,6.1,0.984,1,0,1,0
42800.0,0.424,756,7.7,0.765,1,0,1,0
78700.0,0.246,577,0.3,0.742,1,0,3,1
41100.0,0.328,680,21.7,0.973,1,2,0,0
76600.0,0.342,802,9.3,0.869,1,0,1,0
155900.0,0.786,807,7.5,0.613,1,0,4,0
40500.0,0.631,741,10.8,0.863,1,0,1,0
58300.0,0.513,662,13.1,0.889,1,0,1,1
70000.0,0.358,829,2.1,0.941,1,1,0,0
93200.0,0.194,534,4.0,0.969,1,0,3,1
44300.0,0.705,651,6.1,0.92,0,1,1,1
160100.0,0.788,698,12.9,0.876,1,0,0,1
96700.0,0.381,662,7.6,0.666,1,0,1,0
80400.0,0.154,700,6.3,0.984,0,1,2,0
52900.0,0.3,699,4.7,0.985,1,0,1,0
24200.0,0.207,675,2.3,0.843,1,0,0,0
45800.0,0.208,693,7.5,0.807,1,0,1,0
71300.0,0.05,745,3.6,0.862,1,1,0,0
116000.0,0.444,671,0.7,0.89,1,1,0,0
119100.0,0.579,712,9.8,0.781,1,0,2,0
90300.0,0.332,580,6.7,0.924,0,0,2,0
48800.0,0.482,767,4.1,0.949,1,1,1,0
350000.0,0.258,745,13.0,0.767,1,0,0,0
52700.0,0.41,640,7.8,0.832,0,0,2,0
142300.0,0.393,736,5.3,0.883,1,0,1,0
74300.0,0.218,731,8.6,0.788,1,0,4,0
45600.0,0.482,691,11.9,0.465,1,3,1,1
69700.0,0.656,695,5.3,0.889,1,1,1,0
51900.0,0.514,749,12.5,0.888,0,0,1,0
22800.0,0.483,697,6.7,0.714,0,0,2,1
70200.0,0.666,540,5.0,0.816,0,0,1,1
47700.0,0.223,789,3.6,0.832,1,2,2,0
21500.0,0.311,592,1.0,0.744,1,0,4,0
18000.0,0.226,589,0.1,0.901,1,1,5,0
55600.0,0.478,700,1.5,0.821,1,0,2,0
27400.0,0.402,723,1.3,0.612,1,0,1,0
38500.0,0.127,670,1.5,0.667,1,0,0,0
36600.0,0.212,648,2.6,0.596,1,0,0,0
173700.0,0.662,788,3.7,0.784,1,0,2,0
94100.0,0.381,675,10.7,0.962,1,0,1,0
56400.0,0.126,769,2.8,0.755,1,0,1,0
55300.0,0.193,787,1.6,0.846,0,1,2,0
56300.0,0.588,676,26.9,0.996,0,0,3,1
53700.0,0.152,514,35.0,0.569,1,0,1,1
76900.0,0.22,825,8.6,0.825,0,0,2,0
41500.0,0.446,716,2.7,0.869,1,2,2,0
32300.0,0.05,676,3.1,0.902,1,0,2,0
114500.0,0.386,672,1.2,0.667,1,0,3,0
40100.0,0.55,672,1.8,0.976,1,0,2,1
92900.0,0.529,610,6.7,0.978,1,0,3,1
38500.0,0.519,753,5.3,0.648,0,2,0,1
100200.0,0.149,803,3.7,0.969,1,0,1,0
51900.0,0.584,553,5.8,0.974,1,1,0,1
53800.0,0.347,623,4.0,0.775,1,0,0,0
93900.0,0.429,755,18.8,0.892,1,0,2,0
131500.0,0.349,691,11.6,0.983,1,1,1,0
81900.0,0.478,781,8.6,0.739,1,0,3,0
70700.0,0.05,762,0.6,0.446,1,1,1,0
43700.0,0.448,768,3.8,0.976,0,0,4,1
64300.0,0.656,709,5.7,0.91,1,0,1,0
72900.0,0.057,743,0.6,0.815,1,1,5,0
105800.0,0.211,715,14.5,0.848,1,0,0,1
95000.0,0.386,770,1.5,0.935,1,0,2,0
86300.0,0.137,693,0.0,0.932,1,1,1,0
30200.0,0.413,761,3.2,0.787,1,1,0,0
146500.0,0.112,578,0.8,0.689,0,0,1,0
42800.0,0.497,775,7.8,0.834,1,0,1,0
55600.0,0.413,702,11.2,0.715,1,0,0,0
54800.0,0.226,694,3.4,0.944,1,2,3,1
53300.0,0.263,752,21.7,0.864,1,0,2,0
46800.0,0.394,675,4.3,0.941,0,0,1,0
90200.0,0.461,762,4.5,0.855,1,0,1,0
46400.0,0.31,586,9.1,0.955,0,0,2,0
24700.0,0.243,640,1.1,0.855,1,0,3,0
128800.0,0.421,625,1.3,0.955,1,1,4,0
91400.0,0.527,619,10.6,0.655,1,1,1,1
48300.0,0.335,718,0.3,0.927,1,0,5,0
37700.0,0.191,584,1.8,0.973,1,0,2,0
192600.0,0.224,581,5.5,0.987,0,0,0,0
58100.0,0.441,629,5.9,0.894,1,0,2,0
130000.0,0.223,685,6.5,0.794,0,0,0,0
53700.0,0.343,745,15.4,0.741,1,0,6,0
102200.0,0.445,711,0.8,0.788,1,0,2,0
19500.0,0.209,743,3.0,0.93,1,0,1,0
18000.0,0.238,628,1.5,0.75,1,1,0,0
130800.0,0.14,613,10.2,0.76,1,0,2,0
101000.0,0.65,665,1.3,0.939,0,0,2,1
91300.0,0.054,687,7.1,0.909,1,1,3,0
59000.0,0.635,614,34.4,0.657,1,0,1,1
232700.0,0.435,459,3.1,0.871,1,1,0,1
31500.0,0.422,493,3.8,0.613,1,0,3,0
113200.0,0.242,695,3.3,0.745,1,1,0,0
75700.0,0.322,752,4.7,0.836,1,0,1,0
37600.0,0.691,594,3.6,0.809,1,0,2,0
139600.0,0.507,674,7.9,0.894,1,1,3,0
92700.0,0.454,815,0.1,0.734,1,0,3,0
79000.0,0.203,741,3.8,0.571,1,0,0,0
73500.0,0.31,672,5.1,0.977,1,0,1,0
51200.0,0.475,696,0.2,0.714,1,0,1,0
68100.0,0.459,696,0.7,0.931,1,0,0,0
76200.0,0.234,676,2.8,0.87,1,0,1,0
195300.0,0.462,563,2.5,0.987,1,0,0,0
28200.0,0.328,669,15.2,0.758,1,0,1,0
29700.0,0.378,659,0.1,0.788,0,0,2,0
58300.0,0.079,698,10.2,0.925,1,1,2,0
38800.0,0.175,713,0.3,0.438,1,3,2,0
36900.0,0.162,643,11.0,0.848,1,1,2,0
125400.0,0.306,733,3.4,0.828,0,0,0,0
80100.0,0.087,731,6.2,0.744,1,0,5,0
67400.0,0.617,733,1.2,0.818,1,0,2,1
46200.0,0.461,606,9.6,0.943,1,0,1,0
90100.0,0.437,812,4.0,0.974,1,3,2,0
67500.0,0.481,591,0.3,0.952,1,0,2,1
52900.0,0.393,796,9.6,0.986,1,0,1,0
127600.0,0.142,721,8.1,0.996,1,0,1,0
160000.0,0.413,771,8.7,0.954,1,0,2,0
123100.0,0.431,663,3.8,0.743,1,0,2,0
94500.0,0.488,559,0.1,0.848,1,0,4,1
76800.0,0.461,613,12.5,0.899,1,0,1,0
30500.0,0.47,679,6.0,0.748,1,1,1,0
82700.0,0.127,710,13.2,0.819,1,0,0,0
33200.0,0.223,744,1.5,0.944,1,0,1,0
96100.0,0.251,522,7.1,0.951,1,0,1,1
76300.0,0.4,685,17.6,0.996,0,0,1,0
40000.0,0.245,785,33.6,0.946,0,0,0,0
104800.0,0.178,850,2.3,0.682,1,0,3,0
30300.0,0.544,850,6.4,0.987,1,0,4,1
55500.0,0.413,833,3.2,0.894,0,0,2,0
77500.0,0.363,671,20.6,0.897,1,0,0,0
68600.0,0.563,711,2.7,0.74,1,0,3,0
43300.0,0.241,767,2.5,0.96,1,0,4,0
18000.0,0.463,760,0.1,0.795,1,1,3,0
91000.0,0.467,632,2.6,0.875,1,0,1,0
346300.0,0.424,660,2.2,0.841,1,0,2,0
87600.0,0.226,613,0.8,0.937,1,0,6,0
46100.0,0.414,724,0.2,0.994,1,3,2,1
81400.0,0.419,746,0.1,0.852,1,0,0,0
88500.0,0.252,672,2.9,0.965,1,0,3,0
75100.0,0.342,708,2.8,0.983,1,0,2,0
56900.0,0.6,775,2.1,0.891,1,0,4,0
81900.0,0.44,724,3.7,0.775,1,3,1,0
67900.0,0.439,528,15.4,0.9,1,0,1,0
191300.0,0.392,686,2.1,0.973,0,0,0,0
54700.0,0.366,657,9.0,0.972,1,1,1,1
66000.0,0.393,649,0.2,0.84,1,0,0,0
40000.0,0.548,651,16.0,0.949,1,0,0,1
68400.0,0.05,495,2.3,0.883,0,0,0,0
98100.0,0.27,778,2.6,0.809,1,0,2,0
60400.0,0.456,706,3.5,0.912,1,0,0,0
115000.0,0.233,811,2.0,0.898,1,0,0,1
110900.0,0.316,558,13.7,0.909,1,0,0,0
95000.0,0.199,628,0.3,0.376,1,0,3,0
125500.0,0.464,629,0.4,0.837,1,0,1,0
73600.0,0.664,686,2.9,0.988,1,0,3,0
49000.0,0.213,644,1.1,0.823,1,0,0,0
84500.0,0.464,719,8.4,0.575,1,0,1,0
31300.0,0.392,850,1.6,0.907,1,0,0,0
45200.0,0.664,677,2.0,0.772,1,0,1,0
78700.0,0.404,738,1.8,0.635,0,0,1,1
28000.0,0.278,640,13.8,0.921,1,0,1,0
59500.0,0.384,775,10.4,0.833,1,0,1,0
313000.0,0.257,732,4.7,0.968,0,0,1,0
104400.0,0.341,723,0.0,0.875,1,0,4,0
59600.0,0.659,675,2.4,0.961,1,0,1,0
44500.0,0.231,761,3.9,0.695,0,2,2,0
84500.0,0.471,732,4.4,0.988,0,0,2,0
43300.0,0.327,793,1.7,0.881,1,0,3,0
158500.0,0.258,602,6.0,0.635,0,0,2,0
36400.0,0.561,697,1.3,0.872,1,1,3,0
53300.0,0.335,685,3.9,0.728,1,0,1,0
59000.0,0.229,654,2.9,0.885,1,0,3,0
116100.0,0.331,700,2.6,0.902,1,0,1,1
83000.0,0.275,738,2.8,0.925,1,3,3,1
33000.0,0.509,730,3.5,0.498,0,0,0,1
27000.0,0.604,711,1.7,0.382,1,0,2,0
89100.0,0.239,612,1.7,0.923,1,0,0,0
25200.0,0.247,710,1.4,0.933,1,0,1,0
58900.0,0.148,579,6.6,0.814,1,0,1,1
57600.0,0.425,701,1.8,0.921,1,0,0,0
54800.0,0.304,641,0.2,0.829,1,0,1,0
81000.0,0.342,770,3.4,0.833,0,1,0,0
189000.0,0.522,674,4.1,0.749,1,0,1,0
60600.0,0.586,603,18.9,0.941,1,0,0,0
58700.0,0.492,735,6.0,0.779,1,0,0,0
31700.0,0.102,678,0.7,0.893,0,0,2,0
69500.0,0.442,664,3.6,0.901,1,2,0,0
50900.0,0.41,655,8.3,0.581,1,0,1,0
76500.0,0.183,633,10.6,0.988,1,1,1,0
80200.0,0.128,742,5.9,0.934,1,0,1,0
74600.0,0.281,662,13.6,0.887,1,1,0,0
28100.0,0.335,727,4.6,0.964,1,1,1,0
61800.0,0.319,718,2.9,0.893,1,0,1,0
57800.0,0.273,760,4.0,0.847,1,0,1,0
45300.0,0.463,686,0.3,0.962,1,0,2,0
59700.0,0.53,540,0.1,0.708,1,3,3,1
78200.0,0.17,740,5.6,0.883,1,0,1,0
56300.0,0.302,662,1.6,0.786,1,0,2,0
96800.0,0.804,656,3.2,0.972,0,3,0,1
64400.0,0.644,850,7.0,0.845,1,0,2,0
85100.0,0.319,766,2.9,0.703,1,0,1,0
39800.0,0.459,708,6.5,0.865,1,0,0,0
100000.0,0.484,658,3.3,0.837,1,2,3,1
98200.0,0.25,692,0.2,0.639,1,0,2,0
46400.0,0.225,502,11.1,0.971,1,0,2,0
87500.0,0.413,763,9.2,0.876,1,0,0,0
112300.0,0.48,611,5.7,0.954,1,0,1,0
61600.0,0.334,571,4.1,0.847,0,1,2,0
22700.0,0.375,596,0.6,0.922,0,0,1,0
120000.0,0.303,640,6.7,0.897,1,0,1,0
67300.0,0.187,712,0.0,0.864,0,0,2,0
61400.0,0.305,680,2.6,0.909,1,0,0,0
61300.0,0.082,608,4.5,0.944,1,0,0,0
73300.0,0.654,626,7.7,0.827,1,1,2,0
43900.0,0.205,582,2.7,0.739,1,0,1,0
287500.0,0.202,740,5.6,0.705,1,0,2,0
64000.0,0.467,744,0.4,0.725,1,0,2,0
156500.0,0.312,796,7.5,0.786,1,0,0,0
77900.0,0.256,672,1.3,0.699,1,1,2,0
62400.0,0.065,692,0.0,0.881,1,0,2,0
48500.0,0.211,715,6.2,0.978,1,0,3,0
69300.0,0.213,739,0.4,0.969,1,0,1,0
69200.0,0.19,538,3.6,0.945,1,1,2,0
18000.0,0.445,639,11.7,0.969,1,2,0,1
37900.0,0.507,651,2.7,0.69,1,0,2,0
64600.0,0.612,555,6.4,0.961,1,0,0,1
66500.0,0.394,769,13.3,0.668,1,0,2,0
20700.0,0.252,550,7.9,0.892,1,0,1,1
62300.0,0.101,567,4.4,0.991,0,0,2,1
119200.0,0.276,640,2.9,0.698,1,0,0,0
74900.0,0.354,658,13.9,0.696,1,0,2,0
80400.0,0.44,790,1.7,0.796,1,0,1,0
132600.0,0.278,841,5.0,0.841,1,0,0,0
151400.0,0.551,695,11.0,0.964,1,0,4,1
52700.0,0.328,624,1.5,0.873,0,0,1,0
166800.0,0.092,585,3.6,0.906,1,0,1,0
30400.0,0.142,730,9.5,0.888,1,0,0,0
53400.0,0.539,584,4.0,0.966,1,0,0,0
180100.0,0.423,657,4.3,0.784,1,3,2,1
89300.0,0.252,765,3.8,0.616,1,0,0,0
40900.0,0.354,725,3.7,0.766,1,0,0,0
43500.0,0.484,623,18.1,0.907,1,0,1,0
79600.0,0.437,737,9.4,0.815,1,1,1,0
54000.0,0.221,625,6.4,0.966,1,1,1,0
141300.0,0.466,785,5.4,0.769,1,0,2,0
23500.0,0.456,621,0.2,0.863,0,0,0,0
185300.0,0.497,774,9.0,0.821,1,0,1,0
81900.0,0.381,614,4.2,0.515,1,0,0,0
29600.0,0.423,748,34.8,1.0,1,0,1,0
94600.0,0.468,728,4.4,0.937,1,0,2,0
28900.0,0.446,624,6.8,0.924,1,0,3,0
31900.0,0.411,829,10.7,0.99,1,0,2,0
56800.0,0.424,570,1.2,0.942,1,0,1,1
147900.0,0.35,653,4.8,0.812,1,0,2,0
40400.0,0.311,600,23.0,0.896,1,0,1,0
120300.0,0.331,703,1.7,0.831,1,0,0,0
195200.0,0.399,704,21.0,0.873,1,0,0,0
81700.0,0.359,597,11.4,0.884,0,0,3,0
107600.0,0.718,675,9.7,0.984,1,1,2,0
35000.0,0.466,797,1.0,0.957,1,0,2,0
78400.0,0.395,722,0.9,0.879,1,0,2,1
131900.0,0.129,810,10.8,0.999,1,0,2,0
88900.0,0.341,711,6.0,0.826,0,0,2,0
51400.0,0.648,561,4.7,0.746,1,0,1,0
82700.0,0.393,607,17.3,0.954,1,0,1,0
56300.0,0.235,682,1.0,0.95,1,2,1,0
140900.0,0.409,602,17.5,0.506,0,0,0,0
38700.0,0.311,689,4.8,0.753,0,0,0,0
65200.0,0.176,764,0.9,0.837,1,3,4,0
174400.0,0.329,785,3.4,0.969,1,0,0,0
52800.0,0.519,675,8.6,0.8,1,0,1,0
118600.0,0.713,620,0.6,0.844,1,0,0,0
74800.0,0.098,752,15.2,0.656,0,0,2,0
122900.0,0.167,731,1.6,0.856,0,0,3,0
64000.0,0.602,676,0.0,0.917,1,0,1,1
48400.0,0.05,636,7.1,0.722,1,0,3,0
48200.0,0.092,530,3.5,0.876,0,0,0,1
101500.0,0.267,705,2.0,0.658,1,0,1,0
52900.0,0.376,711,4.8,0.955,1,1,2,0
175600.0,0.476,850,1.7,0.994,1,2,2,0
96300.0,0.232,650,0.0,0.896,1,2,1,0
55100.0,0.477,706,3.6,0.933,0,1,2,0
162600.0,0.223,703,3.8,0.95,1,0,1,0
61600.0,0.252,758,1.5,0.957,0,0,0,0
23400.0,0.324,748,3.1,0.541,1,0,2,0
54500.0,0.342,798,8.4,0.81,1,0,1,0
32000.0,0.323,719,16.4,0.748,1,0,4,0
80300.0,0.69,723,7.9,0.911,1,0,3,1
43400.0,0.374,774,3.0,0.755,1,0,1,0
106300.0,0.138,699,2.9,0.467,0,0,2,0
56200.0,0.318,681,0.6,0.935,1,0,2,0
307600.0,0.663,799,0.8,0.869,1,0,2,0
80800.0,0.643,771,14.8,0.899,1,0,2,1
87200.0,0.662,644,16.8,0.489,1,0,1,0
92300.0,0.096,668,5.1,0.925,1,1,0,0
77800.0,0.187,687,1.5,0.964,1,0,2,0
133100.0,0.322,742,6.0,0.919,1,0,0,0
80100.0,0.287,636,5.4,0.737,0,0,0,0
80100.0,0.301,539,12.1,0.995,0,0,2,0
82600.0,0.305,745,3.6,0.997,0,0,3,0
128000.0,0.237,661,1.2,0.934,0,0,3,0
50800.0,0.416,585,3.0,0.853,0,0,3,0
20700.0,0.073,562,2.3,0.819,1,0,1,0
79000.0,0.576,781,0.9,0.939,0,0,1,0
94300.0,0.567,778,0.3,0.907,1,0,0,0
38400.0,0.383,711,1.9,0.947,1,0,3,0
36600.0,0.67,645,2.7,0.941,1,0,2,0
40500.0,0.604,660,15.9,0.685,1,0,3,0
28800.0,0.594,635,2.1,0.929,1,0,1,1
90500.0,0.543,626,9.6,0.704,1,0,3,0
125500.0,0.772,659,8.0,0.814,1,0,1,0
37400.0,0.158,599,3.5,0.909,1,0,0,0
87800.0,0.376,596,4.5,0.862,1,1,1,0
74200.0,0.061,555,3.9,0.952,0,0,2,1
48000.0,0.126,576,4.7,0.675,1,0,3,0
121500.0,0.54,622,4.3,0.806,1,1,3,0
250500.0,0.42,577,3.6,0.868,1,0,1,1
32600.0,0.454,735,9.9,0.801,1,0,4,0
73300.0,0.506,664,6.2,0.908,1,1,2,1
64800.0,0.557,718,2.9,0.904,1,0,0,1
69600.0,0.529,659,5.0,0.569,0,0,2,1
56400.0,0.757,636,1.9,0.935,0,1,2,1
94200.0,0.578,760,0.0,0.952,0,0,1,0
72700.0,0.365,633,11.7,0.965,1,0,0,0
31200.0,0.395,628,8.4,0.908,1,0,2,0
64500.0,0.646,724,0.2,0.893,1,0,1,1
78000.0,0.32,662,0.6,0.937,1,0,1,0
134400.0,0.158,730,9.6,0.808,1,0,4,0
53300.0,0.147,650,7.8,0.863,1,0,3,0
72700.0,0.415,543,2.0,0.971,1,0,2,0
41000.0,0.468,641,0.9,0.78,1,0,0,0
143800.0,0.258,746,1.0,0.947,1,0,0,0
70700.0,0.475,571,9.8,0.845,0,1,2,0
165800.0,0.197,662,16.0,0.937,1,0,2,0
60000.0,0.211,537,5.5,0.549,1,1,0,0
61200.0,0.186,678,2.1,0.933,0,0,2,0
74300.0,0.313,707,23.0,0.922,0,0,1,0
90700.0,0.237,624,2.3,0.702,0,0,3,0
158700.0,0.206,718,7.1,0.966,1,0,5,0
149100.0,0.363,506,15.2,0.922,1,0,0,0
43100.0,0.105,850,7.9,0.968,1,0,3,0
56900.0,0.089,782,14.9,0.872,0,0,1,0
18000.0,0.338,740,1.7,0.709,0,0,2,0
36700.0,0.445,755,2.5,0.878,0,1,2,0
66300.0,0.438,736,6.8,0.846,1,0,0,0
189000.0,0.25,726,4.0,0.76,1,0,1,0
28700.0,0.429,783,1.2,0.903,0,0,0,0
130700.0,0.576,643,8.4,0.905,0,0,0,1
60200.0,0.386,593,2.5,0.895,1,0,0,0
98900.0,0.256,534,13.8,0.914,1,0,2,0
60600.0,0.715,703,8.0,0.919,0,0,0,0
86100.0,0.254,732,2.4,0.947,1,0,3,0
43000.0,0.357,743,4.0,0.9,1,0,3,0
24400.0,0.655,584,16.8,0.944,0,0,2,0
86900.0,0.498,642,5.3,0.863,0,0,6,0
127200.0,0.129,625,8.4,0.49,1,0,2,0
81200.0,0.418,692,18.9,0.973,1,0,1,0
146400.0,0.235,649,9.0,0.912,1,0,1,0
37400.0,0.208,645,0.3,0.82,1,0,0,0
100100.0,0.68,711,1.8,0.838,1,0,0,1
56400.0,0.43,699,2.0,0.827,1,0,3,0
202000.0,0.242,719,4.5,0.881,1,0,4,0
30400.0,0.574,699,2.7,0.655,1,1,1,1
75700.0,0.206,579,5.7,0.92,1,0,3,1
49200.0,0.312,567,15.3,0.989,0,0,2,1
38200.0,0.199,741,8.1,0.901,1,1,2,0
133700.0,0.684,683,0.0,0.995,1,0,1,0
27300.0,0.399,774,17.7,0.915,1,0,3,0
47500.0,0.677,758,1.2,0.934,1,0,4,0
59000.0,0.294,693,2.6,0.709,1,0,1,0
51400.0,0.251,761,0.4,0.948,1,1,2,0
82600.0,0.121,820,1.1,0.822,1,0,0,0
60500.0,0.142,689,17.2,0.677,1,0,0,0
50600.0,0.541,595,5.4,0.935,1,1,0,0
113000.0,0.477,695,1.6,0.947,1,2,1,0
63000.0,0.168,741,1.2,0.934,1,0,2,0
87900.0,0.146,745,11.6,0.861,1,0,1,0
29000.0,0.293,637,0.8,0.869,1,1,2,0
47300.0,0.204,616,2.6,0.962,1,0,1,0
54200.0,0.053,670,3.0,0.981,1,0,2,0
136300.0,0.05,808,0.5,0.551,1,0,0,0
98600.0,0.257,671,3.2,0.916,1,0,1,0
21900.0,0.176,699,9.2,0.942,1,0,1,0
89000.0,0.395,728,9.1,0.697,1,0,0,0
193100.0,0.246,719,1.3,0.952,1,0,1,0
92400.0,0.571,733,8.5,0.854,1,1,1,0
37100.0,0.73,675,1.9,0.81,1,0,3,0
58600.0,0.191,670,7.7,0.851,0,0,0,0
87300.0,0.431,638,7.3,0.945,0,0,0,0
42100.0,0.175,710,11.0,0.648,1,0,1,0
73300.0,0.274,836,26.5,0.998,0,0,2,0
136400.0,0.412,761,0.6,0.874,1,0,0,0
89100.0,0.364,609,1.8,0.779,1,0,4,0
49300.0,0.395,719,5.8,0.679,1,0,2,0
149300.0,0.232,652,4.7,0.789,1,0,0,0
36500.0,0.596,658,10.8,0.948,1,0,1,0
79800.0,0.134,709,0.6,0.945,1,0,1,0
27600.0,0.279,651,4.0,0.781,1,0,0,0
34800.0,0.178,661,2.6,0.883,1,0,3,0
44600.0,0.376,606,0.5,0.672,1,0,0,0
94300.0,0.244,677,8.2,0.857,1,0,3,0
82500.0,0.212,685,3.8,0.73,1,2,1,0
60400.0,0.723,733,0.4,0.825,1,1,3,0
117200.0,0.291,540,0.0,0.636,0,0,0,0
67800.0,0.547,702,0.1,0.992,0,0,1,1
108200.0,0.531,600,3.0,0.937,0,0,1,1
131900.0,0.294,505,14.2,0.415,1,0,2,0
44800.0,0.36,767,1.8,0.994,0,0,0,0
46100.0,0.325,712,0.9,0.995,1,0,2,0
27900.0,0.212,827,5.2,0.727,1,0,0,0
64600.0,0.431,718,3.8,0.547,1,0,1,0
146100.0,0.187,738,7.4,0.7,0,0,0,0
83400.0,0.189,539,2.8,0.814,1,0,2,0
81200.0,0.336,741,1.6,0.949,1,0,0,0
115000.0,0.359,673,8.3,0.864,1,0,0,0
156900.0,0.195,656,4.1,0.98,0,0,1,0
88000.0,0.182,708,10.6,0.775,0,0,2,0
97300.0,0.409,699,0.2,0.855,1,0,3,0
65000.0,0.676,650,0.7,0.806,1,0,0,1
81700.0,0.568,760,2.9,0.779,1,0,1,0
113600.0,0.264,662,2.4,0.729,1,0,0,0
49900.0,0.319,838,0.3,0.769,1,1,4,0
65000.0,0.212,668,1.9,0.867,1,0,1,0
47400.0,0.644,687,3.9,0.931,1,0,3,0
96300.0,0.353,700,7.4,0.962,1,0,2,0
61900.0,0.399,639,1.7,0.87,1,0,4,0
81700.0,0.272,757,9.9,0.842,1,0,3,0
22500.0,0.099,750,11.5,0.932,1,0,3,0
29400.0,0.308,539,1.8,0.899,1,0,3,1
105400.0,0.154,566,3.1,0.833,1,0,3,1
41900.0,0.433,516,20.2,0.97,1,0,0,0
38600.0,0.259,607,5.6,0.669,0,0,3,0
41000.0,0.106,574,3.3,0.919,1,0,0,1
73900.0,0.26,661,6.6,0.882,1,0,1,0
51000.0,0.179,722,3.0,0.92,0,0,2,0
51900.0,0.157,850,28.7,0.955,1,0,2,0
46600.0,0.396,597,0.2,0.855,1,0,1,0
99300.0,0.493,722,0.9,0.725,0,0,2,0
52300.0,0.641,808,8.9,0.985,1,1,3,0
55400.0,0.612,632,10.1,0.613,1,0,0,0
43200.0,0.275,850,4.6,0.78,1,0,0,0
84000.0,0.718,756,2.1,0.574,0,0,1,1
174200.0,0.194,614,7.4,0.995,1,0,3,0
92400.0,0.571,652,1.2,0.979,1,0,2,0
92600.0,0.342,773,1.6,0.999,0,0,1,0
113300.0,0.286,601,9.4,0.905,0,0,2,0
52200.0,0.542,580,7.1,0.858,1,0,2,0
60500.0,0.082,644,4.7,0.86,1,2,0,0
24000.0,0.217,611,1.1,0.915,0,0,1,0
87500.0,0.625,817,11.1,0.884,0,0,2,0
66100.0,0.594,653,0.4,0.761,0,2,1,1
46800.0,0.3,618,6.4,0.936,1,1,1,0
72900.0,0.074,556,8.3,0.968,1,0,0,1
179700.0,0.192,560,2.1,0.915,1,0,1,0
67700.0,0.366,544,8.9,0.704,1,0,1,0
73800.0,0.611,834,0.2,0.923,1,0,2,0
179300.0,0.409,737,16.3,0.856,0,0,0,0
126400.0,0.285,791,2.9,0.837,1,0,4,0
108000.0,0.533,807,10.9,0.81,1,0,3,1
183000.0,0.503,691,2.3,0.957,1,1,0,0
40800.0,0.234,653,7.4,0.882,0,0,1,0
204800.0,0.622,791,5.0,0.828,1,0,0,0
114900.0,0.372,781,3.6,0.919,1,0,1,0
131700.0,0.513,701,28.7,0.846,1,0,1,0
95500.0,0.521,575,9.6,0.822,1,0,1,1
42400.0,0.514,698,0.8,0.973,1,0,2,0
24300.0,0.471,648,22.4,0.926,1,0,0,0
82300.0,0.545,507,3.8,0.838,1,0,2,1
47700.0,0.414,665,6.1,0.813,1,1,4,0
44800.0,0.523,582,0.8,0.859,0,0,1,0
52800.0,0.72,549,26.3,0.957,1,0,1,1
18000.0,0.232,651,3.9,0.913,1,0,1,0
38000.0,0.217,663,3.7,0.965,0,0,4,0
29000.0,0.557,663,2.1,0.859,1,0,1,0
34000.0,0.542,716,2.9,0.7,0,0,1,1
42300.0,0.348,721,8.7,0.955,1,1,2,0
61000.0,0.382,686,0.6,0.796,1,0,1,0
87400.0,0.664,669,2.0,0.566,1,2,3,0
181600.0,0.162,789,2.5,0.882,0,0,1,0
31300.0,0.33,601,1.7,0.816,1,0,3,0
125800.0,0.385,550,1.4,0.962,1,0,1,0
53700.0,0.342,699,35.0,0.819,1,0,2,0
20400.0,0.331,553,10.2,0.805,1,1,1,1
38800.0,0.343,678,1.5,0.971,0,0,1,0
99200.0,0.355,745,13.6,0.678,1,2,0,0
70800.0,0.592,653,3.0,0.863,1,1,3,0
23000.0,0.338,659,0.5,0.967,1,0,3,0
80100.0,0.252,784,5.4,0.868,1,0,0,0
36300.0,0.441,654,4.5,0.859,1,0,2,0
48300.0,0.202,655,3.7,0.391,1,2,3,1
56000.0,0.268,673,1.2,0.975,1,0,1,1
69200.0,0.253,850,8.6,0.987,1,0,1,0
94700.0,0.174,616,4.4,0.998,0,0,1,0
78400.0,0.316,685,10.3,0.959,1,2,0,1
113800.0,0.448,560,1.3,0.588,0,0,2,0
84100.0,0.16,568,22.3,0.905,1,0,2,1
74500.0,0.44,752,6.7,0.981,1,0,0,0
53700.0,0.329,614,4.0,0.971,1,0,1,0
44000.0,0.294,706,8.5,0.85,1,0,1,1
128300.0,0.238,646,5.5,0.921,0,0,0,0
48100.0,0.314,850,3.3,0.853,1,0,2,0
173700.0,0.677,748,9.0,0.945,0,0,3,1
112800.0,0.488,687,2.5,0.868,0,0,2,1
119800.0,0.193,711,0.2,0.9,1,0,1,0
44600.0,0.33,574,9.4,0.948,1,0,0,1
112900.0,0.589,701,2.1,0.878,1,0,0,0
188400.0,0.516,647,5.6,0.737,1,0,3,0
124100.0,0.666,795,13.4,0.803,1,0,1,0
222300.0,0.418,677,1.8,0.94,0,1,0,0
89100.0,0.655,614,13.5,0.957,1,0,1,0
142400.0,0.455,800,1.2,0.983,1,0,1,0
91900.0,0.221,629,1.7,0.887,0,0,4,0
30800.0,0.217,592,4.9,0.884,1,0,0,0
128300.0,0.145,697,4.6,0.988,1,0,1,0
44700.0,0.104,654,12.8,0.802,0,0,2,0
30700.0,0.483,656,1.6,0.871,1,0,2,0
55200.0,0.214,580,19.3,0.924,1,0,1,0
83400.0,0.508,605,5.2,0.993,0,0,1,0
49100.0,0.387,652,5.9,0.923,1,3,1,0
125600.0,0.372,548,0.1,0.778,1,0,0,0
40700.0,0.137,638,33.6,0.977,1,0,1,0
83400.0,0.203,753,2.6,0.987,0,0,1,0
61700.0,0.15,655,4.0,0.852,1,0,1,0
62100.0,0.216,532,0.3,0.965,0,0,3,0
86300.0,0.282,754,3.8,0.988,1,0,2,0
104300.0,0.268,554,0.6,0.397,1,0,2,0
77700.0,0.359,725,20.3,0.952,1,0,3,0
108200.0,0.332,711,11.0,0.923,1,0,0,0
83400.0,0.212,561,7.5,0.933,1,0,0,0
219800.0,0.292,643,4.6,0.564,1,1,1,0
22600.0,0.557,765,9.4,0.944,1,0,2,1
18000.0,0.488,641,1.1,0.88,1,1,2,1
84700.0,0.275,557,0.7,0.844,1,0,2,0
30500.0,0.473,761,0.1,0.868,1,0,1,0
72500.0,0.107,645,4.2,0.875,1,0,0,0
75400.0,0.095,793,7.0,0.786,0,2,0,0
27200.0,0.433,667,2.3,0.932,1,0,0,0
84900.0,0.212,667,0.1,0.894,0,0,3,0
94500.0,0.422,687,0.4,0.876,1,0,1,0
50000.0,0.559,690,1.0,0.914,0,0,0,0
138400.0,0.269,572,3.6,0.83,1,0,4,1
28200.0,0.399,572,3.4,0.925,1,0,1,1
56300.0,0.395,587,0.9,0.917,1,0,0,0
106000.0,0.249,817,10.1,0.889,0,0,3,0
110700.0,0.517,561,6.2,0.996,1,1,2,0
93600.0,0.324,625,3.7,0.905,0,0,2,0
55200.0,0.092,686,7.8,0.823,1,0,2,0
18000.0,0.452,611,20.7,0.976,1,0,1,0
42600.0,0.346,733,0.4,0.863,1,0,0,0
93000.0,0.249,670,31.3,0.711,1,0,3,0
135300.0,0.095,665,24.6,0.956,1,0,2,0
122600.0,0.329,757,0.9,0.841,1,1,2,0
156400.0,0.178,524,13.8,0.948,1,2,2,1
199500.0,0.313,575,7.9,0.859,1,0,1,0
68700.0,0.483,768,1.4,0.93,1,0,1,0
75700.0,0.586,599,9.8,0.848,1,1,1,1
52400.0,0.389,600,0.9,0.87,1,0,3,0
46100.0,0.564,748,1.0,0.928,1,0,1,0
40700.0,0.205,586,1.0,0.824,1,1,3,0
45600.0,0.453,655,7.3,0.824,1,2,2,0
68500.0,0.223,638,0.1,0.936,1,0,0,1
122600.0,0.445,738,4.3,0.915,1,1,3,0
78800.0,0.248,740,3.4,0.665,1,0,2,0
65700.0,0.194,704,1.2,0.935,1,2,5,0
64000.0,0.393,776,0.5,0.974,1,0,1,0
48700.0,0.364,598,2.6,0.767,1,1,1,0
54300.0,0.193,637,2.4,0.991,1,0,0,0
30500.0,0.449,850,21.8,0.858,1,0,2,0
59400.0,0.167,731,1.3,0.813,1,0,1,0
59800.0,0.132,748,4.1,0.842,0,0,3,0
47600.0,0.187,750,4.0,0.687,1,0,1,0
53900.0,0.283,790,4.0,0.783,1,0,1,0
151400.0,0.566,765,17.8,0.82,1,0,3,1
59800.0,0.483,641,2.7,0.997,1,0,1,0
23900.0,0.245,572,0.6,0.882,1,0,1,0
89700.0,0.54,766,0.5,0.917,1,0,2,1
126300.0,0.449,815,11.4,0.786,1,0,0,0
171600.0,0.627,765,5.1,0.987,1,0,2,1
25100.0,0.268,729,1.4,0.986,1,0,1,0
121500.0,0.242,809,11.6,0.821,1,0,2,0
71800.0,0.307,713,8.9,0.659,0,0,4,0
116300.0,0.463,583,2.8,0.903,1,0,2,0
32800.0,0.272,739,4.4,0.772,1,1,0,0
197100.0,0.346,716,6.1,0.853,1,0,2,0
44100.0,0.489,662,1.6,0.692,1,0,3,0
44600.0,0.275,689,6.2,0.885,1,0,0,0
62400.0,0.468,818,5.6,0.867,1,0,2,0
98400.0,0.422,740,2.8,0.658,1,0,3,0
59000.0,0.51,750,5.6,0.733,1,0,1,0
121000.0,0.387,630,2.1,0.918,1,0,0,0
53400.0,0.593,547,5.0,0.946,0,0,2,1
64200.0,0.265,746,5.2,0.885,1,0,2,0
36700.0,0.685,588,24.7,0.702,1,0,2,0
61500.0,0.279,758,0.7,0.993,1,0,1,0
227600.0,0.341,554,0.5,0.683,1,0,2,1
101200.0,0.367,729,2.0,0.645,1,0,2,0
350000.0,0.44,781,2.2,0.932,1,0,1,0
146800.0,0.457,749,20.3,0.975,1,0,3,1
79400.0,0.401,671,35.0,0.836,1,0,1,1
35400.0,0.187,785,7.6,0.893,1,1,0,0
134900.0,0.29,647,0.9,0.981,1,1,2,0
41300.0,0.274,646,5.1,0.893,1,1,1,0
36200.0,0.674,787,12.5,0.873,0,0,2,0
60000.0,0.487,586,3.7,0.955,1,0,4,0
42300.0,0.571,630,4.7,0.984,1,0,2,1
131700.0,0.35,644,5.3,0.908,1,1,1,0
46900.0,0.274,714,6.5,0.918,1,0,1,0
139100.0,0.367,745,5.9,0.78,0,0,2,0
78000.0,0.301,604,4.2,0.94,0,1,3,0
56900.0,0.342,663,2.6,0.899,0,1,1,0
61000.0,0.411,705,2.8,0.945,1,0,2,1
50400.0,0.151,716,2.4,0.946,1,0,2,0
99700.0,0.202,850,9.0,0.594,0,1,1,1
79500.0,0.62,816,3.8,0.967,0,0,0,0
37000.0,0.262,645,0.7,0.921,1,1,2,0
41200.0,0.379,657,2.0,0.874,1,0,2,0
37100.0,0.607,724,1.3,0.974,1,2,3,1
101500.0,0.779,763,0.5,0.971,1,0,2,0
151100.0,0.408,711,2.2,0.76,0,0,3,0
127600.0,0.296,703,0.2,0.706,1,0,0,0
83600.0,0.291,756,2.6,0.944,0,0,1,0
131900.0,0.277,713,0.1,0.937,1,0,1,0
75100.0,0.188,629,5.8,0.884,1,0,1,0
87400.0,0.38,697,2.6,0.857,1,0,2,0
50200.0,0.18,731,0.0,0.656,1,0,2,0
50400.0,0.221,750,10.1,0.969,1,1,1,0
71200.0,0.316,694,0.6,0.718,0,1,1,0
168000.0,0.545,758,3.2,0.605,1,0,2,1
157800.0,0.151,673,0.1,0.813,1,0,1,0
91900.0,0.548,571,11.6,0.865,1,2,3,1
55900.0,0.738,671,1.8,0.934,1,0,4,1
39400.0,0.492,494,7.6,0.657,1,0,1,1
86900.0,0.204,716,1.2,0.903,1,0,0,0
325400.0,0.606,607,18.6,0.797,1,0,1,0
43200.0,0.214,541,10.2,0.852,0,1,1,1
57800.0,0.212,570,0.4,0.84,0,0,1,0
107700.0,0.182,714,0.6,0.784,1,0,2,0
164300.0,0.354,588,0.9,0.889,1,0,0,0
99300.0,0.263,630,4.3,0.942,1,0,2,0
61400.0,0.324,698,17.1,0.836,1,0,1,0
45300.0,0.174,604,5.4,0.959,1,0,1,0
135800.0,0.235,701,1.8,0.876,0,0,0,0
34300.0,0.225,766,3.8,0.943,1,0,2,0
18000.0,0.217,660,1.5,0.803,1,0,1,0
174400.0,0.288,689,17.6,0.871,1,0,3,0
112200.0,0.46,823,14.0,0.783,0,0,0,0
28700.0,0.169,705,18.6,0.706,0,0,2,0
100200.0,0.171,706,21.8,0.929,1,0,0,0
51200.0,0.606,850,0.7,0.936,1,0,0,1
31800.0,0.185,688,18.7,0.833,1,0,0,0
76500.0,0.16,687,5.8,0.864,1,0,0,0
42400.0,0.46,751,2.0,0.902,1,0,1,0
44700.0,0.314,652,4.1,0.859,1,0,3,0
36700.0,0.458,596,0.5,0.658,1,0,1,0
74600.0,0.352,459,1.9,0.974,1,0,2,0
122200.0,0.251,832,6.4,0.95,1,0,3,0
38300.0,0.338,618,2.0,0.852,0,0,0,0
85000.0,0.614,659,2.4,0.921,0,0,2,1
83600.0,0.182,543,7.0,0.915,1,0,3,1
33000.0,0.085,722,2.3,0.796,1,0,0,0
69500.0,0.654,781,0.2,0.866,1,0,2,0
106900.0,0.212,822,5.3,0.894,1,0,1,0
124000.0,0.351,777,13.7,0.961,1,0,1,0
62600.0,0.311,684,10.3,0.845,1,0,1,0
36700.0,0.288,805,2.7,0.965,1,1,1,0
72600.0,0.066,650,1.2,0.713,0,0,2,0
78500.0,0.248,723,0.9,0.899,1,0,2,0
43100.0,0.393,673,2.4,0.767,1,0,1,0
25300.0,0.436,719,0.9,0.899,1,1,1,0
102900.0,0.216,622,6.3,0.88,0,0,2,0
76300.0,0.686,479,22.3,0.993,1,0,3,0
34800.0,0.179,807,0.4,0.751,0,0,3,0
164200.0,0.445,547,2.7,0.941,1,1,3,1
82200.0,0.505,750,26.8,0.848,1,1,1,1
27400.0,0.34,850,0.1,0.759,1,1,0,0
90900.0,0.667,619,0.3,0.682,1,1,1,1
140500.0,0.537,725,2.7,0.498,1,1,2,0
56300.0,0.542,683,2.6,0.967,1,0,3,1
184600.0,0.613,680,9.1,0.813,1,0,1,0
61700.0,0.295,706,3.0,0.995,1,0,1,0
122800.0,0.398,804,2.9,0.869,1,1,2,0
19300.0,0.343,625,5.8,0.814,1,0,4,0
65700.0,0.514,818,7.5,0.989,1,3,2,1
133500.0,0.631,690,35.0,0.906,1,0,3,0
22400.0,0.384,626,3.0,0.956,1,0,0,0
159300.0,0.716,497,3.7,0.649,0,0,0,1
114500.0,0.173,698,0.5,0.943,0,0,1,0
107400.0,0.377,629,2.9,0.919,1,0,1,0
82500.0,0.103,644,0.8,0.924,0,0,1,0
37600.0,0.183,714,5.6,0.928,1,0,0,0
73500.0,0.174,618,6.4,0.875,0,0,0,0
75700.0,0.168,691,11.8,0.697,1,0,3,0
20500.0,0.411,667,0.6,0.839,1,0,0,0
50700.0,0.462,794,3.1,0.971,1,0,1,1
60600.0,0.393,701,4.2,0.86,0,1,0,1
88900.0,0.263,705,6.3,0.627,1,0,1,0
48600.0,0.509,642,22.1,0.914,1,0,1,1
51300.0,0.397,686,0.3,0.844,0,0,3,0
39500.0,0.166,795,9.2,0.927,1,0,0,0
245400.0,0.155,720,0.7,0.722,1,2,0,0
34200.0,0.505,782,3.5,0.775,1,0,2,0
29900.0,0.563,783,2.5,0.901,1,0,3,1
94400.0,0.725,693,9.4,0.422,1,0,3,0
43000.0,0.286,805,8.0,0.818,1,0,3,0
30700.0,0.198,620,11.8,0.93,1,0,1,0
59000.0,0.387,736,11.9,0.946,1,0,1,0
65200.0,0.142,818,2.7,0.763,0,0,1,0
88500.0,0.087,599,4.6,0.682,1,0,1,0
74400.0,0.547,718,0.6,0.828,1,0,1,0
69400.0,0.473,630,3.2,0.959,1,0,2,0
86900.0,0.308,806,6.1,0.941,1,0,2,0
104900.0,0.219,726,18.0,0.878,1,0,1,0
48300.0,0.177,754,2.3,0.878,1,0,1,0
49600.0,0.27,627,12.4,0.794,1,0,1,0
99800.0,0.393,661,9.6,0.955,0,1,4,0
56900.0,0.168,500,4.4,0.961,1,0,2,0
43300.0,0.305,569,0.6,0.786,0,0,2,1
45700.0,0.466,726,12.9,0.952,0,0,1,0
29500.0,0.55,714,0.7,0.84,1,0,0,0
83200.0,0.142,571,34.7,0.808,1,0,3,1
181500.0,0.13,690,5.8,0.986,1,0,2,0
112300.0,0.29,684,6.9,0.979,0,0,2,0
46300.0,0.615,836,3.5,0.944,1,0,4,0
21100.0,0.306,795,2.1,0.871,1,0,0,0
37400.0,0.316,790,4.0,0.91,1,0,0,0
63000.0,0.287,646,10.4,0.913,0,0,2,0
102000.0,0.5,616,5.4,0.661,1,0,4,0
100300.0,0.498,728,0.4,0.824,1,0,0,1
52600.0,0.505,601,5.6,0.967,1,2,1,0
63900.0,0.248,654,0.4,0.884,0,0,2,0
47400.0,0.324,738,0.4,0.595,0,0,1,1
50400.0,0.38,704,5.9,0.659,0,0,2,0
75800.0,0.29,553,0.4,0.733,0,0,2,1
49800.0,0.415,718,7.0,0.912,1,0,2,0
33300.0,0.229,610,8.0,0.792,0,0,3,0
69700.0,0.517,615,0.7,0.961,1,0,2,0
92300.0,0.134,598,4.6,0.928,1,0,0,0
50800.0,0.266,628,18.7,0.658,1,0,3,0
249000.0,0.084,565,2.2,0.812,1,0,2,0
63100.0,0.199,710,1.9,0.539,1,0,2,0
42300.0,0.553,556,3.5,0.972,1,2,1,1
180000.0,0.197,715,10.3,0.977,1,0,0,0
144900.0,0.081,737,6.5,0.467,1,0,1,1
248900.0,0.749,707,3.5,0.662,0,0,0,1
64900.0,0.441,694,6.4,0.765,1,0,0,0
54100.0,0.505,581,7.0,0.873,1,0,2,0
63400.0,0.222,768,0.0,0.789,1,0,1,0
93800.0,0.29,644,4.4,0.989,1,0,2,0
128900.0,0.488,687,0.6,0.732,1,0,1,1
116100.0,0.438,661,1.6,0.653,1,1,1,0
66800.0,0.116,776,11.4,0.755,0,0,2,0
98700.0,0.689,729,6.9,0.68,0,0,2,0
38800.0,0.276,519,3.9,0.737,1,0,0,1
40000.0,0.416,830,3.4,0.971,1,0,3,0
71400.0,0.395,723,2.1,0.889,0,2,1,1
19500.0,0.739,652,3.3,0.818,0,0,3,0
66300.0,0.592,679,1.0,0.898,1,0,1,1
112200.0,0.461,758,4.9,0.804,1,3,2,0
82000.0,0.482,711,3.7,0.996,1,0,0,1
143200.0,0.108,714,11.3,0.966,1,0,1,0
52500.0,0.451,719,1.9,0.923,1,0,2,0
29800.0,0.664,766,28.9,0.869,1,0,1,0
42900.0,0.066,777,15.4,0.959,1,0,0,0
69600.0,0.342,699,4.9,0.853,1,0,2,0
167400.0,0.764,637,6.5,0.982,1,0,2,0
187700.0,0.25,760,19.2,0.835,0,0,3,0
21900.0,0.586,662,2.2,0.952,1,0,1,1
58700.0,0.767,661,0.2,0.933,1,0,1,0
43400.0,0.082,714,1.9,0.969,1,0,0,0
46100.0,0.199,732,0.5,0.937,1,0,2,0
58400.0,0.275,697,9.2,0.79,1,1,3,1
43500.0,0.475,720,2.0,0.939,0,0,2,0
91800.0,0.081,665,0.9,0.565,1,0,1,0
163100.0,0.415,532,22.8,0.861,1,0,0,0
159300.0,0.34,686,0.1,0.966,1,0,1,0
42900.0,0.703,657,25.4,0.71,1,1,1,0
61200.0,0.473,660,6.5,0.909,1,0,2,0
158500.0,0.349,509,4.7,0.855,1,0,2,1
86300.0,0.15,588,6.2,0.888,1,0,3,0
134100.0,0.37,475,17.1,0.808,1,0,1,0
93700.0,0.312,683,0.6,0.925,1,0,1,0
116100.0,0.297,749,6.5,0.728,1,0,2,0
50400.0,0.346,783,3.6,0.51,1,2,2,1
46500.0,0.442,750,11.1,0.928,1,0,1,0
23200.0,0.05,641,3.5,0.591,1,0,2,0
34500.0,0.127,711,3.2,0.955,1,0,3,0
53900.0,0.349,669,16.1,0.903,1,0,5,0
23100.0,0.741,650,9.6,0.844,1,0,2,1
107800.0,0.135,701,1.5,0.992,1,0,3,0
67900.0,0.398,643,3.8,0.913,1,0,1,0
56600.0,0.47,702,7.4,0.941,1,0,3,0
61700.0,0.258,766,1.6,0.978,0,0,3,0
123300.0,0.394,576,7.7,0.91,0,0,1,0
38600.0,0.089,598,9.8,0.976,1,0,1,0
34000.0,0.505,765,9.4,0.843,1,0,0,0
51100.0,0.44,683,0.5,0.879,1,1,0,0
150500.0,0.318,711,2.6,0.915,1,0,1,0
43400.0,0.173,643,27.5,0.909,1,0,1,0
77100.0,0.296,623,8.2,0.857,1,0,1,0
48100.0,0.206,624,9.6,0.946,1,0,3,0
20700.0,0.141,650,7.0,0.93,1,2,1,0
36400.0,0.497,653,12.4,0.7,1,1,0,0
36400.0,0.266,658,7.7,0.898,1,0,2,0
76400.0,0.189,648,5.2,0.88,1,0,1,0
102300.0,0.359,633,6.0,0.608,1,0,6,0
24000.0,0.235,626,4.0,0.925,1,0,5,0
62600.0,0.149,780,0.9,0.889,0,0,1,0
60100.0,0.306,739,1.5,0.865,1,0,2,0
205100.0,0.242,688,0.8,0.773,1,0,1,0
65000.0,0.384,842,9.1,0.833,1,0,0,0
113900.0,0.274,735,3.6,0.932,1,2,2,0
29300.0,0.218,645,2.9,0.933,0,0,1,0
52700.0,0.485,782,1.8,0.961,1,0,1,1
27800.0,0.343,692,0.9,0.861,1,0,3,0
50700.0,0.847,798,3.3,0.965,0,3,0,0
63300.0,0.277,730,2.3,0.874,1,0,0,0
25500.0,0.455,622,1.3,0.984,1,0,4,0
105900.0,0.419,715,1.7,0.82,1,0,3,0
89300.0,0.594,548,12.3,0.946,1,2,2,1
106700.0,0.444,656,2.4,0.757,1,0,0,0
73700.0,0.772,803,12.4,0.996,1,0,1,0
36200.0,0.166,723,13.0,0.824,1,0,1,0
108600.0,0.293,533,5.6,0.715,1,0,0,1
39400.0,0.467,762,13.0,0.695,0,0,1,0
28200.0,0.776,656,15.4,0.653,1,0,1,1
50600.0,0.357,665,1.5,0.695,1,0,1,0
58100.0,0.526,662,11.2,0.89,1,0,1,0
71600.0,0.133,557,20.4,0.983,1,0,2,0
39400.0,0.318,693,4.4,0.93,0,0,2,0
154100.0,0.484,606,12.7,0.996,1,0,0,0
86100.0,0.338,784,5.7,0.946,1,0,3,0
95500.0,0.294,633,10.7,0.952,1,1,3,0
119900.0,0.753,732,1.5,0.843,1,0,1,0
77600.0,0.168,672,1.4,0.833,0,0,1,0
78700.0,0.198,718,10.4,0.867,1,0,2,0
59800.0,0.327,522,8.0,0.992,1,0,1,1
60900.0,0.388,610,13.0,0.907,1,0,1,0
92600.0,0.347,737,0.2,0.967,1,1,0,0
33400.0,0.409,614,5.8,0.667,1,0,2,0
37700.0,0.48,640,3.5,0.875,1,0,4,0
210300.0,0.536,540,2.5,0.707,1,3,0,1
57700.0,0.85,781,11.6,0.867,1,0,3,0
350000.0,0.483,752,2.3,0.729,1,0,2,1
102800.0,0.405,597,2.9,0.851,0,0,3,0
89500.0,0.087,682,1.7,0.875,1,0,1,0
42500.0,0.638,720,21.6,0.97,1,0,0,0
56500.0,0.295,724,6.0,0.966,1,0,1,0
23300.0,0.122,716,7.8,0.9,1,0,0,0
69700.0,0.598,784,24.0,0.957,1,0,3,0
42500.0,0.232,405,4.8,0.776,1,0,2,1
51100.0,0.465,710,3.8,0.939,1,0,2,0
48400.0,0.155,695,3.8,0.827,1,0,1,0
35900.0,0.569,723,7.7,0.963,1,0,1,0
18000.0,0.252,728,14.3,0.931,1,0,2,0
61600.0,0.231,666,9.0,0.893,0,0,1,0
60500.0,0.156,802,4.5,0.758,1,0,2,0
25800.0,0.457,650,1.8,0.883,0,0,0,0
48200.0,0.353,755,10.9,0.924,1,0,1,0
53700.0,0.113,599,10.6,0.855,1,0,0,0
82100.0,0.481,704,1.5,0.789,1,0,2,0
45800.0,0.481,780,7.0,0.705,0,0,1,0
81700.0,0.185,740,4.9,0.386,1,0,2,0
109400.0,0.254,709,1.5,0.708,1,0,2,0
40700.0,0.117,472,2.1,0.926,0,0,2,1
35100.0,0.055,727,7.8,0.857,1,0,2,0
33400.0,0.453,743,18.0,0.846,1,0,2,0
86600.0,0.701,678,6.3,0.761,1,0,0,0
54600.0,0.152,701,21.9,0.969,0,0,0,0
52600.0,0.535,709,4.7,0.73,0,0,1,0
71000.0,0.307,741,11.6,0.929,0,0,1,0
23400.0,0.124,714,21.9,0.949,1,1,1,0
87800.0,0.14,777,0.2,0.62,1,0,1,0
50300.0,0.677,685,0.3,0.866,1,0,2,0
44900.0,0.39,569,1.7,0.991,1,0,2,0
57200.0,0.463,760,2.0,0.834,0,0,1,0
79700.0,0.362,777,4.9,0.834,1,0,1,0
52000.0,0.447,761,4.2,0.91,1,0,1,0
40500.0,0.277,837,10.8,0.951,1,0,2,0
118600.0,0.267,701,4.8,0.823,0,0,2,0
40800.0,0.366,710,1.9,0.869,0,2,0,1
33200.0,0.23,627,1.5,0.844,1,0,1,0
50600.0,0.342,808,2.1,0.944,1,0,0,0
65700.0,0.58,490,0.9,0.919,1,0,1,1
34900.0,0.522,567,5.6,0.843,0,0,1,0
62100.0,0.193,674,1.7,0.906,0,0,3,0
92000.0,0.605,602,12.1,0.583,1,0,1,0
119000.0,0.715,607,20.1,0.796,1,0,1,0
28500.0,0.494,595,3.0,0.949,1,0,2,1
90200.0,0.131,820,16.0,0.951,1,0,2,0
52500.0,0.6,758,12.2,0.85,1,3,2,1
71400.0,0.162,697,4.4,0.919,1,0,0,0
40800.0,0.359,548,1.2,0.342,1,0,1,0
41900.0,0.757,667,5.2,0.572,1,0,1,0
54900.0,0.669,568,8.9,0.507,1,0,1,1
47000.0,0.315,740,0.8,0.905,1,2,4,0
42100.0,0.64,741,16.5,0.891,0,0,1,0
37600.0,0.727,624,8.5,0.942,1,0,1,1
67300.0,0.265,731,10.7,0.96,0,0,4,0
52800.0,0.7,816,5.0,0.977,1,0,3,1
29400.0,0.44,628,1.7,0.768,1,0,1,0
39700.0,0.132,655,0.2,0.971,1,1,0,0
103000.0,0.492,622,3.8,0.661,1,0,0,1
31400.0,0.363,704,0.5,0.926,1,0,2,0
104700.0,0.664,850,1.2,0.873,1,0,0,0
49100.0,0.448,695,3.8,0.904,1,0,0,0
108900.0,0.052,650,4.4,0.975,1,0,2,0
49300.0,0.51,729,4.2,0.961,1,0,0,0
112600.0,0.517,665,4.5,0.999,1,0,0,0
145600.0,0.614,708,2.1,0.635,1,0,0,0
75500.0,0.225,724,5.8,0.861,1,0,2,0
67400.0,0.431,734,2.7,0.79,1,0,1,0
112100.0,0.361,590,3.9,0.952,0,0,0,0
64100.0,0.371,705,2.2,0.968,1,0,1,0
38500.0,0.072,592,0.8,0.824,0,0,3,0
34700.0,0.057,595,0.9,0.666,0,1,0,0
74100.0,0.17,778,9.4,0.762,0,0,1,0
52000.0,0.317,803,5.8,0.62,1,3,2,1
78100.0,0.309,736,0.1,0.918,1,0,0,0
72600.0,0.264,720,10.4,0.933,0,0,1,0
40100.0,0.329,685,0.0,0.904,1,0,2,0
81700.0,0.237,734,0.9,0.938,0,0,1,0
122300.0,0.454,675,0.5,0.745,1,0,3,0
63300.0,0.78,564,2.8,0.94,1,0,1,1
47900.0,0.292,708,1.0,0.969,1,0,2,0
39000.0,0.616,534,2.1,0.942,1,1,1,1
108600.0,0.389,518,1.2,0.764,1,0,1,0
41400.0,0.496,685,9.7,0.87,1,0,0,0
157800.0,0.321,761,0.8,0.813,1,0,3,0
65500.0,0.583,717,0.6,0.935,1,0,3,0
88500.0,0.178,716,1.8,0.806,1,1,3,0
52700.0,0.324,604,2.5,0.937,1,0,1,0
112000.0,0.237,681,2.7,0.748,1,0,1,0
41500.0,0.347,710,0.2,0.855,0,0,1,0
126100.0,0.35,692,3.0,0.822,1,0,0,0
41900.0,0.453,673,1.8,0.87,0,0,2,0
48800.0,0.471,613,4.9,0.864,1,1,1,0
55000.0,0.442,749,1.4,0.689,1,0,3,0
224100.0,0.093,728,8.6,0.82,1,1,0,0
50100.0,0.383,668,7.8,0.855,1,0,1,0
60600.0,0.448,678,0.5,0.963,1,0,0,0
134000.0,0.421,823,1.9,0.792,1,0,0,0
121300.0,0.566,701,3.0,0.971,1,0,1,1
123500.0,0.128,614,1.3,0.788,1,0,1,0
32700.0,0.296,774,3.3,0.937,1,0,1,0
55100.0,0.341,674,8.9,0.937,1,0,0,0
104400.0,0.31,556,0.1,0.876,1,0,0,0
100200.0,0.27,767,0.4,0.902,1,0,1,0
86100.0,0.221,679,10.4,0.835,1,0,1,0
34800.0,0.364,663,5.5,0.926,1,0,2,0
58900.0,0.137,697,1.9,0.788,1,0,1,0
32200.0,0.778,672,26.5,0.997,0,0,2,0
69600.0,0.681,620,4.8,0.795,1,0,3,0
65000.0,0.236,734,7.6,0.884,0,0,1,0
58500.0,0.67,690,13.5,0.888,1,1,0,1
83400.0,0.76,691,2.9,0.757,1,0,2,1
63900.0,0.194,694,0.5,0.882,1,0,4,0
56700.0,0.189,687,26.3,0.861,0,0,3,0
55400.0,0.289,697,2.0,0.878,1,0,1,0
84000.0,0.264,761,6.6,0.989,1,0,0,0
83200.0,0.225,740,0.7,0.993,1,0,2,0
47400.0,0.537,784,2.6,0.783,1,0,1,1
33600.0,0.522,696,1.9,0.716,1,0,3,0
75400.0,0.173,703,19.8,0.781,1,0,5,0
98000.0,0.358,632,0.6,0.942,1,0,6,0
80400.0,0.369,573,0.1,0.934,1,0,1,1
81400.0,0.208,656,5.5,0.851,1,0,1,0
44100.0,0.612,763,3.7,0.784,0,1,0,0
67200.0,0.677,657,4.0,0.807,0,0,4,0
51300.0,0.168,732,3.3,0.909,1,1,2,0
67600.0,0.198,580,0.2,0.803,0,0,2,0
42500.0,0.229,620,1.7,0.648,0,0,3,1
53900.0,0.641,771,12.1,0.982,1,0,2,1
41500.0,0.546,751,7.8,0.935,1,0,2,1
60400.0,0.327,592,8.6,0.958,1,2,2,0
52200.0,0.337,689,15.3,0.941,1,0,0,0
63000.0,0.248,611,2.7,0.802,1,0,2,0
40100.0,0.192,700,2.1,0.701,1,1,3,1
27000.0,0.622,756,10.9,0.704,0,0,1,0
103000.0,0.523,784,14.7,0.958,1,0,1,1
28500.0,0.462,631,12.6,0.93,1,0,0,0
107500.0,0.05,573,6.7,0.854,1,0,0,1
46000.0,0.362,622,0.4,0.979,1,0,2,0
117000.0,0.394,647,1.5,0.955,1,0,1,0
95600.0,0.357,850,15.9,0.962,1,0,2,0
51700.0,0.379,598,7.1,0.851,0,0,0,0
37900.0,0.142,714,3.7,0.933,0,0,1,0
94400.0,0.503,749,6.6,0.879,1,0,2,0
39500.0,0.477,667,13.7,0.982,1,0,2,0
35800.0,0.232,648,7.5,0.899,1,0,1,0
76000.0,0.42,780,3.4,0.757,1,0,2,0
137000.0,0.415,657,19.9,0.799,1,0,0,0
20200.0,0.266,628,7.4,0.84,1,0,1,0
57600.0,0.133,633,9.6,0.918,0,0,2,0
43000.0,0.378,734,1.0,0.803,0,0,1,0
24300.0,0.124,664,6.1,0.947,1,0,1,0
61700.0,0.261,728,10.6,0.844,1,0,3,0
88200.0,0.336,661,5.9,0.835,1,0,1,0
82600.0,0.463,769,0.5,0.984,1,0,2,0
56500.0,0.219,794,0.4,0.885,1,2,2,1
228900.0,0.206,692,2.6,0.694,1,0,0,0
78700.0,0.518,645,5.2,0.978,1,0,0,0
97400.0,0.21,590,9.8,0.934,1,0,2,0
61000.0,0.115,718,8.3,0.972,1,0,4,0
181500.0,0.232,675,0.2,0.895,1,0,0,0
75700.0,0.058,705,2.0,0.865,1,0,4,0
53100.0,0.285,636,11.0,0.743,0,1,1,0
53300.0,0.209,614,3.2,0.852,1,0,0,0
35200.0,0.321,735,0.1,0.902,1,0,0,0
109900.0,0.221,690,8.9,0.617,0,2,1,1
66700.0,0.41,727,5.0,0.672,1,0,2,0
97300.0,0.507,838,0.9,0.721,0,1,1,1
97100.0,0.693,736,4.0,0.943,1,0,0,0
20800.0,0.401,850,0.3,0.95,1,0,3,0
82700.0,0.182,728,14.1,0.853,1,0,2,0
56900.0,0.442,775,1.6,0.957,1,2,1,0
55800.0,0.276,706,10.8,0.781,1,3,0,0
88000.0,0.369,579,8.5,0.976,1,0,0,0
63900.0,0.374,751,3.8,0.983,1,0,0,0
114600.0,0.63,670,1.1,0.81,1,0,2,0
77700.0,0.455,635,13.4,0.813,1,0,1,0
47700.0,0.367,585,1.4,0.769,1,0,2,0
30400.0,0.311,733,1.2,0.994,1,2,2,0
57500.0,0.21,722,1.5,0.809,1,3,1,0
71300.0,0.224,675,2.1,0.891,1,2,1,0
86200.0,0.559,743,3.0,0.95,0,0,1,1
26300.0,0.094,779,28.1,0.821,1,1,5,0
48300.0,0.324,742,6.5,0.856,1,0,1,0
175700.0,0.622,768,0.5,0.543,1,0,4,0
75500.0,0.159,661,0.5,0.916,1,0,0,0
117200.0,0.323,709,0.4,0.92,1,0,0,0
32500.0,0.228,771,3.7,0.675,1,0,2,0
105700.0,0.204,692,3.0,0.984,1,0,1,0
57500.0,0.355,635,12.1,0.821,1,0,1,0
62800.0,0.43,632,2.9,0.994,0,0,0,0
37500.0,0.209,614,3.4,0.864,1,0,1,0
71400.0,0.342,681,6.1,0.89,1,0,1,0
115800.0,0.309,824,9.4,0.958,1,0,2,0
30100.0,0.235,652,10.0,0.94,1,0,0,0
43800.0,0.21,645,7.9,0.937,1,0,0,0
63300.0,0.215,805,4.1,0.843,1,0,0,0
174300.0,0.388,527,16.7,0.854,1,0,1,1
56100.0,0.669,502,3.3,0.767,1,2,3,1
43900.0,0.287,702,3.5,0.991,1,0,2,0
108800.0,0.208,705,11.5,0.891,1,0,2,0
78700.0,0.364,757,2.5,0.745,1,0,0,0
41900.0,0.252,785,3.0,0.963,1,0,1,0
106300.0,0.577,696,1.5,0.995,1,1,0,0
99700.0,0.367,536,0.1,0.992,1,0,0,0
40300.0,0.678,750,7.9,0.911,1,1,1,1
175100.0,0.121,533,0.2,0.995,1,0,3,0
73300.0,0.82,688,4.5,0.942,1,1,3,0
38400.0,0.352,747,22.1,0.944,1,0,2,0
174300.0,0.303,679,5.5,0.962,1,0,0,0
116600.0,0.44,690,0.2,0.937,1,0,4,0
62400.0,0.286,702,7.1,0.923,1,0,4,0
100400.0,0.257,582,8.7,0.952,1,0,4,0
48700.0,0.205,670,2.4,0.866,1,0,2,0
54100.0,0.178,821,0.3,0.904,1,0,1,0
63800.0,0.136,689,2.2,0.784,1,0,2,0
42700.0,0.179,645,0.2,0.65,1,0,0,0
32600.0,0.486,792,2.4,0.876,1,0,2,0
160900.0,0.349,819,9.4,0.98,1,0,6,1
20100.0,0.184,569,14.5,0.986,1,2,0,1
124100.0,0.244,607,3.2,0.9,1,0,0,0
102300.0,0.345,605,14.8,0.862,1,0,3,0
31300.0,0.163,762,11.7,0.804,1,0,4,0
58100.0,0.676,675,3.7,0.717,1,1,1,0
76800.0,0.415,713,13.5,0.943,1,3,1,1
99600.0,0.175,685,4.3,0.734,0,3,3,1
39300.0,0.369,782,6.9,0.805,1,0,4,0
61700.0,0.175,629,0.0,0.916,1,0,1,0
82100.0,0.268,615,6.1,0.813,1,0,1,0
36400.0,0.638,659,6.4,0.905,1,0,4,1
30500.0,0.52,645,2.3,0.754,1,1,1,0
65100.0,0.328,667,10.6,0.649,1,1,0,0
32600.0,0.303,618,1.7,0.94,1,0,0,0
34100.0,0.446,850,5.2,0.935,0,0,4,0
72000.0,0.186,593,4.2,0.848,1,0,1,0
45800.0,0.489,539,3.7,0.963,1,0,2,0
47100.0,0.524,728,0.1,0.878,1,0,0,1
155000.0,0.643,649,20.6,0.847,1,0,5,0
101300.0,0.24,742,8.2,0.995,1,0,3,0
117500.0,0.565,541,0.2,0.871,0,1,2,1
43500.0,0.436,741,2.8,0.871,1,0,3,0
67600.0,0.607,693,2.4,0.863,1,0,1,0
108100.0,0.435,718,2.5,0.842,1,0,2,0
75100.0,0.317,597,4.7,0.95,1,0,2,0
99900.0,0.264,633,0.1,0.565,1,1,1,0
47000.0,0.075,794,1.3,0.868,1,0,3,0
43100.0,0.341,671,1.1,0.998,1,0,0,0
30500.0,0.396,641,1.8,0.891,1,0,1,0
85300.0,0.605,763,11.4,0.891,0,0,1,0
92600.0,0.749,585,0.3,0.978,1,0,0,1
93700.0,0.622,686,2.0,0.781,1,0,0,1
45600.0,0.13,599,14.6,0.952,0,3,5,1
85200.0,0.312,850,10.6,0.925,0,1,5,0
141400.0,0.367,673,5.6,0.866,1,0,0,0
120900.0,0.399,751,1.7,0.896,1,0,4,0
127100.0,0.431,569,6.4,0.971,0,0,1,0
22600.0,0.374,792,9.9,0.686,0,0,3,0
134700.0,0.394,626,2.4,0.807,1,2,0,0
39600.0,0.221,648,0.3,0.492,1,0,0,0
81700.0,0.164,850,26.8,0.974,0,0,1,0
61300.0,0.296,713,2.7,0.861,1,1,2,0
41100.0,0.485,772,11.2,0.917,1,0,1,0
40500.0,0.332,513,1.3,0.906,1,0,4,0
97800.0,0.17,601,11.6,0.8,1,0,1,0
74200.0,0.407,698,15.9,0.993,0,0,0,0
46700.0,0.393,731,5.6,0.932,1,0,1,0
25700.0,0.263,646,10.3,0.94,1,0,1,0
28000.0,0.173,507,12.7,0.829,1,3,0,1
30100.0,0.457,661,10.8,0.872,1,1,1,0
178500.0,0.401,681,16.6,0.711,1,2,3,1
102400.0,0.113,617,1.8,0.872,1,0,3,0
131900.0,0.055,752,0.8,0.939,1,3,2,0
52600.0,0.626,836,12.5,0.985,1,0,1,1
27800.0,0.375,624,24.4,0.926,1,0,0,0
92500.0,0.578,752,1.1,0.917,0,1,1,0
81400.0,0.274,688,7.3,0.77,1,0,2,0
62500.0,0.195,631,4.7,0.887,1,0,3,0
66800.0,0.115,627,1.6,0.481,1,0,1,0
264200.0,0.16,635,7.5,0.661,1,0,3,0
74400.0,0.406,718,6.4,0.811,1,0,1,0
27000.0,0.366,849,3.2,0.903,1,0,1,0
59900.0,0.184,712,0.1,0.969,1,3,1,0
43700.0,0.243,722,10.6,0.975,0,0,2,1
59300.0,0.153,529,1.5,0.982,1,0,2,0
118900.0,0.205,642,7.1,0.718,1,0,1,0
83400.0,0.366,682,35.0,0.96,1,1,0,0
46300.0,0.192,693,16.0,0.791,1,0,0,0
101000.0,0.387,738,4.0,0.888,1,0,1,0
134400.0,0.311,589,0.5,0.946,1,0,3,0
68200.0,0.371,699,13.4,0.819,0,0,1,0
103900.0,0.399,739,0.1,0.882,1,0,3,0
39400.0,0.339,559,2.3,0.819,1,0,1,0
110700.0,0.361,665,7.8,0.87,1,0,2,0
137900.0,0.213,602,9.3,0.874,1,0,1,1
89900.0,0.657,770,5.1,0.936,1,0,1,0
110900.0,0.683,830,2.3,0.972,1,0,1,0
92100.0,0.396,622,0.7,0.85,1,0,2,0
27800.0,0.462,850,4.1,0.892,1,1,4,0
45000.0,0.628,633,5.7,0.742,1,0,1,0
105700.0,0.234,725,23.0,0.633,1,0,1,0
46800.0,0.558,638,22.2,0.793,1,0,2,0
53900.0,0.302,656,10.2,0.798,1,2,0,1
84900.0,0.275,655,0.7,0.945,1,1,1,0
96500.0,0.229,690,15.4,0.982,1,0,1,0
59000.0,0.44,657,3.5,0.946,1,0,0,0
37300.0,0.299,644,0.5,0.934,1,0,1,0
79600.0,0.373,589,7.2,0.955,0,0,2,0
35300.0,0.188,747,7.6,0.837,1,0,2,0
116000.0,0.113,566,0.7,0.83,1,0,1,0
77100.0,0.314,687,0.4,0.89,0,1,1,0
115200.0,0.673,639,19.1,0.77,0,0,1,0
62600.0,0.442,635,6.6,0.73,1,2,1,1
67100.0,0.516,685,1.8,0.974,1,0,0,0
41400.0,0.251,735,4.3,0.999,1,0,3,0
18000.0,0.442,663,6.2,0.836,0,0,0,0
38400.0,0.491,606,3.9,0.869,0,0,2,0
33900.0,0.513,750,1.4,0.844,1,0,1,1
42100.0,0.3,678,0.4,0.873,1,0,1,0
64600.0,0.67,668,10.3,0.876,1,0,3,1
73700.0,0.235,608,5.6,0.834,1,0,2,0
64400.0,0.114,698,0.2,0.833,0,0,0,0
31800.0,0.552,742,10.9,0.807,1,1,1,0
117500.0,0.486,739,4.1,0.818,1,1,0,1
79800.0,0.371,778,3.6,0.924,1,3,3,0
21000.0,0.552,755,0.2,0.965,1,1,3,0
49400.0,0.054,613,15.0,0.645,1,2,4,1
47700.0,0.492,653,0.9,0.793,1,1,1,1
101500.0,0.225,647,6.1,0.981,1,0,2,1
38100.0,0.615,615,0.8,0.743,1,0,0,0
20600.0,0.347,740,7.6,0.692,1,0,4,0
97600.0,0.253,661,6.1,0.975,0,0,1,0
68700.0,0.367,596,0.5,0.936,1,2,3,0
51600.0,0.248,519,1.2,0.975,1,1,1,0
125500.0,0.422,811,8.7,0.949,1,0,2,0
31700.0,0.217,639,13.4,0.986,1,0,4,0
120800.0,0.631,675,2.8,0.943,0,0,4,0
128500.0,0.421,643,3.6,0.775,1,0,0,0
156100.0,0.351,630,1.9,0.585,1,1,2,0
94100.0,0.56,799,20.9,0.734,0,0,0,0
40100.0,0.164,651,2.3,0.995,1,0,2,0
56000.0,0.275,662,0.5,0.986,1,0,1,0
81700.0,0.364,772,1.6,0.933,1,0,0,0
134300.0,0.36,675,3.9,0.989,1,0,0,0
51900.0,0.129,695,2.5,0.997,1,0,0,0
41300.0,0.271,506,3.9,0.987,1,0,0,1
90400.0,0.302,604,6.4,0.912,1,0,0,0
74600.0,0.295,545,2.3,0.791,1,0,1,1
80600.0,0.711,714,3.7,0.856,1,0,1,0
112900.0,0.148,616,10.3,0.859,0,1,2,0
83900.0,0.413,563,14.1,0.805,1,0,4,0
55200.0,0.147,620,8.3,0.891,1,0,0,0
117600.0,0.165,748,0.9,0.947,1,0,1,0
73300.0,0.834,695,6.4,0.919,1,1,2,1
87500.0,0.525,666,14.9,0.519,0,0,2,1
131900.0,0.618,660,8.4,0.969,0,0,1,0
56700.0,0.367,663,0.6,0.9,1,1,3,0
68900.0,0.36,666,5.8,0.872,1,0,2,0
131000.0,0.379,605,1.8,0.528,1,0,2,0
59800.0,0.349,542,21.9,0.951,1,0,1,0
101100.0,0.374,601,3.5,0.824,1,0,3,0
42300.0,0.177,541,1.0,0.806,1,0,2,1
95500.0,0.25,692,2.7,0.662,1,0,2,0
134900.0,0.372,694,1.9,0.927,1,0,2,0
61800.0,0.089,718,10.5,0.97,1,0,3,0
111800.0,0.733,748,6.1,0.92,1,3,1,0
92000.0,0.246,731,1.9,0.665,0,0,2,0
35100.0,0.404,595,9.5,0.784,1,0,1,0
71700.0,0.425,662,1.0,0.863,1,1,1,1
87200.0,0.152,668,1.4,0.947,1,0,2,0
123700.0,0.511,631,0.6,0.964,1,0,3,1
72500.0,0.194,624,5.4,0.983,1,1,2,0
107100.0,0.168,628,0.3,0.982,1,0,1,1
57300.0,0.323,665,7.3,0.875,1,0,3,0
37800.0,0.509,786,1.4,0.904,1,0,1,0
24400.0,0.264,710,6.4,0.925,1,2,1,1
47000.0,0.394,729,5.8,0.981,0,0,0,0
23400.0,0.243,718,0.8,0.807,0,0,2,0
32200.0,0.352,684,0.3,0.504,0,0,5,1
18000.0,0.744,470,0.2,0.783,1,0,1,1
42600.0,0.387,850,0.9,0.868,1,0,2,0
29100.0,0.44,677,4.6,0.844,0,0,0,0
54300.0,0.211,743,4.8,0.859,1,0,0,0
67500.0,0.581,620,2.2,0.869,1,1,0,0
27600.0,0.563,709,0.4,0.858,1,0,1,1
143300.0,0.538,634,7.5,0.967,1,1,1,0
139900.0,0.56,812,1.1,0.819,1,0,3,0
60600.0,0.381,578,7.5,0.53,1,0,1,0
87700.0,0.591,621,1.1,0.522,1,0,0,1
74100.0,0.395,651,0.7,0.998,1,0,1,0
48100.0,0.451,681,10.8,0.713,0,2,3,1
30000.0,0.319,738,6.0,0.818,1,0,0,0
47200.0,0.238,753,0.4,0.882,1,0,2,0
49300.0,0.68,562,0.5,0.83,1,0,1,1
128700.0,0.573,625,1.4,0.826,0,0,1,0
134200.0,0.321,719,5.3,0.723,0,0,1,0
34600.0,0.213,664,13.4,0.947,0,0,1,0
65200.0,0.09,664,24.7,0.902,1,0,3,0
81700.0,0.273,554,1.8,0.927,1,0,0,0
308800.0,0.438,468,7.0,0.984,1,0,0,1
27600.0,0.619,564,11.6,0.902,1,0,0,0
213500.0,0.357,712,1.4,0.683,1,0,1,0
60400.0,0.361,711,3.8,0.889,1,0,2,0
43200.0,0.15,634,16.3,0.906,1,1,2,0
35500.0,0.446,679,3.5,0.841,1,0,1,0
40200.0,0.548,601,5.6,0.776,0,0,0,0
132000.0,0.516,755,3.6,0.631,1,2,1,1
127800.0,0.434,574,4.9,0.76,0,0,2,0
68700.0,0.268,701,16.5,0.718,1,0,0,0
75400.0,0.397,592,0.4,0.969,1,0,2,0
78500.0,0.331,526,1.5,0.832,1,0,0,0
23800.0,0.44,793,4.1,0.586,1,0,1,0
34600.0,0.331,585,1.6,0.872,1,0,1,0
175100.0,0.505,675,4.9,0.831,1,0,2,1
121700.0,0.199,713,1.0,0.753,1,0,2,0
86200.0,0.657,778,8.4,0.876,1,1,0,0
36300.0,0.357,590,5.3,0.753,0,3,2,0
83900.0,0.244,713,3.1,0.79,1,0,3,0
72800.0,0.167,626,8.2,0.634,1,0,1,0
63800.0,0.342,629,10.9,0.888,1,1,1,0
119000.0,0.382,624,21.9,0.782,1,0,1,0
51800.0,0.379,627,14.1,0.943,0,0,0,0
69900.0,0.709,724,19.4,0.618,1,0,0,0
47800.0,0.32,800,7.6,0.954,1,0,1,0
86500.0,0.646,820,0.9,0.786,1,3,3,0
36600.0,0.36,850,0.1,0.981,1,0,1,0
56100.0,0.313,619,3.6,0.895,1,2,3,0
91800.0,0.227,850,7.2,0.919,1,0,1,0
49300.0,0.451,691,2.4,0.732,1,0,0,0
62100.0,0.397,723,7.3,0.921,0,0,0,1
186400.0,0.469,770,1.7,0.998,1,0,0,0
141300.0,0.38,669,4.2,0.516,1,0,2,0
99700.0,0.134,700,3.9,0.933,0,1,1,1
74400.0,0.367,708,7.3,0.767,0,0,0,0
63900.0,0.193,636,6.5,0.844,1,0,1,0
40400.0,0.284,687,3.4,0.999,1,0,0,0
37800.0,0.706,617,1.4,0.71,1,0,0,1
42400.0,0.175,673,8.4,0.883,1,2,4,0
86200.0,0.354,797,6.4,0.855,1,0,1,0
60000.0,0.23,793,0.4,0.63,1,0,4,0
55700.0,0.583,518,3.8,0.962,1,0,4,1
59700.0,0.205,708,5.3,0.901,1,1,2,0
28100.0,0.495,688,14.7,0.947,1,0,0,1
47700.0,0.49,619,9.2,0.342,1,1,1,1
53000.0,0.301,628,0.4,0.938,1,0,2,0
24700.0,0.119,656,12.0,0.926,1,0,0,1
83300.0,0.404,724,2.4,0.82,1,0,0,0
82200.0,0.248,632,13.6,0.941,0,0,1,0
131400.0,0.375,727,2.9,0.97,1,0,1,0
64000.0,0.176,734,12.3,0.555,0,0,2,1
49800.0,0.287,700,1.7,0.832,1,0,1,0
44000.0,0.518,669,3.9,0.936,1,0,1,0
102100.0,0.787,672,5.3,0.916,1,3,0,0
100200.0,0.112,682,4.1,0.645,1,0,2,0
81700.0,0.097,780,3.4,0.524,1,0,1,0
56200.0,0.334,676,0.9,0.841,1,0,1,0
167800.0,0.451,692,13.1,0.728,1,1,2,0
61700.0,0.364,629,4.3,0.762,1,0,0,0
49800.0,0.491,597,10.7,0.896,1,0,2,0
94000.0,0.205,630,4.3,0.834,1,0,0,0
50700.0,0.374,794,4.1,0.975,1,0,2,0
31300.0,0.231,691,0.5,0.943,1,0,4,0
215700.0,0.283,632,0.3,0.666,1,0,1,0
101600.0,0.131,720,3.7,0.962,1,1,1,0
69400.0,0.507,575,0.4,0.969,0,0,1,0
71600.0,0.22,575,4.3,0.949,1,0,2,1
35000.0,0.396,678,1.8,0.896,0,0,0,0
69400.0,0.496,785,6.2,0.848,1,0,0,1
57500.0,0.272,775,2.9,0.971,1,0,2,0
49300.0,0.473,640,2.3,0.848,1,0,1,0
34700.0,0.304,654,21.1,0.75,1,0,4,0
35400.0,0.209,737,5.1,0.551,1,1,1,0
65900.0,0.542,681,0.8,0.74,1,0,0,1
64100.0,0.097,706,10.7,0.972,1,0,1,0
73200.0,0.258,666,11.7,0.698,0,0,0,0
49100.0,0.279,634,16.0,0.628,1,0,2,0
44100.0,0.266,782,0.0,0.968,1,0,2,0
101800.0,0.249,693,8.5,0.733,1,0,2,0
77000.0,0.607,606,8.7,0.64,0,0,1,1
92900.0,0.625,731,1.2,0.939,0,0,1,0
144800.0,0.614,609,4.0,0.987,1,0,1,0
62300.0,0.741,666,3.3,0.788,1,0,2,0
34700.0,0.617,749,0.7,0.967,1,0,0,0
40400.0,0.589,616,24.4,0.657,1,0,2,0
43300.0,0.3,623,8.1,0.928,0,0,3,0
48100.0,0.409,839,0.7,0.977,1,0,0,0
57100.0,0.204,645,4.9,0.937,1,1,0,0
111100.0,0.395,615,4.4,0.92,1,0,1,0
39100.0,0.401,741,4.1,0.806,0,0,2,0
55900.0,0.647,659,4.2,0.829,1,1,1,0
80300.0,0.27,850,0.2,0.66,1,0,1,0
78000.0,0.483,639,6.4,0.977,1,0,1,0
63500.0,0.308,673,11.3,0.893,1,0,1,0
102700.0,0.294,734,9.5,0.696,1,0,5,1
81600.0,0.088,612,1.5,0.812,0,0,2,0
318200.0,0.3,693,2.7,0.813,1,0,2,0
27500.0,0.312,699,9.1,0.878,1,0,0,0
75400.0,0.311,596,6.3,0.9,1,0,1,1
27800.0,0.398,660,9.0,0.776,1,3,0,0
87500.0,0.173,651,10.4,0.81,1,0,2,0
129900.0,0.222,659,15.5,0.972,1,1,2,0
78900.0,0.326,646,0.8,0.932,1,0,0,1
212700.0,0.05,635,1.4,0.533,1,0,3,0
37200.0,0.609,804,21.0,0.733,1,0,1,0
78900.0,0.214,773,13.7,0.833,1,0,2,0
69100.0,0.276,738,4.7,0.977,1,0,0,0
84300.0,0.316,736,5.5,0.719,1,0,0,0
78900.0,0.277,655,1.1,0.96,1,0,2,0
101500.0,0.597,659,2.0,0.85,1,0,1,1
32300.0,0.653,764,2.8,0.762,0,0,1,0
120300.0,0.43,639,2.4,0.883,0,0,1,0
50300.0,0.645,760,8.7,0.806,1,0,3,1
108100.0,0.285,734,18.3,0.928,1,0,0,0
106200.0,0.607,537,8.0,0.985,1,0,1,1
39600.0,0.487,676,12.1,0.915,1,0,1,1
53300.0,0.531,499,7.0,0.591,1,0,0,1
39700.0,0.345,650,0.6,0.816,1,1,1,0
50100.0,0.202,565,4.7,0.806,0,1,0,1
100800.0,0.442,571,3.0,0.784,1,0,1,0
101900.0,0.282,780,5.5,0.924,1,0,0,0
103600.0,0.85,601,7.3,0.851,1,0,2,0
59200.0,0.343,582,19.7,0.94,1,0,2,0
24200.0,0.398,609,0.8,0.656,1,0,0,0
65900.0,0.373,641,14.1,0.884,1,0,1,0
138800.0,0.587,737,6.9,0.938,1,0,1,0
121000.0,0.572,564,4.4,0.85,0,0,2,0
41900.0,0.467,740,3.1,0.798,1,0,1,0
153100.0,0.221,540,7.6,0.96,1,1,3,1
38100.0,0.576,655,2.5,0.747,0,0,0,0
67700.0,0.494,668,7.5,0.893,1,0,0,0
41800.0,0.65,686,8.0,0.838,1,0,2,1
240300.0,0.469,585,1.2,0.84,1,0,3,0
65000.0,0.142,671,2.2,0.903,1,0,1,0
30900.0,0.566,547,1.6,0.725,1,0,1,1
135600.0,0.651,675,10.0,0.609,0,0,2,0
32700.0,0.214,788,0.8,0.652,1,0,1,0
53800.0,0.299,644,0.4,0.899,1,0,1,0
133800.0,0.399,633,2.0,0.731,0,0,1,0
54100.0,0.48,690,2.7,0.758,0,0,2,0
81400.0,0.66,625,3.4,0.912,0,0,2,0
38100.0,0.126,780,6.9,0.692,0,0,3,0
191300.0,0.442,557,2.4,0.996,1,2,2,0
32300.0,0.518,776,12.4,0.911,1,0,0,0
47700.0,0.406,570,9.9,0.909,1,1,0,1
57400.0,0.402,656,3.0,0.783,1,0,2,0
27600.0,0.301,605,12.4,0.759,1,0,1,0
73300.0,0.605,628,8.8,0.862,1,0,0,1
129200.0,0.6,679,8.6,0.999,1,0,1,0
168000.0,0.189,772,8.6,0.96,1,0,3,0
90900.0,0.37,819,1.6,0.744,1,0,2,0
41500.0,0.122,715,0.7,0.87,1,0,1,0
29300.0,0.531,651,6.1,0.946,1,0,2,1
345000.0,0.475,696,5.2,0.707,0,0,2,1
124400.0,0.504,765,6.5,0.925,1,0,2,0
155700.0,0.6,771,3.9,0.883,1,0,1,0
78500.0,0.365,729,0.7,0.903,1,0,3,0
127700.0,0.382,690,10.0,0.936,1,0,2,0
60300.0,0.303,528,20.9,0.608,1,0,0,1
33200.0,0.186,778,8.0,0.864,1,0,2,0
33100.0,0.322,694,3.0,0.945,1,0,4,0
63900.0,0.511,486,8.2,0.817,1,0,3,1
72500.0,0.473,602,1.2,0.631,1,0,0,0
75000.0,0.461,746,26.2,0.862,1,0,0,0
31400.0,0.616,654,7.3,0.612,1,0,2,0
76400.0,0.167,661,6.8,0.763,1,0,3,0
18000.0,0.539,770,3.1,0.963,1,1,0,0
75100.0,0.162,577,9.2,0.932,1,0,1,1
41700.0,0.422,652,9.7,0.81,1,0,0,0
51900.0,0.366,509,5.7,0.987,1,0,2,1
144900.0,0.379,683,22.6,0.906,1,0,1,0
73000.0,0.49,577,4.6,0.92,1,0,0,1
59600.0,0.553,648,2.8,0.795,1,0,2,0
71400.0,0.488,590,1.1,0.784,1,0,1,0
133000.0,0.364,841,4.5,0.873,1,2,2,0
116400.0,0.167,667,1.0,0.969,1,0,1,0
200300.0,0.391,748,4.9,0.849,1,0,2,0
38100.0,0.109,715,4.3,0.908,1,0,1,0
56000.0,0.291,787,8.0,0.981,1,0,0,0
112300.0,0.371,654,19.1,0.97,1,0,3,0
124200.0,0.3,635,4.2,0.888,0,0,2,0
79000.0,0.258,714,2.5,0.694,1,0,1,0
115500.0,0.468,695,0.3,0.896,0,0,1,1
62500.0,0.474,657,0.8,0.926,0,0,0,0
49300.0,0.158,690,2.3,0.64,1,0,1,0
74500.0,0.742,668,4.0,0.967,1,1,0,0
40800.0,0.054,671,0.4,0.838,1,0,0,0
77500.0,0.522,762,10.7,0.922,0,0,2,0
56200.0,0.302,697,1.1,0.851,1,0,4,0
27800.0,0.224,596,2.5,0.887,1,0,1,0
108200.0,0.301,723,2.0,0.926,1,0,2,0
73000.0,0.32,555,16.4,0.874,1,0,5,0
59700.0,0.548,671,4.9,0.861,1,0,2,0
91300.0,0.538,810,1.0,0.8,0,0,0,1
97300.0,0.14,805,1.1,0.745,1,0,2,0
108200.0,0.338,597,35.0,0.85,1,2,0,0
43600.0,0.788,644,4.0,0.954,1,0,2,1
36500.0,0.44,601,5.1,0.927,0,0,2,0
