amount,transaction_velocity_1h,location_mismatch_score,device_trust_score,account_age_days,foreign_ip_flag,past_failed_attempts,merchant_risk_rating,is_fraud
115.17,2,0.083,0.44,258,0,0,0.204,0
57.28,2,0.349,0.952,1491,0,0,0.077,0
135.97,2,0.062,0.825,118,0,1,0.361,0
356.14,4,0.401,0.548,490,0,0,0.2,0
51.54,3,0.197,0.68,38,0,0,0.209,0
51.54,2,0.362,0.874,372,0,4,0.565,0
378.85,2,0.191,0.627,170,0,0,0.405,0
155.12,5,0.314,0.814,486,0,1,0.58,0
39.79,3,0.295,0.857,231,0,0,0.059,0
121.12,2,0.024,0.79,147,0,0,0.485,0
40.05,3,0.131,0.884,320,0,0,0.794,0
39.95,2,0.104,0.571,65,0,0,0.591,1
87.02,4,0.194,0.685,678,0,0,0.398,0
8.13,4,0.064,0.928,560,1,3,0.287,0
10.0,7,0.747,0.777,319,0,0,0.313,0
35.93,2,0.189,0.93,187,0,0,0.188,0
21.89,4,0.232,0.953,992,1,0,0.12,0
94.22,2,0.238,0.402,407,0,4,0.339,0
24.56,5,0.044,0.74,139,0,0,0.156,0
14.1,2,0.407,0.92,662,1,1,0.119,0
334.36,5,0.261,0.823,408,0,0,0.611,0
52.02,2,0.378,0.693,59,0,1,0.584,0
71.83,3,0.238,0.912,53,0,0,0.481,0
13.91,3,0.104,0.881,1117,0,0,0.27,0
36.64,3,0.231,0.96,140,0,0,0.286,0
75.34,2,0.134,0.677,440,1,0,0.486,0
18.8,4,0.24,0.902,19,0,0,0.135,0
100.81,3,0.019,0.917,330,0,2,0.446,0
34.44,2,0.255,0.832,110,1,0,0.493,0
48.38,1,0.029,0.797,65,0,2,0.259,0
34.4,4,0.264,0.572,599,0,0,0.176,0
511.58,6,0.21,0.837,668,1,0,0.336,1
65.7,2,0.237,0.75,507,0,0,0.372,0
20.83,1,0.164,0.562,9,0,0,0.129,0
164.81,2,0.501,0.941,139,0,1,0.327,0
17.41,1,0.242,0.899,184,0,0,0.034,0
83.91,2,0.061,0.937,474,0,0,0.744,0
7.72,4,0.222,0.801,568,0,0,0.279,0
15.47,1,0.059,0.785,400,0,0,0.469,0
82.81,5,0.223,0.796,627,0,1,0.373,0
150.25,3,0.605,0.716,227,0,0,0.491,0
80.52,2,0.073,0.981,317,0,0,0.251,0
58.72,2,0.137,0.572,31,0,0,0.256,0
47.88,4,0.472,0.532,227,0,0,0.48,0
13.11,1,0.198,0.96,231,0,0,0.378,0
30.21,2,0.194,0.866,383,0,0,0.576,0
40.18,8,0.179,0.853,194,0,0,0.346,0
213.33,2,0.115,0.985,113,0,0,0.186,0
97.32,2,0.23,0.703,113,0,0,0.286,0
9.59,4,0.119,0.755,62,0,0,0.207,0
95.25,2,0.364,0.95,487,0,0,0.592,0
43.66,3,0.211,0.846,394,0,1,0.151,0
31.67,3,0.236,0.441,351,1,0,0.169,0
130.69,2,0.111,0.87,307,0,0,0.357,0
207.29,2,0.309,0.828,188,0,1,0.1,0
185.75,2,0.317,0.785,590,0,1,0.758,0
26.49,3,0.278,0.8,1025,0,0,0.205,0
47.46,1,0.136,0.989,236,1,0,0.371,0
96.0,2,0.17,0.81,215,0,0,0.296,0
195.02,1,0.127,0.935,76,0,1,0.43,0
39.37,6,0.233,0.88,449,0,0,0.14,0
54.37,5,0.164,0.961,331,0,0,0.306,0
19.75,4,0.139,0.781,1774,0,0,0.605,0
17.89,2,0.76,0.84,356,0,0,0.461,0
163.0,2,0.186,0.824,141,1,1,0.143,0
296.45,1,0.259,0.976,336,1,0,0.472,0
61.61,2,0.435,0.98,1676,0,0,0.244,0
201.12,4,0.165,0.564,518,0,0,0.243,0
99.27,3,0.192,0.942,60,1,0,0.532,0
32.8,1,0.651,0.688,173,0,0,0.133,0
99.24,3,0.232,0.917,146,0,0,0.271,0
362.07,3,0.151,0.614,782,0,0,0.313,0
64.11,4,0.521,0.915,382,0,0,0.191,0
372.82,1,0.319,0.634,669,0,0,0.298,0
5.0,3,0.263,0.929,82,0,0,0.309,0
164.69,2,0.019,0.373,959,0,0,0.23,0
73.39,3,0.164,0.767,29,0,0,0.417,0
47.99,4,0.115,0.925,192,0,0,0.748,0
73.77,4,0.504,0.532,10,0,0,0.429,0
7.49,2,0.183,0.716,86,0,0,0.443,0
52.37,1,0.239,0.828,1315,0,0,0.671,0
98.77,3,0.249,0.906,37,0,0,0.327,0
338.89,2,0.348,0.922,67,1,2,0.348,0
37.71,2,0.314,0.271,1040,0,1,0.11,0
27.4,1,0.351,0.928,500,0,1,0.577,0
38.4,2,0.441,0.945,214,0,1,0.198,0
182.54,4,0.023,0.955,33,0,0,0.133,0
95.74,5,0.139,0.54,619,0,0,0.558,0
37.24,3,0.35,0.668,276,0,0,0.38,0
117.28,1,0.047,0.849,161,0,0,0.758,0
74.2,2,0.427,0.698,183,0,0,0.332,0
193.54,2,0.348,0.927,286,0,0,0.014,0
30.81,4,0.043,0.875,325,0,0,0.304,0
46.51,1,0.138,0.832,686,0,0,0.091,0
43.32,3,0.149,0.78,595,0,0,0.154,0
13.33,3,0.245,0.905,587,0,0,0.427,0
92.36,3,0.169,0.727,527,0,1,0.232,0
88.87,1,0.096,0.911,572,1,0,0.052,0
67.06,3,0.484,0.828,457,0,0,0.394,0
51.52,3,0.131,0.938,815,0,0,0.339,0
14.06,1,0.199,0.879,331,0,0,0.464,0
41.98,1,0.291,0.903,299,1,0,0.324,0
45.74,2,0.139,0.837,488,1,0,0.529,0
27.59,3,0.287,0.918,77,0,0,0.13,0
55.85,1,0.148,0.52,605,0,1,0.557,0
104.01,3,0.55,0.863,1105,0,1,0.148,0
531.02,2,0.117,0.857,145,0,1,0.442,0
80.8,5,0.136,0.867,382,0,0,0.582,0
88.53,1,0.364,0.973,18,0,0,0.592,0
61.44,4,0.438,0.533,585,0,0,0.69,0
8.08,3,0.205,0.808,333,0,0,0.437,0
64.77,4,0.581,0.456,452,0,3,0.137,0
71.25,3,0.323,0.771,66,0,0,0.294,0
1001.81,5,0.081,0.995,668,1,1,0.467,1
53.97,3,0.121,0.924,123,0,4,0.512,0
92.92,2,0.612,0.38,466,0,4,0.075,0
64.19,2,0.114,0.961,364,0,1,0.081,0
18.44,1,0.418,0.951,429,0,0,0.239,0
234.42,3,0.429,0.686,25,0,0,0.315,0
152.49,5,0.066,0.679,546,0,0,0.526,0
159.2,2,0.361,0.962,639,0,0,0.616,0
24.52,1,0.227,0.735,262,1,0,0.338,0
312.02,3,0.229,0.649,215,0,0,0.204,0
14.27,1,0.28,0.776,172,0,0,0.365,0
127.17,1,0.522,0.936,1056,0,0,0.617,0
742.11,3,0.251,0.896,567,0,1,0.681,0
22.43,4,0.075,0.746,484,1,0,0.369,0
35.77,4,0.119,0.971,1044,0,1,0.512,0
74.41,2,0.553,0.946,176,1,0,0.325,0
38.33,2,0.436,0.83,402,0,0,0.606,0
12.11,3,0.037,0.949,468,0,0,0.179,0
71.91,5,0.084,0.606,2237,0,1,0.225,0
20.73,3,0.541,0.99,227,1,0,0.253,0
112.28,3,0.049,0.881,209,0,2,0.369,0
24.26,5,0.071,0.893,40,0,1,0.271,0
366.84,2,0.192,0.747,46,1,0,0.262,0
28.17,2,0.098,0.562,291,1,0,0.58,0
46.79,4,0.164,0.943,80,0,0,0.44,0
163.18,2,0.289,0.894,35,0,0,0.113,0
17.22,3,0.461,0.754,1344,0,0,0.598,0
85.64,4,0.14,0.768,1214,0,0,0.27,0
280.86,2,0.591,0.911,162,0,0,0.491,0
11.38,4,0.432,0.76,629,0,1,0.443,0
81.7,3,0.08,0.957,829,0,0,0.268,0
88.75,3,0.452,0.869,255,0,0,0.415,0
157.59,3,0.091,0.674,106,0,1,0.565,0
17.1,1,0.046,0.63,60,0,0,0.655,0
15.6,5,0.082,0.793,65,0,0,0.396,0
118.41,1,0.15,0.823,642,0,1,0.35,0
92.45,3,0.018,0.88,199,0,0,0.743,0
87.84,3,0.08,0.89,478,0,0,0.301,0
97.62,1,0.024,0.741,314,0,0,0.242,0
31.56,5,0.6,0.802,205,0,0,0.349,0
86.1,2,0.147,0.868,57,0,0,0.548,0
92.05,1,0.276,0.881,167,0,0,0.554,0
30.39,5,0.119,0.877,738,0,0,0.253,0
519.23,3,0.191,0.9,672,0,0,0.574,0
112.3,3,0.044,0.603,16,0,4,0.539,0
17.99,2,0.093,0.997,65,0,0,0.292,0
137.31,4,0.231,0.735,569,0,0,0.645,0
22.82,3,0.04,0.699,168,0,0,0.55,0
158.51,5,0.108,0.803,417,0,4,0.429,0
238.52,4,0.215,0.823,335,0,0,0.319,0
27.04,2,0.048,0.895,427,0,0,0.418,1
192.43,2,0.436,0.905,27,0,0,0.148,0
105.01,3,0.162,0.811,1075,0,1,0.233,0
164.72,2,0.291,0.792,13,0,0,0.078,0
537.25,1,0.157,0.776,8,0,3,0.333,0
50.91,2,0.232,0.714,107,0,0,0.243,0
29.1,4,0.113,0.867,2019,0,0,0.129,0
25.07,2,0.071,0.862,35,0,0,0.309,0
27.18,2,0.055,0.759,835,0,0,0.609,0
61.26,1,0.275,0.951,74,0,0,0.183,0
97.05,3,0.157,0.963,51,0,0,0.365,0
90.41,4,0.113,0.969,608,0,2,0.255,0
165.65,5,0.036,0.874,755,0,0,0.058,0
67.65,2,0.166,0.795,633,0,1,0.563,0
329.93,2,0.15,0.885,115,0,1,0.182,0
49.84,3,0.253,0.733,852,0,1,0.561,1
1329.01,4,0.252,0.588,34,1,0,0.148,1
132.72,3,0.396,0.793,172,0,0,0.301,0
25.97,3,0.023,0.49,253,0,0,0.443,0
20.53,1,0.234,0.891,33,0,1,0.205,0
113.38,1,0.139,0.86,351,0,0,0.298,0
52.15,3,0.132,0.841,332,0,0,0.376,0
146.26,3,0.105,0.947,1945,0,0,0.56,0
112.23,4,0.046,0.822,393,0,0,0.422,0
61.55,1,0.091,0.976,207,0,0,0.521,0
26.27,3,0.183,0.832,629,0,0,0.37,0
12.6,3,0.276,0.635,168,0,0,0.27,0
40.81,3,0.289,0.718,309,0,1,0.532,1
171.06,2,0.061,0.665,27,0,1,0.428,0
84.39,2,0.18,0.781,160,0,1,0.53,0
16.94,4,0.219,0.847,305,0,0,0.064,0
80.68,4,0.179,0.908,489,0,0,0.029,0
101.89,2,0.013,0.714,46,0,0,0.491,0
25.22,3,0.198,0.894,643,0,0,0.755,0
78.97,2,0.13,0.811,926,0,1,0.745,0
71.1,4,0.137,0.763,136,0,0,0.164,0
18.97,2,0.377,0.937,584,0,1,0.377,0
98.85,5,0.36,0.844,84,0,0,0.172,0
123.58,4,0.133,0.769,301,0,0,0.545,0
219.5,2,0.158,0.974,644,0,0,0.26,0
212.55,2,0.06,0.672,200,0,0,0.618,0
14.65,1,0.05,0.865,15,0,1,0.236,0
23.77,3,0.388,0.673,315,0,0,0.461,0
117.51,3,0.471,0.757,749,0,0,0.24,0
117.35,4,0.314,0.747,50,1,0,0.252,0
117.51,2,0.57,0.84,17,0,0,0.431,0
4619.33,2,0.209,0.877,667,0,0,0.635,0
124.96,5,0.2,0.97,129,0,0,0.228,0
232.55,2,0.272,0.873,186,0,0,0.262,0
190.45,2,0.223,0.709,41,0,0,0.285,0
136.53,4,0.187,0.784,45,0,2,0.526,0
47.14,2,0.192,0.892,386,0,0,0.222,0
153.68,2,0.213,0.721,326,0,0,0.276,0
28.5,3,0.309,0.922,143,0,0,0.314,0
51.39,3,0.071,0.647,246,1,0,0.23,0
39.1,4,0.335,0.833,201,0,0,0.376,0
72.97,3,0.294,0.895,480,0,0,0.463,0
850.76,3,0.029,0.764,797,0,0,0.307,0
8.55,3,0.226,0.783,584,0,0,0.361,0
141.87,1,0.305,0.919,6,0,0,0.424,0
11.31,3,0.098,0.766,46,0,0,0.351,0
39.68,5,0.304,0.543,229,0,0,0.727,0
220.93,4,0.407,0.87,768,0,1,0.38,0
71.57,4,0.219,0.731,113,0,0,0.328,0
20.38,2,0.316,0.912,849,0,0,0.546,0
30.36,1,0.057,0.83,51,0,0,0.107,0
140.83,3,0.362,0.85,35,0,0,0.332,0
29.86,4,0.207,0.982,983,1,1,0.185,0
84.61,2,0.426,0.693,75,0,3,0.18,0
70.11,5,0.326,0.957,254,0,0,0.453,0
32.57,2,0.172,0.915,162,0,0,0.376,0
705.1,1,0.206,0.958,68,0,2,0.81,0
133.93,3,0.15,0.77,404,0,0,0.272,0
7.19,1,0.232,0.926,1331,0,0,0.371,0
81.87,5,0.465,0.975,434,0,0,0.149,0
32.2,2,0.18,0.643,179,0,0,0.108,0
170.32,2,0.454,0.76,502,0,0,0.132,0
27.89,3,0.479,0.999,66,1,0,0.35,0
58.78,2,0.08,0.862,352,0,1,0.274,0
116.22,2,0.166,0.811,258,0,0,0.134,0
172.83,3,0.12,0.764,183,0,4,0.341,0
17.81,2,0.367,0.964,543,0,0,0.297,0
46.16,3,0.189,0.89,55,0,1,0.443,0
39.55,3,0.215,0.604,309,0,0,0.285,0
32.5,6,0.388,0.901,775,0,0,0.282,0
464.98,3,0.55,0.818,95,0,0,0.339,0
104.11,3,0.555,0.656,127,0,0,0.497,0
16.66,4,0.156,0.879,437,0,1,0.474,0
183.03,3,0.482,0.931,597,1,0,0.261,0
688.4,4,0.291,0.662,138,0,1,0.303,0
207.62,4,0.322,0.989,183,0,0,0.343,0
12.54,2,0.559,0.939,543,0,0,0.278,0
39.15,5,0.065,0.99,139,0,0,0.15,1
268.7,1,0.19,0.952,443,0,0,0.099,0
30.62,4,0.474,0.715,74,0,0,0.128,0
108.66,5,0.169,0.879,216,0,0,0.299,0
156.35,2,0.276,0.769,471,0,0,0.47,0
24.06,2,0.143,0.988,251,0,0,0.37,0
62.46,2,0.16,0.795,12,0,0,0.478,0
5.0,3,0.299,0.737,213,1,0,0.335,0
21.61,2,0.365,0.781,141,0,0,0.512,0
50.51,4,0.137,0.965,47,0,1,0.333,0
16.9,3,0.365,0.948,8,0,0,0.365,0
401.68,3,0.188,0.624,23,0,0,0.36,1
13.83,3,0.339,0.956,1197,0,0,0.11,0
41.1,1,0.204,0.594,559,0,0,0.654,0
77.0,1,0.275,0.803,1128,0,0,0.297,0
325.51,3,0.2,0.949,53,0,0,0.344,0
13.74,4,0.046,0.896,343,1,0,0.665,0
239.72,3,0.16,0.759,39,0,0,0.559,0
67.44,3,0.206,0.606,15,1,0,0.663,0
22.65,2,0.194,0.799,256,0,0,0.517,0
110.87,1,0.633,0.818,420,0,2,0.382,0
83.01,3,0.357,0.75,31,0,0,0.04,0
34.46,4,0.286,0.807,186,0,4,0.484,0
72.01,4,0.201,0.976,42,0,0,0.644,0
43.65,4,0.033,0.769,184,0,1,0.201,0
75.56,4,0.183,0.922,260,0,0,0.326,0
138.15,1,0.349,0.941,169,0,0,0.155,0
381.69,2,0.127,0.659,348,0,0,0.24,0
17.09,3,0.125,0.849,356,0,0,0.123,0
696.69,2,0.078,0.988,166,0,2,0.204,0
7.79,5,0.088,0.778,202,0,0,0.181,0
56.43,1,0.764,0.952,237,1,0,0.439,0
127.38,2,0.349,0.87,193,0,0,0.036,0
90.84,4,0.287,0.922,576,0,0,0.531,0
33.62,2,0.279,0.889,65,0,0,0.276,0
53.04,4,0.555,0.738,783,0,0,0.607,0
38.77,5,0.43,0.773,165,0,0,0.357,0
34.87,2,0.022,0.942,519,0,0,0.464,0
169.79,4,0.099,0.737,865,0,0,0.308,0
98.76,3,0.297,0.526,878,0,0,0.721,0
31.12,3,0.251,0.982,245,0,0,0.465,0
179.39,2,0.221,0.806,123,0,0,0.251,0
93.51,4,0.072,0.878,377,0,2,0.264,0
163.06,4,0.178,0.836,86,0,2,0.365,0
133.3,2,0.327,0.885,630,0,0,0.324,0
26.79,4,0.154,0.499,502,0,0,0.509,0
36.01,4,0.06,0.81,640,0,4,0.345,0
151.72,3,0.371,0.976,232,0,0,0.279,0
130.5,2,0.056,0.741,331,0,3,0.422,0
65.17,3,0.369,0.951,48,0,0,0.424,0
75.87,5,0.177,0.946,470,0,1,0.229,0
271.9,2,0.184,0.817,271,0,0,0.361,0
34.79,3,0.313,0.958,289,0,0,0.142,0
121.73,2,0.135,0.946,755,0,0,0.624,0
53.39,3,0.494,0.991,596,0,0,0.316,0
52.49,2,0.087,0.903,311,0,1,0.322,0
223.33,1,0.34,0.877,180,0,0,0.052,0
165.33,7,0.128,0.909,241,0,0,0.186,0
163.18,1,0.258,0.934,177,0,1,0.266,0
280.35,5,0.214,0.934,70,0,0,0.22,0
68.25,3,0.299,0.637,420,0,0,0.683,0
141.2,2,0.07,0.768,475,0,0,0.358,1
47.4,3,0.426,0.838,1424,0,0,0.261,0
95.26,4,0.335,0.963,248,0,0,0.247,0
57.79,3,0.261,0.922,2369,0,0,0.284,0
74.19,2,0.13,0.957,87,0,0,0.178,0
128.34,1,0.141,0.633,432,0,0,0.151,0
27.11,3,0.413,0.846,2106,0,0,0.144,0
666.22,5,0.072,0.829,414,1,0,0.644,1
22.05,3,0.159,0.873,245,0,0,0.172,0
17.54,1,0.519,0.867,294,0,0,0.496,0
238.39,3,0.166,0.818,752,0,0,0.207,0
159.31,2,0.302,0.832,1124,0,1,0.066,0
132.49,1,0.151,0.822,247,0,1,0.546,0
133.11,2,0.527,0.989,597,0,0,0.123,0
65.79,2,0.551,0.845,1090,0,0,0.181,0
24.85,3,0.384,0.802,137,0,0,0.211,0
72.49,3,0.238,0.835,276,0,0,0.602,0
31.66,3,0.246,0.509,2159,0,0,0.102,0
194.93,1,0.342,0.579,179,0,0,0.084,0
56.73,4,0.382,0.84,391,0,0,0.252,0
26.9,1,0.224,0.686,433,0,0,0.146,0
46.83,2,0.356,0.923,71,0,0,0.509,0
105.03,3,0.258,0.759,662,0,2,0.274,0
35.87,4,0.057,0.954,218,0,0,0.249,0
26.99,1,0.134,0.955,282,0,1,0.189,0
87.19,2,0.301,0.847,416,0,2,0.593,0
87.31,2,0.261,0.894,216,0,1,0.516,0
38.18,3,0.291,0.748,162,0,2,0.18,0
39.72,1,0.547,0.671,321,0,1,0.061,0
86.08,2,0.036,0.698,175,0,0,0.275,0
13.56,2,0.294,0.903,232,1,0,0.47,0
14.18,5,0.444,0.308,50,0,0,0.44,1
30.26,3,0.289,0.663,750,0,0,0.41,0
52.73,2,0.127,0.921,217,0,0,0.516,0
93.88,2,0.096,0.821,39,0,1,0.769,1
337.95,4,0.073,0.835,629,1,0,0.302,0
171.3,4,0.138,0.809,12,0,0,0.146,1
55.93,2,0.274,0.459,370,1,2,0.333,0
65.31,2,0.199,0.721,490,0,0,0.589,0
22.14,2,0.649,0.379,89,0,0,0.17,0
65.34,4,0.066,0.948,61,0,1,0.241,0
48.54,2,0.177,0.795,53,0,0,0.138,0
95.11,3,0.089,0.883,2009,0,0,0.269,0
26.84,4,0.039,0.914,567,0,0,0.522,0
118.07,2,0.692,0.936,154,0,0,0.579,0
359.97,3,0.436,0.895,168,0,1,0.681,0
59.17,3,0.239,0.77,423,0,0,0.03,0
103.74,3,0.369,0.494,249,1,0,0.36,0
142.47,4,0.108,0.933,131,0,0,0.402,0
42.89,4,0.098,0.821,28,0,0,0.239,0
85.33,3,0.012,0.79,617,0,0,0.055,0
67.62,3,0.348,0.576,881,1,0,0.404,0
74.25,4,0.465,0.922,97,0,0,0.676,0
28.49,2,0.17,0.781,31,0,0,0.098,0
68.51,1,0.051,0.981,55,0,1,0.291,0
115.33,3,0.326,0.78,218,0,1,0.144,0
329.07,1,0.27,0.796,147,1,2,0.813,0
191.56,2,0.317,0.901,35,0,0,0.203,0
712.3,4,0.122,0.814,247,0,0,0.288,0
28.67,1,0.175,0.646,96,1,0,0.225,0
174.09,3,0.407,0.976,32,0,0,0.428,0
81.59,2,0.073,0.878,434,0,0,0.37,0
741.58,3,0.303,0.777,344,0,1,0.031,0
27.41,1,0.217,0.672,705,0,2,0.269,0
26.48,1,0.25,0.672,148,0,0,0.247,0
34.49,3,0.383,0.434,63,0,0,0.103,0
6.45,1,0.584,0.897,183,0,0,0.465,0
37.4,3,0.194,0.859,608,0,2,0.18,0
28.93,2,0.045,0.879,115,0,0,0.134,0
78.68,3,0.012,0.936,122,0,1,0.086,0
97.12,3,0.414,0.844,68,0,2,0.412,0
525.2,3,0.149,0.97,1727,1,0,0.391,1
189.7,3,0.181,0.95,1373,0,0,0.663,0
35.35,1,0.021,0.981,434,0,0,0.523,0
24.82,2,0.093,0.978,101,0,0,0.321,0
114.56,3,0.121,0.831,586,0,0,0.527,0
15.61,3,0.396,0.815,355,0,0,0.206,0
500.0,3,0.175,0.943,558,0,0,0.241,0
244.05,2,0.547,0.855,792,0,0,0.36,0
39.8,2,0.084,0.84,158,0,0,0.213,0
10.13,1,0.055,0.92,984,0,0,0.582,0
295.67,3,0.172,0.837,920,0,0,0.161,0
58.79,2,0.183,0.685,321,0,0,0.499,0
260.24,2,0.098,0.981,466,0,0,0.09,0
11.54,1,0.257,0.614,216,0,1,0.691,0
34.49,3,0.177,0.766,430,0,0,0.293,0
67.07,2,0.149,0.898,323,0,0,0.626,0
70.22,2,0.404,0.972,160,0,0,0.586,0
40.65,3,0.376,0.951,160,0,0,0.354,0
132.31,5,0.331,0.744,426,1,0,0.119,0
20.61,2,0.615,0.974,1260,0,0,0.62,0
57.02,3,0.137,0.876,95,0,0,0.486,0
76.12,2,0.309,0.565,204,0,0,0.175,0
117.43,4,0.474,0.839,660,0,0,0.286,0
145.88,3,0.305,0.614,57,0,0,0.333,0
19.35,4,0.458,0.772,2062,1,0,0.07,0
12.34,2,0.147,0.944,458,0,3,0.437,0
271.9,3,0.275,0.824,971,0,0,0.324,0
96.12,1,0.22,0.817,733,0,0,0.416,0
29.27,3,0.058,0.828,605,1,0,0.319,0
367.33,4,0.218,0.881,18,0,0,0.383,0
75.74,2,0.088,0.91,213,1,0,0.447,0
244.01,2,0.424,0.804,95,0,1,0.292,0
71.83,3,0.11,0.742,825,0,0,0.187,0
643.44,1,0.551,0.77,461,0,0,0.421,0
459.84,3,0.421,0.764,50,0,2,0.223,0
50.71,3,0.033,0.865,183,0,0,0.159,0
194.17,1,0.082,0.706,33,1,0,0.15,0
135.63,4,0.153,0.855,543,0,0,0.499,0
300.51,5,0.304,0.932,221,0,0,0.03,0
23.07,1,0.5,0.909,111,0,2,0.505,0
141.83,3,0.26,0.8,296,0,0,0.247,0
213.63,3,0.47,0.977,22,0,0,0.206,0
9.63,3,0.15,0.957,123,0,1,0.465,1
18.15,3,0.217,0.786,82,0,0,0.31,0
7.08,4,0.172,0.985,1072,0,0,0.44,0
49.58,1,0.415,0.62,194,0,1,0.37,0
146.83,1,0.182,0.937,356,0,0,0.625,0
348.14,2,0.494,0.92,284,0,0,0.368,0
72.35,4,0.29,0.708,435,1,0,0.377,0
400.01,2,0.095,0.749,135,0,0,0.122,0
14.61,2,0.303,0.817,56,0,1,0.323,0
10.24,3,0.204,0.646,38,0,1,0.309,0
62.73,1,0.349,0.976,90,0,0,0.534,0
101.75,3,0.412,0.881,268,0,0,0.045,0
64.33,5,0.384,0.745,112,0,1,0.426,0
6.86,3,0.244,0.922,232,0,0,0.232,0
60.46,4,0.171,0.725,16,0,1,0.506,0
15.88,2,0.224,0.898,400,0,0,0.214,0
139.3,5,0.084,0.51,847,0,0,0.645,0
99.81,2,0.568,0.603,24,0,2,0.511,0
23.72,3,0.172,0.762,103,0,0,0.472,0
37.89,2,0.272,0.831,157,0,2,0.105,0
20.8,2,0.044,0.669,140,0,0,0.382,0
62.24,5,0.267,0.551,21,0,0,0.225,0
190.69,1,0.039,0.971,50,0,1,0.535,0
22.55,1,0.541,0.53,979,0,0,0.303,0
116.1,3,0.161,0.971,502,1,0,0.369,0
37.22,3,0.309,0.609,1277,0,0,0.198,0
27.88,2,0.313,0.966,237,0,0,0.394,0
59.28,3,0.064,0.817,849,0,1,0.13,0
21.35,3,0.148,0.878,683,0,0,0.447,0
36.27,4,0.14,0.911,836,0,0,0.62,0
17.86,4,0.021,0.933,20,0,2,0.448,0
578.94,2,0.315,0.955,427,0,1,0.611,0
69.32,2,0.032,0.783,339,0,1,0.548,0
30.89,2,0.342,0.866,320,0,0,0.685,0
84.38,3,0.274,0.976,285,0,0,0.187,0
58.94,2,0.408,0.905,640,0,4,0.047,0
52.3,5,0.013,0.971,1382,0,0,0.249,0
131.05,1,0.514,0.824,711,0,1,0.358,0
153.43,5,0.006,0.502,822,0,0,0.43,0
37.21,5,0.31,0.796,269,0,0,0.082,0
35.4,3,0.044,0.97,474,0,0,0.731,0
49.28,3,0.188,0.773,219,0,0,0.284,0
5.3,1,0.042,0.76,183,1,0,0.066,0
12.59,2,0.15,0.779,907,0,0,0.455,0
299.93,2,0.294,0.813,947,0,0,0.418,0
407.27,1,0.248,0.981,463,0,0,0.077,0
50.71,3,0.155,0.959,732,0,0,0.149,0
125.74,3,0.428,0.944,183,0,0,0.716,0
93.91,1,0.041,0.902,232,0,2,0.466,0
1971.93,1,0.031,0.723,693,1,0,0.368,1
228.5,6,0.04,0.608,208,1,1,0.495,0
57.93,2,0.167,0.926,21,0,0,0.381,0
23.31,4,0.028,0.682,179,0,0,0.516,0
11.39,3,0.218,0.744,208,0,0,0.198,0
83.41,4,0.137,0.877,72,0,2,0.116,0
29.02,4,0.121,0.846,173,0,1,0.09,0
13.95,3,0.05,0.966,1094,0,0,0.088,0
32.75,1,0.38,0.833,787,0,0,0.33,0
20.29,4,0.174,0.741,241,0,0,0.283,0
426.6,1,0.177,0.719,499,0,0,0.211,0
175.88,4,0.118,0.929,70,0,2,0.238,0
66.1,2,0.206,0.756,563,0,1,0.306,0
339.66,3,0.491,0.978,263,0,1,0.267,0
72.61,5,0.073,0.919,517,0,0,0.222,0
25.86,4,0.094,0.613,418,0,0,0.084,0
356.18,2,0.049,0.889,110,0,2,0.073,0
120.64,1,0.233,0.845,724,0,0,0.087,0
21.31,5,0.333,0.761,344,0,0,0.204,0
54.09,2,0.073,0.553,618,0,0,0.34,0
25.45,2,0.16,0.561,44,0,0,0.273,0
14.57,4,0.138,0.35,387,0,1,0.525,0
184.71,4,0.286,0.494,143,0,2,0.244,0
544.77,3,0.284,0.668,794,0,0,0.179,0
14.32,1,0.122,0.689,1199,0,0,0.089,0
123.87,4,0.041,0.967,27,0,0,0.368,0
32.6,1,0.05,0.501,520,0,0,0.399,0
39.02,1,0.098,0.819,48,1,0,0.348,0
34.76,2,0.198,0.9,784,1,0,0.266,0
25.78,3,0.067,0.813,58,0,0,0.443,0
70.34,2,0.24,0.61,91,1,0,0.552,0
26.73,2,0.225,0.578,120,0,0,0.392,0
89.79,3,0.61,0.81,525,0,3,0.344,0
63.1,2,0.472,0.792,143,0,0,0.028,0
51.27,3,0.739,0.701,367,0,0,0.458,0
24.57,1,0.255,0.583,344,0,0,0.424,0
35.36,2,0.239,0.719,210,0,0,0.033,0
153.08,2,0.071,0.718,315,0,0,0.072,0
115.7,4,0.436,0.611,55,0,0,0.31,0
22.75,2,0.1,0.84,840,0,0,0.175,0
74.39,1,0.099,0.817,97,0,0,0.336,0
152.4,4,0.45,0.902,853,0,0,0.55,0
10.63,2,0.325,0.976,297,1,0,0.433,0
121.23,1,0.083,0.849,385,0,0,0.061,0
32.17,4,0.095,0.869,123,0,0,0.497,0
124.92,2,0.12,0.864,105,0,0,0.167,0
28.8,1,0.205,0.895,274,0,0,0.358,0
9.16,4,0.304,0.746,129,0,0,0.18,0
11.13,2,0.388,0.826,225,0,0,0.084,0
70.31,2,0.186,0.789,237,0,0,0.587,0
88.74,3,0.165,0.5,131,0,4,0.511,0
24.66,2,0.305,0.865,142,1,0,0.103,0
134.62,3,0.202,0.885,1448,0,0,0.236,0
10.72,4,0.063,0.842,359,0,0,0.122,0
62.01,2,0.46,0.755,718,0,0,0.406,0
17.6,2,0.165,0.732,23,0,0,0.181,0
32.56,1,0.085,0.874,5,0,2,0.297,0
70.26,1,0.145,0.841,297,0,0,0.719,0
25.88,3,0.341,0.986,706,0,0,0.085,0
43.68,1,0.079,0.825,382,0,1,0.483,0
201.73,3,0.466,0.882,390,0,1,0.236,0
35.35,1,0.267,0.82,65,0,0,0.238,0
167.21,2,0.327,0.459,1542,0,1,0.296,0
19.25,1,0.293,0.748,306,0,0,0.273,0
119.44,2,0.075,0.638,48,0,0,0.232,0
325.62,2,0.257,0.953,218,0,0,0.362,0
5.0,5,0.054,0.728,34,1,0,0.524,0
27.75,3,0.3,0.707,221,1,0,0.254,0
125.81,4,0.137,0.798,502,0,0,0.542,0
53.34,1,0.143,0.983,161,0,0,0.389,0
100.31,2,0.066,0.879,155,1,0,0.24,0
34.32,3,0.167,0.812,293,0,1,0.176,0
73.35,4,0.263,0.606,281,0,0,0.122,0
56.19,4,0.054,0.579,256,0,0,0.238,0
240.94,5,0.079,0.91,295,0,1,0.16,0
88.22,1,0.23,0.952,24,0,1,0.464,0
96.68,1,0.007,0.822,262,0,0,0.635,0
42.39,4,0.02,0.836,1936,0,0,0.481,0
39.0,3,0.089,0.867,583,0,0,0.201,0
41.44,2,0.228,0.907,140,1,0,0.473,0
102.91,2,0.273,0.924,457,0,0,0.201,0
41.97,2,0.276,0.359,165,0,0,0.139,0
91.72,4,0.262,0.981,90,0,0,0.151,0
653.89,2,0.277,0.9,599,0,0,0.59,0
173.86,1,0.112,0.822,99,0,0,0.292,0
46.59,2,0.193,0.917,787,1,0,0.25,0
249.97,5,0.229,0.894,196,0,0,0.195,0
42.57,3,0.313,0.937,570,0,1,0.662,0
7.09,1,0.017,0.962,125,0,0,0.156,0
22.0,4,0.17,0.752,428,0,0,0.775,0
8.52,3,0.283,0.908,100,0,0,0.334,0
45.3,2,0.088,0.905,13,0,0,0.27,0
68.05,1,0.098,0.843,679,0,0,0.284,0
421.61,4,0.072,0.97,780,0,0,0.019,0
95.55,4,0.489,0.699,855,0,0,0.329,0
52.4,3,0.083,0.654,19,0,1,0.356,0
166.06,3,0.126,0.882,577,0,0,0.153,0
5.86,2,0.158,0.362,727,0,0,0.837,0
86.42,3,0.066,0.452,154,0,0,0.496,0
155.7,4,0.218,0.717,259,1,0,0.141,0
13.11,1,0.164,0.875,214,1,0,0.201,0
234.66,3,0.572,0.984,237,0,1,0.477,1
96.77,1,0.103,0.697,755,0,0,0.445,0
42.23,4,0.041,0.807,221,0,0,0.159,0
133.76,1,0.483,0.556,149,0,1,0.279,0
810.59,5,0.185,0.718,60,1,0,0.252,1
81.46,2,0.148,0.923,454,0,0,0.452,0
87.62,3,0.157,0.847,40,0,1,0.112,0
40.23,2,0.356,0.802,30,0,0,0.372,0
26.18,3,0.546,0.741,462,0,0,0.588,0
166.23,3,0.043,0.895,479,0,2,0.221,0
26.01,2,0.6,0.934,93,0,0,0.247,0
72.15,2,0.053,0.975,1265,0,0,0.51,0
39.43,4,0.472,0.798,625,0,0,0.374,0
112.94,2,0.07,0.654,468,0,0,0.478,0
96.26,2,0.206,0.855,566,0,2,0.077,0
208.78,5,0.102,0.897,217,0,2,0.404,0
38.05,1,0.175,0.85,248,0,0,0.373,0
49.56,3,0.358,0.817,821,0,0,0.172,0
22.72,3,0.355,0.901,15,0,0,0.048,0
40.91,2,0.241,0.95,653,0,0,0.429,0
100.99,5,0.095,0.704,242,0,0,0.552,0
153.34,3,0.282,0.703,254,1,0,0.47,0
24.18,5,0.092,0.767,162,0,0,0.153,0
173.57,2,0.226,0.727,378,0,0,0.414,0
296.25,2,0.304,0.984,455,0,0,0.382,0
105.09,6,0.071,0.854,75,0,3,0.181,0
525.57,2,0.091,0.926,338,0,0,0.467,0
28.47,2,0.089,0.828,255,0,0,0.188,0
16.96,2,0.174,0.908,614,1,0,0.229,0
9.43,3,0.251,0.832,320,0,2,0.089,0
345.73,3,0.121,0.906,229,0,0,0.618,0
136.98,4,0.513,0.782,306,0,2,0.698,0
62.73,3,0.067,0.939,274,0,1,0.295,0
90.74,4,0.265,0.872,1099,0,0,0.434,0
19.34,4,0.529,0.714,154,0,0,0.213,0
982.72,5,0.017,0.525,20,0,0,0.375,0
76.87,2,0.078,0.839,438,0,0,0.673,0
75.21,3,0.031,0.873,375,0,0,0.535,0
148.17,3,0.129,0.834,968,0,0,0.285,0
113.19,2,0.046,0.906,54,0,1,0.166,0
85.31,1,0.08,0.882,300,0,0,0.301,0
27.95,2,0.459,0.654,70,0,0,0.083,0
112.01,3,0.281,0.806,248,0,0,0.229,0
528.6,4,0.318,0.881,647,0,0,0.473,0
292.94,3,0.131,0.58,784,0,0,0.542,0
384.72,2,0.351,0.77,722,0,0,0.149,0
38.0,2,0.053,0.596,322,0,0,0.312,0
22.45,1,0.137,0.878,407,0,1,0.336,0
58.07,3,0.106,0.752,325,0,0,0.431,0
70.9,3,0.375,0.789,334,0,0,0.283,0
222.21,2,0.165,0.525,870,0,0,0.732,0
10.36,3,0.167,0.738,98,0,0,0.065,0
358.71,2,0.148,0.672,236,1,0,0.647,0
56.05,2,0.36,0.877,381,0,0,0.272,0
41.7,2,0.138,0.852,584,0,0,0.078,0
21.9,3,0.048,0.983,579,0,0,0.254,1
10.8,5,0.58,0.958,54,0,0,0.042,0
164.92,3,0.258,0.779,105,0,0,0.112,0
72.29,2,0.025,0.903,974,0,0,0.422,0
16.14,1,0.185,0.862,181,1,2,0.451,0
16.05,2,0.031,0.864,6,0,0,0.073,0
46.09,5,0.117,0.802,94,0,0,0.556,0
418.18,6,0.436,0.679,1401,0,1,0.391,0
50.12,2,0.272,0.781,153,0,0,0.655,0
12.76,2,0.108,0.895,385,0,0,0.082,0
50.89,5,0.548,0.963,523,0,0,0.042,0
49.4,3,0.031,0.936,421,0,0,0.267,0
5.0,4,0.156,0.902,194,1,0,0.306,1
62.82,4,0.228,0.9,230,0,0,0.663,0
51.73,3,0.387,0.923,733,0,2,0.212,0
143.43,2,0.223,0.887,439,0,0,0.414,0
509.71,3,0.149,0.995,14,0,0,0.515,0
230.26,3,0.032,0.596,95,0,0,0.136,0
49.61,1,0.272,0.914,139,0,0,0.325,0
19.74,4,0.086,0.824,186,0,1,0.414,0
1130.82,4,0.503,0.515,349,1,0,0.216,0
71.17,1,0.146,0.947,187,0,0,0.469,0
67.72,4,0.023,0.914,702,0,0,0.479,0
64.94,1,0.126,0.703,261,0,3,0.106,0
82.92,4,0.081,0.862,284,0,0,0.448,0
56.89,1,0.146,0.787,228,0,3,0.474,0
35.48,3,0.113,0.922,153,0,0,0.191,0
36.54,2,0.207,0.915,521,0,1,0.201,0
64.33,2,0.085,0.908,109,0,0,0.229,0
36.68,3,0.115,0.626,472,0,0,0.411,0
30.44,3,0.429,0.933,306,0,1,0.728,0
74.97,3,0.368,0.916,48,0,0,0.552,0
50.38,3,0.312,0.913,12,0,0,0.627,0
348.76,2,0.143,0.921,79,0,1,0.396,0
5.0,3,0.246,0.941,577,0,1,0.447,0
221.55,4,0.073,0.738,199,0,0,0.329,0
262.62,3,0.09,0.848,658,0,0,0.702,0
6.82,2,0.123,0.821,283,0,0,0.509,0
45.74,1,0.465,0.779,18,0,0,0.385,0
44.32,1,0.071,0.948,753,0,1,0.08,0
14.18,1,0.261,0.804,1106,0,0,0.456,0
28.34,1,0.392,0.838,35,0,0,0.118,0
19.66,3,0.585,0.859,98,0,0,0.356,0
458.29,3,0.537,0.947,507,0,0,0.167,0
186.65,3,0.35,0.547,2352,0,0,0.186,0
270.08,2,0.189,0.89,840,0,0,0.226,0
147.5,2,0.191,0.947,46,0,1,0.554,0
19.26,3,0.054,0.73,378,0,0,0.818,0
37.45,1,0.232,0.559,442,0,0,0.243,0
114.24,2,0.196,0.762,403,0,1,0.157,0
17.39,4,0.126,0.768,340,0,0,0.406,0
146.1,1,0.171,0.784,143,0,0,0.068,0
51.2,1,0.083,0.889,446,0,0,0.318,0
44.15,2,0.032,0.803,526,0,0,0.826,0
145.77,2,0.341,0.97,347,0,0,0.296,0
108.71,1,0.161,0.947,279,0,0,0.473,0
44.83,3,0.477,0.863,103,0,0,0.531,0
238.71,3,0.229,0.712,319,0,0,0.42,0
20.3,3,0.082,0.66,59,1,1,0.188,0
131.31,1,0.323,0.689,35,0,0,0.079,0
128.05,4,0.464,0.599,606,0,1,0.427,0
47.44,1,0.569,0.993,456,0,0,0.656,0
95.46,3,0.196,0.975,423,0,0,0.091,0
16.84,4,0.344,0.841,1058,0,0,0.719,0
184.28,5,0.185,0.663,196,0,0,0.427,0
54.41,3,0.082,0.931,209,0,0,0.478,0
37.52,2,0.306,0.774,218,0,0,0.044,0
211.43,2,0.228,0.938,255,1,0,0.459,0
30.73,6,0.554,0.782,292,0,0,0.224,0
14.16,4,0.621,0.902,607,0,0,0.552,0
12.03,4,0.017,0.96,103,0,1,0.65,0
129.88,2,0.272,0.724,232,0,0,0.5,1
16.31,1,0.08,0.922,286,0,0,0.463,0
459.56,2,0.117,0.941,79,0,0,0.268,0
6.75,3,0.09,0.767,489,0,0,0.281,0
431.0,3,0.059,0.769,28,0,0,0.346,0
84.11,1,0.13,0.946,357,0,0,0.124,0
59.96,4,0.152,0.663,95,0,0,0.15,0
36.62,3,0.557,0.886,8,0,0,0.417,0
103.45,4,0.463,0.546,156,1,0,0.177,0
63.98,4,0.359,0.731,229,0,0,0.141,0
224.45,1,0.192,0.894,684,0,0,0.323,0
75.61,4,0.134,0.792,214,0,0,0.526,0
78.68,2,0.524,0.895,993,0,0,0.399,0
44.7,4,0.243,0.701,744,0,0,0.24,0
62.64,4,0.221,0.945,90,0,1,0.221,0
93.56,2,0.255,0.642,72,0,1,0.404,0
10.16,2,0.437,0.745,116,0,0,0.311,0
15.13,2,0.218,0.876,183,0,0,0.27,0
151.05,3,0.034,0.863,355,0,0,0.567,0
80.48,1,0.014,0.771,57,0,0,0.541,0
54.47,3,0.079,0.936,308,0,0,0.229,0
68.05,5,0.228,0.526,352,0,0,0.623,0
97.74,2,0.099,0.949,437,0,0,0.635,0
36.83,2,0.309,0.642,324,0,1,0.672,0
28.33,2,0.369,0.938,702,0,1,0.303,0
82.72,6,0.255,0.449,415,1,1,0.617,1
22.73,3,0.064,0.777,1038,0,0,0.324,0
104.49,5,0.08,0.781,487,0,2,0.319,0
10.25,2,0.536,0.904,234,1,0,0.639,0
206.87,5,0.534,0.95,99,0,0,0.165,0
112.15,4,0.547,0.723,9,0,0,0.347,0
88.38,3,0.386,0.992,42,0,2,0.174,0
196.56,2,0.542,0.943,89,0,0,0.551,0
416.56,2,0.047,0.976,102,0,0,0.405,0
203.53,1,0.107,0.776,546,0,0,0.53,0
8.8,2,0.326,0.843,200,0,0,0.699,0
16.32,2,0.05,0.381,161,0,0,0.163,0
33.54,4,0.21,0.575,26,1,2,0.316,0
68.63,2,0.083,0.796,314,0,0,0.386,0
117.85,1,0.504,0.876,384,0,0,0.133,0
30.01,3,0.217,0.647,846,0,0,0.274,0
81.9,3,0.111,0.677,284,0,0,0.186,0
29.05,2,0.521,0.731,8,0,0,0.616,0
34.03,3,0.099,0.752,32,0,0,0.546,0
14.19,3,0.223,0.911,131,0,0,0.245,0
24.15,3,0.417,0.99,64,0,1,0.263,0
15.08,2,0.064,0.485,593,0,0,0.188,0
22.79,2,0.164,0.645,50,0,0,0.54,0
212.51,6,0.056,0.973,75,0,0,0.284,0
23.47,6,0.256,0.875,444,0,0,0.412,0
1206.67,2,0.402,0.947,114,0,0,0.49,0
114.74,1,0.163,0.948,1395,0,1,0.58,0
81.72,2,0.228,0.937,800,0,3,0.239,0
25.94,4,0.387,0.624,550,0,3,0.309,0
144.08,2,0.108,0.719,173,0,0,0.209,0
35.4,1,0.099,0.924,28,0,0,0.348,0
76.26,4,0.228,0.711,169,0,1,0.366,0
1114.42,2,0.229,0.839,194,0,0,0.289,0
60.0,2,0.116,0.471,59,0,1,0.27,0
236.09,1,0.307,0.769,56,0,0,0.142,0
30.77,2,0.043,0.607,446,0,0,0.284,0
64.17,3,0.391,0.626,110,1,0,0.262,0
467.73,2,0.232,0.753,458,0,0,0.031,0
33.46,1,0.106,0.83,322,0,0,0.47,0
489.65,4,0.133,0.866,931,0,0,0.076,0
145.26,1,0.275,0.611,643,1,0,0.528,0
35.92,3,0.093,0.923,70,0,0,0.435,0
133.71,2,0.109,0.83,381,0,1,0.535,0
194.38,2,0.222,0.951,428,0,2,0.564,0
132.16,4,0.167,0.871,797,0,0,0.212,0
11.86,3,0.782,0.826,414,0,0,0.097,0
29.97,4,0.694,0.943,65,0,0,0.415,0
50.79,4,0.24,0.861,124,1,0,0.545,0
61.44,6,0.224,0.78,411,1,2,0.253,0
131.99,3,0.033,0.907,976,1,0,0.314,0
81.08,1,0.19,0.884,893,0,1,0.345,0
15.35,2,0.331,0.828,183,0,0,0.179,0
101.31,2,0.049,0.648,715,0,0,0.087,0
130.54,3,0.128,0.632,291,0,0,0.492,0
123.44,4,0.075,0.257,254,0,0,0.317,0
218.95,4,0.512,0.999,177,0,0,0.285,0
166.89,2,0.305,0.714,458,0,0,0.394,0
110.51,2,0.164,0.882,371,0,2,0.263,0
61.73,2,0.13,0.88,192,0,1,0.027,0
10.73,1,0.211,0.98,580,0,0,0.537,0
106.97,3,0.022,0.55,195,0,0,0.117,0
83.8,4,0.005,0.73,356,0,0,0.81,0
89.9,2,0.052,0.901,204,0,1,0.641,0
16.37,2,0.197,0.808,54,0,2,0.222,0
20.3,2,0.209,0.54,75,0,1,0.241,0
212.4,2,0.054,0.846,432,0,0,0.236,0
63.85,3,0.121,0.951,671,0,1,0.154,0
141.13,2,0.154,0.652,257,0,0,0.344,0
68.8,3,0.309,0.967,162,0,0,0.255,0
68.91,4,0.14,0.912,169,0,4,0.461,0
187.19,3,0.39,0.818,369,0,0,0.058,0
37.8,1,0.24,0.948,257,0,0,0.321,0
74.12,3,0.107,0.812,5,0,0,0.061,0
40.1,4,0.127,0.952,595,0,0,0.439,0
41.35,2,0.153,0.582,66,0,0,0.413,0
47.46,4,0.032,0.682,454,0,0,0.25,0
85.14,1,0.423,0.842,173,0,2,0.724,0
39.38,5,0.092,0.496,350,0,1,0.222,0
265.42,4,0.118,0.835,777,0,0,0.37,0
24.93,3,0.519,0.766,72,0,0,0.154,0
54.3,1,0.449,0.829,606,1,1,0.511,0
41.11,2,0.099,0.859,20,0,0,0.241,0
327.56,3,0.186,0.675,1022,0,2,0.385,0
82.78,2,0.508,0.588,95,0,2,0.34,0
207.48,4,0.174,0.961,637,0,0,0.306,0
13.01,5,0.212,0.932,32,0,1,0.37,0
89.46,4,0.098,0.77,163,0,0,0.309,0
177.43,2,0.607,0.915,406,0,0,0.64,0
73.0,2,0.298,0.742,435,0,1,0.141,0
215.3,2,0.356,0.778,485,0,1,0.133,1
37.75,2,0.407,0.762,177,0,0,0.387,0
314.28,2,0.372,0.488,443,0,1,0.283,0
836.13,4,0.207,0.881,228,0,2,0.373,0
44.74,4,0.316,0.81,338,0,1,0.095,0
40.85,4,0.339,0.911,321,0,0,0.285,0
329.88,4,0.581,0.46,78,0,1,0.471,0
379.0,3,0.233,0.751,754,0,1,0.252,0
37.52,5,0.41,0.812,812,1,2,0.339,0
42.01,3,0.156,0.676,96,0,0,0.253,0
48.91,2,0.117,0.881,220,1,1,0.534,0
15.2,5,0.631,0.645,255,1,0,0.326,0
24.28,4,0.284,0.778,323,0,3,0.092,0
22.1,1,0.059,0.839,14,0,0,0.311,0
28.66,1,0.054,0.935,573,0,1,0.261,0
64.19,3,0.368,0.952,797,0,2,0.414,0
86.28,2,0.288,0.819,66,0,0,0.344,0
367.07,3,0.241,0.922,912,0,2,0.224,0
22.24,3,0.279,0.882,766,0,1,0.429,0
196.91,2,0.189,0.9,317,0,2,0.262,0
52.7,2,0.051,0.752,133,0,0,0.096,0
63.15,5,0.434,0.78,98,1,1,0.47,0
140.09,3,0.271,0.84,273,0,0,0.261,0
19.39,2,0.19,0.875,288,0,0,0.157,0
101.56,3,0.013,0.778,427,0,1,0.195,0
80.09,2,0.135,0.83,652,1,0,0.125,0
114.63,2,0.173,0.945,1095,0,1,0.286,0
91.66,2,0.062,0.84,641,0,0,0.093,0
993.1,3,0.06,0.587,963,0,0,0.061,0
33.07,2,0.287,0.87,281,0,0,0.563,0
37.18,3,0.085,0.857,20,0,0,0.215,0
33.6,1,0.184,0.865,26,1,0,0.276,0
36.2,3,0.097,0.664,130,0,0,0.529,0
33.08,2,0.022,0.893,385,1,1,0.118,0
246.64,4,0.191,0.9,168,0,0,0.319,0
318.16,2,0.036,0.886,77,0,1,0.431,0
35.59,1,0.072,0.822,765,0,0,0.46,0
26.69,2,0.031,0.638,1684,0,0,0.334,0
112.01,3,0.082,0.534,11,0,0,0.405,0
36.33,1,0.004,0.942,42,0,0,0.043,0
133.78,2,0.225,0.861,281,0,0,0.513,0
83.36,3,0.046,0.909,169,0,0,0.294,0
12.59,2,0.206,0.563,614,0,0,0.396,0
365.86,2,0.292,0.807,429,1,0,0.131,0
480.81,3,0.077,0.862,33,0,3,0.245,0
33.99,1,0.063,0.915,319,0,0,0.27,0
43.53,5,0.187,0.72,169,0,1,0.23,0
91.33,4,0.116,0.774,1347,0,0,0.126,0
96.34,2,0.056,0.635,262,0,0,0.238,0
137.61,4,0.216,0.962,1055,0,0,0.235,0
608.64,4,0.14,0.831,17,0,0,0.173,0
54.89,5,0.241,0.654,48,0,1,0.287,0
27.71,3,0.2,0.929,200,0,1,0.255,0
14.63,3,0.323,0.901,876,0,1,0.65,0
29.84,4,0.259,0.861,319,0,1,0.483,0
64.3,2,0.215,0.518,700,0,1,0.241,0
480.11,2,0.268,0.965,138,0,1,0.101,0
37.74,2,0.374,0.938,52,0,0,0.23,0
85.3,3,0.048,0.949,117,0,0,0.484,0
65.49,1,0.139,0.867,419,0,1,0.285,0
246.47,1,0.19,0.986,825,0,0,0.436,0
1074.52,3,0.28,0.822,247,0,0,0.191,0
37.19,2,0.241,0.944,91,1,0,0.171,0
38.92,3,0.594,0.774,411,0,0,0.198,0
210.31,1,0.168,0.717,92,0,0,0.415,0
141.19,1,0.104,0.805,342,0,0,0.154,0
508.46,1,0.145,0.927,48,0,0,0.535,0
126.76,2,0.137,0.906,671,0,1,0.621,1
44.92,2,0.121,0.965,659,0,0,0.269,0
127.7,4,0.367,0.881,316,0,1,0.493,0
225.78,2,0.283,0.93,20,1,0,0.397,0
164.44,1,0.052,0.801,136,0,3,0.22,0
116.51,4,0.405,0.798,64,0,0,0.374,0
215.58,3,0.191,0.678,301,0,0,0.675,0
241.34,2,0.303,0.954,47,1,2,0.426,1
305.02,2,0.191,0.868,820,0,0,0.533,0
136.13,4,0.12,0.996,764,0,0,0.345,0
55.49,4,0.064,0.983,72,0,0,0.15,0
78.37,1,0.279,0.823,479,0,0,0.221,0
251.43,4,0.24,0.886,481,0,1,0.406,0
27.15,4,0.495,0.804,207,0,1,0.666,0
100.04,3,0.077,0.78,71,0,0,0.472,0
43.26,1,0.241,0.585,61,0,4,0.329,0
68.83,3,0.365,0.748,543,0,1,0.267,0
272.13,1,0.171,0.713,104,0,0,0.382,0
82.29,2,0.09,0.626,374,0,0,0.263,0
70.18,3,0.05,0.832,808,0,0,0.268,0
14.94,5,0.094,0.82,364,0,0,0.026,0
151.54,2,0.203,0.673,1464,0,0,0.338,0
135.64,1,0.387,0.972,419,0,0,0.266,0
720.24,2,0.033,0.543,156,0,0,0.532,0
47.53,4,0.264,0.733,770,0,0,0.339,0
84.87,3,0.273,0.903,153,0,0,0.198,0
87.74,2,0.121,0.689,1429,0,0,0.226,1
378.12,2,0.306,0.946,264,0,0,0.733,0
60.05,1,0.151,0.859,1230,0,2,0.466,0
90.64,4,0.046,0.861,86,1,0,0.287,0
130.15,2,0.221,0.809,9,0,0,0.423,0
81.88,2,0.128,0.774,92,0,2,0.343,0
40.81,4,0.227,0.856,46,0,0,0.484,0
82.56,4,0.13,0.458,534,1,0,0.218,0
217.24,3,0.298,0.955,127,0,0,0.531,0
21.56,2,0.487,0.464,413,1,1,0.656,0
77.19,5,0.221,0.872,446,0,0,0.297,0
30.87,3,0.328,0.743,471,1,0,0.152,1
248.28,3,0.047,0.943,719,0,0,0.557,0
12.48,2,0.33,0.719,69,0,0,0.284,0
36.06,4,0.415,0.707,25,0,0,0.339,0
100.98,3,0.499,0.777,17,0,0,0.308,0
373.19,3,0.112,0.807,48,0,3,0.37,0
62.03,4,0.132,0.8,195,0,0,0.496,0
36.21,2,0.212,0.943,1374,0,0,0.727,0
528.09,2,0.445,0.968,179,0,0,0.478,0
13.56,1,0.016,0.8,246,0,1,0.261,0
5.94,2,0.063,0.811,678,1,3,0.683,0
108.2,2,0.124,0.895,1008,0,0,0.216,0
38.39,2,0.211,0.741,1427,0,0,0.245,0
21.69,4,0.211,0.937,705,0,0,0.673,0
145.36,3,0.14,0.893,284,0,0,0.106,0
87.2,4,0.05,0.957,109,0,0,0.377,0
35.86,1,0.299,0.918,369,0,2,0.151,0
16.31,1,0.21,0.844,92,0,0,0.164,0
174.11,3,0.221,0.774,27,0,0,0.648,0
136.35,6,0.476,0.999,1012,0,0,0.328,0
59.79,4,0.192,0.83,270,0,0,0.713,0
508.42,5,0.213,0.963,288,0,0,0.376,0
20.55,1,0.253,0.758,380,0,0,0.279,0
12.45,4,0.292,0.945,245,0,0,0.053,0
31.15,3,0.118,0.566,240,0,0,0.345,0
63.42,3,0.613,0.654,991,0,0,0.146,0
87.15,3,0.067,0.798,683,0,0,0.466,0
51.14,1,0.413,0.765,100,0,1,0.264,0
98.23,3,0.329,0.888,142,0,1,0.242,0
16.83,2,0.171,0.96,437,0,0,0.397,0
326.41,3,0.19,0.792,343,0,0,0.242,0
60.92,3,0.044,0.86,586,0,3,0.168,0
227.93,3,0.394,0.904,525,1,0,0.324,0
97.22,6,0.231,0.866,498,0,1,0.098,0
110.21,2,0.343,0.692,853,0,0,0.282,0
124.8,2,0.522,0.929,586,0,1,0.205,0
109.12,3,0.047,0.626,116,0,0,0.433,0
135.23,5,0.155,0.838,829,0,0,0.098,0
287.74,3,0.384,0.856,168,0,3,0.316,0
82.78,4,0.17,0.716,972,0,2,0.444,0
145.46,2,0.224,0.896,700,0,0,0.231,0
60.42,1,0.279,0.617,35,0,0,0.279,0
325.1,2,0.074,0.886,595,0,0,0.518,0
31.69,1,0.39,0.608,282,0,0,0.292,0
483.49,3,0.268,0.915,1515,0,0,0.702,0
63.8,3,0.38,0.683,250,0,3,0.646,0
13.82,5,0.21,0.941,32,0,0,0.306,0
76.78,5,0.184,0.766,143,1,2,0.126,0
31.53,2,0.419,0.811,229,0,0,0.508,0
168.13,2,0.035,0.85,363,1,0,0.638,0
32.53,2,0.183,0.682,70,0,0,0.352,0
40.82,2,0.096,0.779,294,0,0,0.49,0
8.34,1,0.251,0.807,269,0,0,0.299,0
40.55,5,0.153,0.797,729,0,0,0.427,0
5.0,3,0.301,0.525,149,0,1,0.19,0
11.68,4,0.132,0.958,243,0,1,0.121,0
153.92,2,0.232,0.984,201,0,0,0.768,0
158.28,1,0.089,0.816,405,0,0,0.679,0
106.48,2,0.241,0.858,728,0,0,0.336,0
23.02,1,0.036,0.996,455,0,0,0.352,0
63.28,2,0.441,0.887,255,0,3,0.203,0
66.42,3,0.311,0.875,411,0,0,0.4,0
18.65,2,0.446,0.966,160,0,0,0.028,0
348.53,3,0.193,0.865,67,0,3,0.504,0
175.05,1,0.538,0.868,159,0,0,0.181,0
52.3,3,0.461,0.836,239,1,0,0.264,0
68.69,4,0.275,0.699,236,0,0,0.159,0
83.87,2,0.326,0.611,540,0,4,0.195,0
7.06,3,0.031,0.562,1106,0,0,0.196,0
50.81,1,0.221,0.769,202,0,0,0.372,0
31.49,3,0.26,0.612,41,0,0,0.312,0
22.16,2,0.044,0.475,18,1,0,0.508,0
48.95,4,0.23,0.661,6,0,3,0.597,0
481.76,3,0.244,0.926,1117,0,0,0.419,0
134.95,4,0.088,0.91,2178,0,0,0.148,0
35.58,2,0.227,0.584,26,0,0,0.136,0
125.19,3,0.212,0.936,182,0,0,0.141,0
310.84,3,0.246,0.915,447,0,0,0.41,0
184.4,2,0.24,0.946,83,0,0,0.693,0
71.21,2,0.127,0.92,365,0,1,0.398,0
32.73,1,0.19,0.787,676,0,0,0.307,0
143.75,4,0.279,0.749,786,1,0,0.383,0
102.8,4,0.097,0.759,495,0,0,0.203,0
178.52,2,0.333,0.665,39,0,0,0.283,0
134.11,2,0.11,0.962,176,0,0,0.465,0
211.56,3,0.302,0.994,1373,0,0,0.315,0
37.01,1,0.417,0.972,90,0,0,0.213,0
284.05,3,0.095,0.844,247,0,0,0.244,0
82.88,3,0.232,0.839,167,0,0,0.571,0
653.79,4,0.335,0.969,97,0,0,0.141,0
31.25,2,0.314,0.886,161,0,1,0.387,0
450.14,4,0.213,0.506,89,1,0,0.158,0
82.91,3,0.051,0.668,844,0,0,0.165,0
32.57,2,0.357,0.754,81,0,1,0.217,0
39.16,3,0.271,0.818,395,0,0,0.293,0
46.88,4,0.223,0.905,1146,0,0,0.138,0
106.33,2,0.269,0.689,1225,0,0,0.214,0
118.52,7,0.443,0.736,371,0,0,0.458,0
35.48,4,0.267,0.87,131,0,0,0.451,0
64.92,4,0.283,0.889,118,0,0,0.227,0
703.8,3,0.128,0.956,555,0,2,0.253,0
445.99,4,0.336,0.918,1584,1,0,0.504,0
107.77,3,0.046,0.965,37,0,0,0.512,0
69.53,3,0.328,0.743,628,0,0,0.397,0
76.1,3,0.139,0.894,57,0,1,0.457,0
130.96,3,0.295,0.89,146,1,0,0.144,0
21.65,3,0.062,0.902,339,0,0,0.315,0
50.24,2,0.005,0.929,146,0,0,0.254,0
10.64,1,0.356,0.694,425,0,0,0.347,0
103.46,4,0.143,0.856,220,0,0,0.336,0
135.9,4,0.425,0.895,103,0,0,0.067,0
39.19,4,0.303,0.845,307,0,1,0.042,0
376.68,2,0.337,0.794,14,0,1,0.518,0
17.32,3,0.29,0.583,545,0,0,0.475,0
13.32,1,0.314,0.71,300,0,0,0.386,0
85.36,2,0.192,0.603,1177,0,0,0.485,0
210.99,3,0.093,0.955,48,0,0,0.566,0
425.1,1,0.064,0.884,532,0,0,0.571,0
40.25,3,0.086,0.839,148,0,0,0.332,0
218.45,5,0.313,0.846,191,0,0,0.538,0
63.92,4,0.509,0.815,176,0,0,0.283,0
55.15,4,0.11,0.985,182,0,0,0.464,0
176.27,6,0.299,0.77,230,1,0,0.258,0
136.67,4,0.143,0.842,13,0,0,0.263,0
11.77,4,0.201,0.87,755,0,0,0.539,0
338.39,3,0.107,0.917,859,0,0,0.192,0
304.33,2,0.022,0.986,21,0,0,0.227,0
33.51,3,0.081,0.986,603,0,0,0.133,0
103.07,2,0.306,0.873,35,0,0,0.297,0
114.83,1,0.395,0.811,664,0,0,0.344,0
88.83,3,0.25,0.989,384,0,2,0.065,0
36.4,5,0.167,0.843,151,1,2,0.43,0
31.86,3,0.157,0.587,385,0,0,0.46,1
64.84,4,0.267,0.9,287,0,0,0.127,0
242.26,1,0.336,0.72,408,0,0,0.389,0
121.26,1,0.321,0.879,263,0,1,0.417,0
44.36,3,0.241,0.992,597,0,0,0.383,0
155.85,5,0.211,0.656,23,0,0,0.451,0
5.0,3,0.225,0.753,173,0,0,0.136,0
235.96,2,0.401,0.86,332,1,1,0.244,0
9.84,2,0.326,0.925,359,0,1,0.647,0
44.76,3,0.383,0.891,79,0,0,0.418,0
19.46,2,0.095,0.96,35,0,0,0.939,1
16.05,2,0.097,0.941,13,0,0,0.322,0
239.11,3,0.22,0.793,218,0,0,0.181,0
39.87,3,0.096,0.915,165,0,0,0.202,0
97.63,2,0.308,0.937,340,0,0,0.309,0
63.33,1,0.336,0.728,243,0,3,0.084,0
112.7,2,0.046,0.708,205,0,1,0.468,0
72.57,3,0.163,0.978,746,0,0,0.174,0
16.26,3,0.049,0.833,393,0,3,0.225,0
199.52,2,0.276,0.867,420,1,0,0.367,0
38.74,1,0.375,0.943,197,0,0,0.348,0
12.03,4,0.181,0.672,604,0,0,0.308,1
41.64,5,0.041,0.676,70,0,1,0.046,0
347.52,2,0.255,0.943,210,0,0,0.51,0
169.91,4,0.188,0.779,24,0,0,0.282,0
45.44,5,0.245,0.792,54,0,2,0.293,0
45.41,2,0.5,0.92,39,0,0,0.149,0
46.81,4,0.295,0.871,237,0,0,0.462,0
654.86,3,0.039,0.877,483,0,0,0.392,0
101.51,2,0.057,0.86,154,0,1,0.424,0
107.02,3,0.661,0.896,15,0,0,0.557,0
207.12,2,0.42,0.845,496,0,0,0.425,0
86.72,4,0.35,0.76,97,0,0,0.123,0
50.15,3,0.056,0.829,518,1,2,0.087,0
53.73,2,0.375,0.822,7,0,0,0.434,0
61.64,3,0.349,0.8,154,1,1,0.571,0
64.01,4,0.211,0.82,393,1,0,0.16,0
148.47,3,0.093,0.999,824,0,1,0.357,0
70.61,2,0.272,0.869,566,0,0,0.503,1
149.29,3,0.212,0.79,243,0,0,0.18,0
61.02,5,0.225,0.611,512,0,0,0.428,0
72.71,6,0.352,0.939,313,0,0,0.33,0
7.4,3,0.13,0.82,676,1,0,0.12,0
182.72,1,0.127,0.809,596,0,0,0.467,0
97.63,3,0.03,0.61,1494,0,0,0.098,0
199.9,5,0.335,0.694,49,0,0,0.168,0
5.0,2,0.136,0.942,171,0,0,0.457,0
663.29,5,0.201,0.62,90,0,1,0.157,0
57.19,2,0.143,0.904,403,0,0,0.469,0
225.65,1,0.54,0.755,441,1,2,0.38,0
21.24,2,0.264,0.824,96,0,0,0.529,0
130.85,3,0.392,0.537,223,0,0,0.514,0
20.93,3,0.209,0.81,373,0,0,0.448,0
33.58,3,0.078,0.868,435,0,0,0.379,0
547.54,4,0.175,0.619,48,1,1,0.142,1
54.07,5,0.248,0.638,1020,0,0,0.045,0
84.71,3,0.448,0.844,18,0,0,0.262,0
173.66,1,0.629,0.971,1448,0,0,0.551,0
115.04,3,0.06,0.999,157,1,3,0.116,0
78.69,3,0.132,0.963,157,0,1,0.348,0
99.63,2,0.093,0.602,241,0,0,0.156,0
938.01,2,0.126,0.925,479,0,0,0.292,0
62.59,2,0.103,0.868,74,0,0,0.168,0
83.2,2,0.528,0.914,122,0,0,0.265,0
211.82,3,0.523,0.865,1308,0,0,0.453,0
225.0,2,0.517,0.979,842,0,0,0.21,0
246.1,2,0.193,0.712,100,0,0,0.439,0
134.64,4,0.271,0.395,345,0,0,0.313,0
18.97,5,0.087,0.954,96,0,0,0.568,0
402.13,5,0.439,0.936,324,0,0,0.374,1
18.9,3,0.491,0.823,187,0,0,0.44,0
93.03,3,0.197,0.84,185,0,0,0.34,0
29.09,1,0.276,0.989,408,0,0,0.328,0
62.14,2,0.297,0.728,121,0,0,0.475,0
95.74,1,0.415,0.798,212,0,0,0.265,1
94.96,2,0.161,0.867,1042,0,0,0.3,0
106.07,2,0.15,0.414,568,0,0,0.188,0
393.5,4,0.327,0.938,198,0,1,0.384,0
109.82,3,0.134,0.515,109,0,0,0.086,0
50.98,2,0.263,0.758,435,0,0,0.676,0
192.58,2,0.123,0.923,664,0,0,0.472,0
246.76,4,0.486,0.833,793,0,0,0.213,0
17.28,1,0.102,0.96,337,0,0,0.088,0
128.66,7,0.31,0.622,295,0,1,0.653,0
144.21,3,0.287,0.955,513,0,1,0.108,0
48.07,4,0.025,0.856,82,1,0,0.611,0
302.86,4,0.145,0.982,769,0,0,0.24,1
56.54,1,0.421,0.846,35,0,0,0.12,0
76.56,3,0.079,0.968,374,0,0,0.23,0
55.13,3,0.556,0.828,361,0,1,0.177,0
67.84,2,0.324,0.688,153,0,1,0.263,0
19.97,3,0.026,0.922,19,0,0,0.561,0
13.68,2,0.177,0.652,511,0,0,0.134,0
385.27,3,0.3,0.926,14,0,0,0.223,0
26.27,3,0.286,0.731,84,0,0,0.62,0
22.41,5,0.107,0.948,319,1,0,0.638,0
6.24,2,0.064,0.974,1130,0,1,0.295,0
33.02,3,0.185,0.666,32,0,1,0.248,0
15.56,3,0.228,0.852,350,0,0,0.093,0
405.94,3,0.068,0.886,164,0,0,0.527,0
202.51,4,0.057,0.857,447,1,2,0.453,0
31.28,4,0.318,0.986,1227,1,3,0.495,0
794.47,1,0.093,0.421,130,0,1,0.239,0
196.36,3,0.651,0.648,1253,0,0,0.232,0
46.65,3,0.338,0.873,823,0,0,0.327,0
5.0,4,0.079,0.823,378,0,1,0.155,0
828.85,4,0.16,0.875,572,0,0,0.256,0
14.46,2,0.129,0.891,805,0,0,0.55,0
10.91,2,0.141,0.722,655,0,1,0.054,0
205.37,2,0.112,0.677,163,0,0,0.309,0
976.26,1,0.643,0.822,674,0,2,0.086,0
305.73,1,0.227,0.729,155,1,0,0.571,0
124.0,1,0.045,0.932,812,0,0,0.38,1
128.28,3,0.023,0.812,122,0,1,0.413,0
170.5,6,0.321,0.937,344,0,0,0.225,0
153.67,5,0.649,0.699,477,0,0,0.434,0
90.86,3,0.474,0.682,226,0,0,0.178,0
74.79,4,0.258,0.783,616,0,0,0.178,0
62.25,3,0.086,0.798,1043,1,0,0.365,0
29.1,1,0.138,0.992,87,0,1,0.208,0
48.97,1,0.092,0.953,18,0,0,0.263,0
10.36,2,0.227,0.883,398,1,0,0.137,0
59.85,3,0.258,0.866,373,0,0,0.659,0
22.48,2,0.526,0.843,171,0,3,0.06,0
19.81,2,0.036,0.41,620,0,0,0.424,0
81.28,1,0.14,0.865,704,0,1,0.544,0
308.34,3,0.079,0.665,166,0,0,0.385,0
183.12,2,0.202,0.629,463,0,0,0.266,0
11.85,3,0.213,0.934,415,0,0,0.234,1
22.45,3,0.429,0.914,172,0,1,0.332,0
187.7,3,0.254,0.554,1396,0,0,0.428,0
22.63,2,0.24,0.867,175,0,1,0.192,0
52.09,1,0.537,0.561,392,0,0,0.28,0
122.13,2,0.302,0.949,196,0,2,0.627,0
22.98,1,0.179,0.927,9,0,0,0.274,0
74.88,5,0.106,0.789,43,0,0,0.18,0
15.37,3,0.074,0.865,110,0,0,0.122,0
34.42,2,0.341,0.734,673,0,1,0.576,0
94.8,6,0.185,0.747,238,0,1,0.409,0
11.56,2,0.163,0.859,360,0,0,0.557,0
108.26,3,0.267,0.95,1156,0,0,0.338,0
65.26,4,0.362,0.979,68,0,1,0.233,0
122.45,2,0.297,0.437,796,0,1,0.309,0
85.31,2,0.252,0.744,195,1,0,0.105,0
299.03,3,0.119,0.943,169,0,2,0.06,0
76.53,2,0.458,0.745,397,0,0,0.26,0
41.58,2,0.122,0.884,920,0,0,0.53,0
76.29,3,0.2,0.924,176,0,0,0.477,0
121.22,1,0.246,0.985,578,0,0,0.548,0
70.37,4,0.432,0.8,12,0,0,0.205,0
69.73,2,0.17,0.911,395,0,0,0.43,0
30.81,2,0.383,0.982,403,0,0,0.211,0
32.16,2,0.058,0.958,329,0,2,0.475,0
14.26,4,0.012,0.946,1116,1,0,0.548,0
456.93,4,0.304,0.918,1121,0,0,0.378,0
16.98,2,0.209,0.961,172,1,0,0.374,0
31.12,3,0.216,0.924,248,0,0,0.44,0
30.26,2,0.494,0.746,633,0,0,0.488,0
178.47,4,0.089,0.687,747,0,0,0.12,0
48.21,1,0.381,0.945,221,0,1,0.487,0
263.1,4,0.119,0.967,176,0,0,0.136,0
31.79,3,0.062,0.549,692,0,0,0.411,0
90.64,1,0.087,0.849,194,0,0,0.268,0
26.61,3,0.192,0.789,212,0,0,0.524,0
706.03,2,0.095,0.981,63,1,0,0.263,1
18.06,2,0.061,0.805,318,0,1,0.397,0
93.77,4,0.177,0.826,163,0,1,0.299,0
133.91,4,0.28,0.775,362,1,0,0.318,1
105.13,5,0.338,0.666,242,0,0,0.372,0
54.39,4,0.232,0.884,556,0,0,0.415,0
57.81,1,0.435,0.624,135,0,0,0.205,0
69.98,2,0.149,0.711,80,0,0,0.298,0
56.73,2,0.143,0.965,490,0,0,0.189,0
192.53,3,0.184,0.811,198,0,0,0.164,0
758.68,3,0.176,0.897,336,0,0,0.6,0
36.12,2,0.264,0.906,1137,0,0,0.153,0
14.78,5,0.209,0.864,269,0,0,0.123,0
60.51,1,0.183,0.885,71,0,3,0.2,0
1138.74,3,0.148,0.6,227,0,0,0.611,0
27.55,2,0.139,0.928,265,0,0,0.373,0
404.65,1,0.168,0.906,585,0,0,0.407,0
422.2,5,0.313,0.904,91,0,0,0.671,0
36.27,2,0.451,0.6,175,0,0,0.144,0
124.7,3,0.264,0.849,25,0,0,0.561,0
399.91,1,0.139,0.709,489,1,2,0.303,0
43.95,3,0.205,0.852,549,0,0,0.105,0
53.31,4,0.238,0.951,249,0,0,0.063,0
35.17,3,0.131,0.766,314,0,0,0.441,0
21.84,3,0.109,0.982,559,0,0,0.151,0
32.65,2,0.172,0.827,129,0,0,0.212,0
17.35,3,0.578,0.79,378,0,0,0.321,0
69.23,2,0.509,0.831,1333,0,0,0.031,0
28.59,5,0.136,0.871,434,0,0,0.278,0
86.24,3,0.046,0.909,37,0,0,0.055,0
12.04,3,0.601,0.526,142,0,0,0.093,0
95.96,3,0.275,0.876,297,1,0,0.183,0
166.81,4,0.439,0.66,35,0,0,0.131,0
7.44,2,0.542,0.801,456,0,0,0.039,0
100.63,5,0.237,0.809,429,0,3,0.148,0
257.35,2,0.113,0.768,841,0,0,0.495,0
17.63,1,0.206,0.884,282,0,1,0.344,0
419.82,2,0.059,0.938,476,0,2,0.339,0
105.73,1,0.37,0.615,85,0,1,0.452,0
30.71,2,0.463,0.8,6,1,0,0.617,0
62.72,4,0.015,0.888,80,0,0,0.361,0
123.24,3,0.272,0.862,30,0,0,0.65,0
72.5,1,0.162,0.886,228,1,0,0.42,0
120.62,5,0.23,0.932,257,0,0,0.201,0
24.22,3,0.208,0.652,418,1,0,0.548,0
80.34,3,0.2,0.564,65,1,1,0.283,0
14.08,5,0.351,0.979,101,0,0,0.201,0
59.01,4,0.218,0.872,645,0,4,0.141,0
24.67,2,0.179,0.77,348,0,0,0.693,0
29.69,4,0.134,0.844,16,0,0,0.467,0
259.75,4,0.623,0.659,759,0,0,0.407,0
221.5,2,0.117,0.763,402,1,0,0.247,0
130.33,1,0.022,0.752,87,0,0,0.265,0
20.05,3,0.122,0.911,121,0,4,0.409,0
47.08,5,0.288,0.791,327,0,0,0.525,0
253.26,1,0.052,0.515,334,0,0,0.318,0
77.94,3,0.258,0.504,659,0,0,0.39,0
855.14,5,0.361,0.778,182,0,1,0.19,0
102.79,4,0.103,0.608,323,0,0,0.176,0
82.37,3,0.132,0.944,354,1,1,0.267,0
47.46,6,0.137,0.781,332,0,0,0.301,0
77.24,2,0.046,0.635,35,1,0,0.603,0
56.39,2,0.42,0.902,216,0,0,0.196,0
145.32,2,0.106,0.928,170,0,0,0.273,0
191.02,2,0.121,0.924,1977,0,0,0.716,0
28.09,2,0.213,0.861,255,0,0,0.136,0
15.42,1,0.532,0.985,233,0,0,0.452,0
8.85,3,0.357,0.71,269,0,0,0.082,0
116.6,3,0.119,0.982,1011,0,0,0.464,0
19.81,2,0.239,0.915,383,0,0,0.369,0
6.25,4,0.162,0.64,202,0,0,0.281,0
102.25,3,0.292,0.895,979,1,0,0.542,0
1035.15,4,0.148,0.939,1067,0,0,0.119,0
66.24,4,0.085,0.833,127,0,0,0.342,1
167.73,1,0.089,0.856,204,0,0,0.557,0
72.97,2,0.151,0.887,1362,0,0,0.132,0
59.81,5,0.289,0.677,316,0,1,0.441,0
183.27,2,0.083,0.837,231,0,0,0.43,0
48.46,3,0.033,0.995,91,1,0,0.539,0
89.49,4,0.089,0.891,199,0,1,0.25,0
95.0,2,0.059,0.937,404,0,0,0.515,0
31.98,2,0.09,0.848,20,1,0,0.214,0
198.59,5,0.099,0.59,39,0,0,0.188,0
55.01,6,0.23,0.766,7,0,0,0.409,0
29.04,2,0.085,0.82,103,0,0,0.25,0
120.32,2,0.182,0.554,85,0,0,0.299,0
24.82,6,0.298,0.845,766,0,2,0.697,0
68.79,1,0.009,0.985,86,0,0,0.502,0
66.02,3,0.125,0.825,437,0,0,0.008,0
220.19,2,0.519,0.998,55,0,2,0.28,0
112.41,3,0.106,0.924,365,0,0,0.436,0
64.88,3,0.188,0.861,233,0,0,0.063,0
163.95,2,0.012,0.83,215,0,0,0.393,0
307.73,4,0.74,0.62,781,0,1,0.427,1
123.17,3,0.189,0.665,78,0,0,0.238,0
67.45,3,0.218,0.856,366,1,1,0.261,1
15.75,2,0.091,0.822,695,0,1,0.34,1
20.66,2,0.131,0.915,505,0,0,0.25,0
47.67,1,0.313,0.955,1643,0,0,0.473,0
34.11,3,0.094,0.912,5,0,0,0.507,0
54.29,2,0.219,0.94,867,0,0,0.304,0
70.97,5,0.262,0.913,385,0,0,0.444,0
119.42,4,0.154,0.915,5,0,1,0.104,0
61.71,3,0.191,0.644,255,0,3,0.144,0
113.88,1,0.24,0.536,588,1,0,0.287,0
71.59,3,0.065,0.806,85,0,0,0.101,0
7.59,3,0.148,0.964,458,0,0,0.152,0
23.73,5,0.266,0.535,65,0,0,0.568,0
56.91,2,0.402,0.905,655,0,0,0.067,0
17.63,2,0.356,0.74,341,1,0,0.166,0
129.01,3,0.009,0.959,18,0,0,0.226,0
359.18,7,0.253,0.895,43,0,0,0.311,0
254.84,2,0.46,0.772,802,0,0,0.403,0
52.73,1,0.195,0.971,18,0,0,0.265,0
343.71,2,0.256,0.955,146,0,0,0.122,0
78.53,2,0.138,0.953,339,0,0,0.212,0
46.03,1,0.239,0.969,101,0,0,0.168,0
33.96,2,0.302,0.687,106,0,0,0.384,0
47.81,2,0.377,0.905,603,0,0,0.236,0
43.51,5,0.267,0.538,142,1,0,0.303,0
80.44,6,0.183,0.589,20,0,0,0.445,1
79.57,2,0.322,0.376,515,0,0,0.291,0
66.91,1,0.082,0.955,1239,0,0,0.262,0
107.84,2,0.252,0.904,718,0,0,0.248,0
247.08,2,0.149,0.795,323,1,1,0.163,1
189.52,3,0.386,0.4,226,1,0,0.572,0
13.02,1,0.061,0.549,1041,0,0,0.432,0
5.0,6,0.123,0.8,586,0,1,0.526,0
186.37,3,0.556,0.738,343,0,2,0.052,0
14.83,3,0.21,0.955,852,0,0,0.279,0
52.08,2,0.469,0.865,373,1,0,0.474,0
18.41,2,0.18,0.564,1457,0,0,0.23,0
9.19,1,0.502,0.873,786,1,0,0.504,0
120.98,5,0.389,0.837,324,0,0,0.573,0
153.71,4,0.349,0.892,1029,0,0,0.341,1
35.37,3,0.304,0.88,172,0,0,0.373,0
5.0,2,0.268,0.83,487,0,2,0.177,0
36.57,5,0.191,0.626,80,0,1,0.177,0
102.62,1,0.254,0.875,907,0,0,0.095,0
13.11,4,0.49,0.709,119,0,0,0.103,0
81.59,2,0.362,0.838,1195,0,0,0.314,0
65.57,1,0.238,0.635,11,0,0,0.232,0
126.12,4,0.36,0.565,463,0,2,0.383,0
76.06,3,0.192,0.371,70,0,0,0.54,0
22.87,2,0.126,0.874,594,0,0,0.498,0
248.7,4,0.091,0.805,275,0,1,0.344,0
56.01,2,0.355,0.829,966,0,0,0.139,0
64.71,2,0.266,0.646,507,0,1,0.296,0
23.89,2,0.223,0.785,589,0,1,0.201,0
40.95,1,0.045,0.821,56,0,0,0.144,0
25.2,3,0.188,0.671,45,0,0,0.594,0
55.13,2,0.249,0.988,765,1,0,0.489,0
438.29,2,0.105,0.857,107,0,0,0.426,0
14.75,2,0.308,0.686,811,0,0,0.053,0
11.3,3,0.037,0.678,66,0,3,0.388,0
336.4,1,0.035,0.963,152,0,0,0.448,0
52.97,5,0.236,0.874,1061,0,0,0.557,0
31.95,3,0.041,0.902,737,0,0,0.357,1
209.33,2,0.117,0.889,27,0,2,0.14,0
34.25,1,0.089,0.606,242,0,0,0.276,0
497.01,1,0.245,0.636,967,0,0,0.277,0
140.57,4,0.018,0.813,10,0,1,0.453,0
38.99,4,0.144,0.694,50,0,2,0.548,0
715.54,5,0.405,0.935,419,0,0,0.573,0
34.25,3,0.487,0.828,49,1,0,0.24,0
150.85,1,0.066,0.969,243,0,0,0.345,0
92.69,3,0.047,0.834,288,0,0,0.358,0
279.2,4,0.229,0.964,792,0,0,0.463,0
371.54,3,0.126,0.64,1267,0,0,0.428,0
69.08,2,0.012,0.891,292,0,1,0.061,0
29.11,2,0.149,0.971,290,0,0,0.303,0
110.61,3,0.372,0.927,524,0,0,0.429,0
31.64,1,0.039,0.58,90,0,0,0.057,0
610.77,2,0.189,0.895,1136,0,0,0.074,0
77.49,2,0.342,0.962,5,0,0,0.308,0
44.62,4,0.263,0.877,5,0,0,0.227,0
81.71,3,0.33,0.938,398,0,4,0.32,0
15.15,3,0.385,0.765,172,1,0,0.414,0
22.9,3,0.108,0.863,208,0,0,0.16,0
249.75,1,0.355,0.539,105,0,1,0.087,0
32.38,3,0.212,0.799,214,1,3,0.586,0
21.08,4,0.054,0.717,709,0,2,0.391,0
120.34,2,0.34,0.927,485,0,1,0.455,0
245.74,2,0.479,0.885,44,0,3,0.243,0
147.06,2,0.129,0.984,28,1,1,0.423,0
199.47,2,0.231,0.75,287,0,0,0.532,0
29.01,2,0.465,0.92,528,0,1,0.393,0
13.96,2,0.314,0.707,441,1,0,0.449,0
347.74,4,0.213,0.7,803,0,0,0.33,0
46.76,5,0.092,0.636,62,1,0,0.372,0
50.61,2,0.352,0.943,377,0,0,0.29,0
287.44,4,0.073,0.855,585,0,0,0.299,0
122.96,1,0.045,0.843,1116,0,1,0.677,0
110.11,4,0.324,0.745,47,0,0,0.358,0
721.62,2,0.143,0.954,114,1,0,0.219,0
32.86,3,0.072,0.985,180,0,0,0.061,0
185.05,4,0.171,0.956,316,0,0,0.292,0
71.0,3,0.015,0.941,215,0,1,0.205,0
89.61,2,0.16,0.799,794,0,0,0.066,0
358.28,2,0.147,0.773,1207,0,0,0.798,0
116.58,2,0.257,0.948,34,0,0,0.261,0
120.56,3,0.43,0.71,486,0,0,0.111,0
216.97,3,0.169,0.841,53,1,0,0.039,0
44.64,3,0.24,0.982,917,0,0,0.198,0
26.49,4,0.28,0.837,66,0,0,0.477,0
21.13,6,0.16,0.843,1912,0,3,0.103,0
7.67,3,0.088,0.85,228,0,3,0.357,1
640.23,3,0.163,0.815,197,0,0,0.687,0
19.82,2,0.124,0.553,358,0,1,0.272,0
52.28,5,0.066,0.661,205,0,0,0.212,0
49.18,3,0.153,0.696,111,0,0,0.307,0
93.52,3,0.419,0.948,401,0,0,0.252,0
163.58,1,0.269,0.576,526,0,1,0.496,1
171.83,2,0.189,0.701,1167,0,0,0.067,0
35.11,2,0.19,0.833,215,0,0,0.159,0
55.49,2,0.194,0.755,494,0,0,0.125,0
91.0,3,0.059,0.637,722,0,0,0.244,0
50.73,4,0.116,0.814,717,1,1,0.592,0
390.75,4,0.44,0.875,18,0,1,0.272,0
114.44,5,0.222,0.774,180,0,0,0.439,0
149.66,4,0.392,0.893,10,0,0,0.164,0
138.26,2,0.548,0.839,332,0,1,0.273,0
242.46,4,0.112,0.907,806,0,0,0.368,0
81.38,2,0.336,0.745,679,0,1,0.361,0
16.01,2,0.093,0.798,671,0,0,0.302,0
103.51,2,0.166,0.721,178,0,0,0.476,0
32.57,2,0.39,0.908,23,0,0,0.105,0
37.28,2,0.48,0.877,80,0,0,0.501,0
127.1,5,0.225,0.569,449,0,2,0.151,0
260.37,2,0.229,0.657,62,0,0,0.215,0
68.27,3,0.051,0.87,58,1,0,0.688,1
93.66,3,0.601,0.785,179,1,0,0.227,0
433.74,2,0.387,0.649,44,0,0,0.181,0
86.91,4,0.05,0.906,165,1,0,0.042,0
1166.6,4,0.227,0.606,1403,0,0,0.019,0
124.22,2,0.116,0.768,13,0,0,0.225,0
9.61,3,0.404,0.828,715,0,0,0.137,0
152.73,3,0.24,0.979,2026,0,0,0.083,0
101.42,6,0.413,0.842,234,0,0,0.371,0
275.54,3,0.171,0.923,1151,0,0,0.579,0
139.84,3,0.223,0.808,126,0,0,0.244,0
57.27,5,0.269,0.847,1618,0,0,0.86,0
17.34,2,0.259,0.806,795,0,0,0.198,0
52.99,5,0.478,0.956,869,0,0,0.374,0
26.17,3,0.26,0.967,60,0,2,0.65,0
35.21,1,0.148,0.738,821,0,1,0.304,0
127.41,7,0.227,0.948,1142,0,0,0.199,1
418.59,1,0.2,0.856,688,0,0,0.335,0
102.94,4,0.005,0.835,43,0,1,0.441,0
17.9,2,0.297,0.907,40,0,0,0.259,0
108.75,2,0.011,0.736,182,0,1,0.182,0
248.71,3,0.239,0.625,493,0,0,0.173,0
34.1,2,0.392,0.924,10,0,0,0.542,0
57.55,2,0.562,0.794,1208,0,1,0.373,0
67.77,3,0.179,0.782,303,0,0,0.625,0
28.12,4,0.279,0.89,182,1,0,0.251,0
136.06,1,0.417,0.762,334,0,0,0.335,0
58.38,3,0.276,0.723,508,0,0,0.536,0
105.79,3,0.262,0.836,132,0,0,0.094,0
25.12,5,0.052,0.892,142,0,0,0.434,0
41.21,2,0.067,0.847,257,0,0,0.19,0
147.62,1,0.12,0.904,448,0,0,0.229,0
44.25,4,0.255,0.922,495,1,1,0.15,0
445.71,2,0.269,0.97,161,0,0,0.432,0
42.97,2,0.25,0.695,160,1,1,0.411,0
85.38,5,0.005,0.903,272,1,2,0.645,0
186.02,4,0.232,0.795,317,0,0,0.445,0
14.01,8,0.153,0.885,424,0,0,0.703,0
9.61,2,0.195,0.818,389,1,0,0.516,0
12.45,3,0.087,0.947,191,0,0,0.218,0
267.43,3,0.228,0.921,145,0,0,0.113,0
36.34,2,0.114,0.967,152,0,0,0.091,0
1112.12,3,0.113,0.879,419,0,0,0.219,0
35.85,4,0.065,0.661,232,0,0,0.425,0
81.7,3,0.089,0.885,62,0,0,0.171,0
363.7,1,0.099,0.884,7,1,0,0.501,0
605.89,3,0.335,0.8,17,0,0,0.427,0
643.97,3,0.279,0.986,813,0,0,0.427,0
251.94,1,0.233,0.824,249,0,1,0.27,0
205.71,2,0.18,0.864,433,0,1,0.434,0
127.97,4,0.502,0.779,1063,0,0,0.25,0
156.99,1,0.259,0.887,58,0,2,0.084,0
36.37,2,0.087,0.988,242,0,0,0.034,0
27.11,2,0.191,0.532,314,0,1,0.3,0
66.44,3,0.179,0.789,741,0,0,0.107,0
55.3,1,0.096,0.868,2033,0,0,0.571,0
40.51,1,0.4,0.817,502,0,0,0.377,0
143.46,1,0.376,0.84,415,0,0,0.152,0
190.73,4,0.051,0.955,1016,0,0,0.182,0
73.5,4,0.196,0.928,731,0,0,0.558,0
338.76,1,0.542,0.895,806,0,1,0.323,0
18.99,3,0.423,0.761,6,0,2,0.809,0
53.89,4,0.595,0.653,293,0,1,0.674,0
30.31,6,0.405,0.841,615,0,2,0.182,0
8.56,4,0.126,0.835,85,0,3,0.646,0
60.89,2,0.143,0.816,561,0,0,0.429,0
58.33,4,0.249,0.754,8,0,0,0.346,0
352.41,3,0.272,0.892,347,0,0,0.16,0
133.47,1,0.155,0.868,767,0,0,0.325,0
21.62,3,0.15,0.546,230,0,0,0.446,0
512.6,5,0.482,0.94,542,0,0,0.129,0
255.48,4,0.163,0.665,307,1,0,0.489,0
126.51,3,0.575,0.957,421,0,0,0.213,0
51.98,4,0.425,0.768,295,0,0,0.049,0
23.21,4,0.503,0.819,263,0,0,0.314,0
44.28,2,0.247,0.906,742,0,0,0.717,0
220.88,2,0.125,0.985,43,0,0,0.086,0
530.09,5,0.15,0.844,356,0,0,0.326,0
364.15,3,0.18,0.561,53,0,0,0.224,0
38.95,6,0.353,0.665,335,0,0,0.045,0
19.46,4,0.149,0.928,1330,0,2,0.511,0
77.86,3,0.184,0.602,28,0,1,0.396,0
9.53,1,0.27,0.824,224,0,2,0.266,0
95.15,3,0.575,0.453,652,0,2,0.19,0
56.69,4,0.256,0.97,189,0,0,0.647,0
39.94,5,0.127,0.93,298,0,1,0.476,0
11.54,2,0.13,0.934,53,0,0,0.212,0
117.33,2,0.188,0.939,105,0,0,0.483,0
37.12,3,0.472,0.905,468,0,0,0.265,0
18.41,6,0.138,0.874,710,0,0,0.331,0
5.0,1,0.27,0.711,420,0,0,0.476,0
64.7,2,0.463,0.611,730,0,0,0.086,0
468.47,4,0.303,0.972,377,0,0,0.345,0
414.63,2,0.375,0.866,669,0,0,0.365,0
40.33,3,0.09,0.884,1632,0,1,0.475,0
34.38,5,0.034,0.838,39,0,0,0.292,0
111.68,4,0.06,0.871,266,0,1,0.108,0
22.24,2,0.073,0.802,89,0,0,0.399,0
92.94,5,0.034,0.984,255,0,1,0.653,0
154.89,5,0.269,0.843,281,0,0,0.235,0
257.14,1,0.118,0.68,394,0,0,0.197,0
59.73,9,0.093,0.652,236,0,0,0.201,0
53.3,4,0.135,0.524,162,0,1,0.514,0
25.39,3,0.271,0.541,22,0,0,0.164,0
26.85,4,0.292,0.998,19,0,0,0.093,0
51.98,1,0.443,0.924,81,0,0,0.605,0
99.89,3,0.412,0.626,243,1,1,0.187,0
182.17,3,0.144,0.749,221,0,0,0.205,0
27.56,2,0.545,0.785,89,0,0,0.411,0
344.45,4,0.502,0.881,696,0,0,0.313,0
49.49,2,0.094,0.889,465,0,0,0.138,0
65.14,4,0.294,0.537,173,0,0,0.547,0
29.31,2,0.182,0.809,642,0,0,0.267,0
5.0,1,0.095,0.993,1817,0,0,0.351,0
176.35,3,0.055,0.89,117,0,0,0.572,0
149.98,1,0.26,0.801,185,1,2,0.238,0
48.94,3,0.046,0.776,1983,0,0,0.406,0
71.79,5,0.112,0.836,64,0,0,0.541,0
117.63,2,0.15,0.693,37,0,1,0.57,0
11.96,2,0.508,0.834,299,0,0,0.201,0
37.26,1,0.501,0.967,257,0,4,0.345,0
159.76,4,0.129,0.687,37,0,0,0.431,0
16.78,1,0.588,0.834,142,0,0,0.159,0
92.1,2,0.357,0.461,222,0,0,0.235,0
15.0,4,0.494,0.466,695,0,0,0.247,0
111.39,2,0.21,0.588,497,0,0,0.153,0
64.12,1,0.119,0.754,988,0,1,0.454,0
11.28,2,0.153,0.817,166,0,0,0.305,0
240.14,2,0.022,0.908,153,0,0,0.065,0
29.72,4,0.182,0.936,253,0,0,0.343,0
27.35,2,0.12,0.87,8,0,1,0.444,0
83.15,4,0.218,0.89,97,0,0,0.524,1
235.92,3,0.039,0.873,100,0,0,0.343,0
21.81,3,0.321,0.889,30,0,0,0.37,0
71.37,2,0.11,0.607,247,0,0,0.414,0
106.88,3,0.167,0.752,948,0,0,0.648,1
142.94,5,0.162,0.816,6,1,0,0.224,0
80.97,1,0.371,0.742,400,0,1,0.286,0
44.53,3,0.147,0.96,850,0,0,0.537,0
26.83,2,0.067,0.792,50,0,0,0.476,0
73.31,2,0.309,0.948,1001,0,1,0.055,0
20.5,4,0.41,0.931,687,0,3,0.199,1
5.0,3,0.083,0.787,101,0,0,0.078,0
107.79,4,0.329,0.833,948,0,0,0.703,0
180.25,3,0.005,0.936,656,0,0,0.653,0
5.0,3,0.34,0.861,52,0,0,0.231,0
21.96,2,0.16,0.793,715,1,0,0.358,0
131.77,4,0.078,0.98,317,0,0,0.447,0
641.14,6,0.563,0.941,682,0,0,0.299,0
68.23,2,0.391,0.984,389,0,0,0.141,0
29.94,4,0.281,0.943,203,0,0,0.621,0
54.53,2,0.128,0.877,372,0,0,0.045,0
302.59,2,0.161,0.885,409,0,0,0.217,0
32.77,2,0.443,0.316,586,0,0,0.44,0
27.68,2,0.408,0.862,715,0,0,0.877,0
39.21,3,0.305,0.951,440,0,0,0.175,0
23.37,3,0.322,0.452,1833,0,0,0.25,0
76.32,2,0.089,0.959,608,0,1,0.323,0
398.28,5,0.112,0.803,971,0,1,0.509,0
95.14,6,0.228,0.634,158,0,1,0.368,0
50.52,3,0.097,0.94,157,0,0,0.487,0
48.38,2,0.258,0.906,184,0,2,0.218,0
11.95,3,0.06,0.974,236,0,0,0.482,1
176.16,4,0.235,0.752,1306,1,0,0.208,0
61.21,1,0.314,0.904,35,0,0,0.595,0
54.68,2,0.546,0.744,281,0,0,0.247,0
2235.94,5,0.129,0.825,75,0,0,0.294,0
92.63,5,0.354,0.915,671,0,2,0.326,0
29.17,1,0.548,0.957,17,0,1,0.634,0
41.72,5,0.209,0.715,247,0,0,0.322,0
235.87,3,0.232,0.907,205,0,0,0.232,0
75.54,3,0.431,0.574,43,0,0,0.084,0
13.71,2,0.391,0.844,194,0,3,0.145,0
183.31,4,0.17,0.607,667,0,0,0.452,0
31.98,1,0.262,0.875,64,0,0,0.517,0
523.55,2,0.089,0.675,1646,0,2,0.29,0
218.78,2,0.324,0.735,29,0,0,0.259,0
40.77,3,0.055,0.751,141,0,2,0.306,0
272.9,1,0.057,0.86,601,0,0,0.226,0
71.85,3,0.272,0.662,181,1,0,0.671,1
170.38,3,0.127,0.771,266,0,0,0.553,0
113.66,2,0.162,0.836,87,0,0,0.065,0
26.29,3,0.182,0.81,507,0,0,0.283,0
32.85,3,0.251,0.769,84,0,2,0.468,0
207.05,2,0.319,0.976,760,0,0,0.433,0
46.14,3,0.356,0.689,315,0,0,0.752,0
42.78,2,0.218,0.885,322,0,0,0.227,0
23.32,4,0.37,0.76,1089,0,0,0.386,1
106.27,1,0.204,0.756,598,0,0,0.139,0
644.7,2,0.202,0.769,548,0,1,0.207,0
20.61,2,0.375,0.718,785,0,0,0.186,0
68.49,5,0.258,0.55,43,0,0,0.565,0
315.27,4,0.162,0.832,522,0,0,0.093,0
61.09,1,0.391,0.995,111,0,2,0.381,0
109.68,2,0.164,0.853,136,0,0,0.33,0
20.73,3,0.051,0.917,11,1,0,0.339,0
106.82,1,0.057,0.82,901,0,0,0.63,0
54.28,3,0.508,0.848,542,0,0,0.785,0
197.22,3,0.259,0.908,64,0,4,0.126,0
246.2,1,0.137,0.917,163,0,1,0.294,0
1151.15,2,0.205,0.882,266,0,0,0.199,0
126.17,5,0.425,0.503,277,0,0,0.311,0
95.43,2,0.169,0.771,367,0,0,0.386,1
82.58,3,0.411,0.419,260,0,0,0.457,0
45.22,3,0.269,0.96,423,1,0,0.247,0
96.77,1,0.35,0.805,866,0,0,0.431,0
48.19,3,0.067,0.723,208,0,0,0.497,0
80.26,2,0.295,0.923,842,0,1,0.449,0
284.11,2,0.068,0.774,104,0,0,0.111,0
22.04,4,0.511,0.588,56,0,0,0.377,0
233.66,3,0.284,0.916,114,0,1,0.183,0
283.96,5,0.122,0.821,97,0,0,0.303,0
58.56,3,0.047,0.859,1686,0,0,0.623,0
6.46,3,0.325,0.57,196,0,1,0.308,0
34.17,2,0.051,0.873,426,0,0,0.66,0
277.74,3,0.176,0.866,481,0,1,0.153,0
65.03,3,0.251,0.78,240,0,0,0.585,0
22.21,5,0.287,0.816,106,0,0,0.248,0
38.27,4,0.372,0.332,235,0,0,0.434,0
168.12,3,0.277,0.995,261,0,0,0.351,0
121.68,2,0.431,0.891,1236,0,1,0.385,0
51.27,1,0.355,0.871,341,0,0,0.083,0
44.54,6,0.184,0.806,1405,0,0,0.269,0
43.34,5,0.404,0.803,348,0,0,0.064,1
24.18,3,0.083,0.5,67,0,3,0.348,0
394.22,3,0.129,0.437,199,0,0,0.17,0
46.78,5,0.158,0.827,633,0,0,0.158,1
254.39,4,0.413,0.858,224,0,1,0.307,0
355.47,7,0.038,0.671,47,0,0,0.115,0
199.96,1,0.258,0.695,45,1,0,0.128,0
41.48,4,0.009,0.888,113,0,1,0.355,0
103.97,1,0.149,0.714,337,1,2,0.461,0
64.93,3,0.029,0.971,714,0,0,0.185,0
24.68,2,0.409,0.696,310,0,0,0.335,0
95.28,5,0.209,0.658,553,1,0,0.212,0
18.23,4,0.395,0.766,419,0,0,0.329,1
246.27,5,0.304,0.89,302,0,0,0.171,0
40.0,1,0.079,0.896,101,0,0,0.572,0
83.2,2,0.098,0.768,863,0,0,0.014,0
91.07,2,0.274,0.86,134,0,0,0.582,0
50.16,1,0.197,0.811,121,0,0,0.393,0
127.15,5,0.134,0.618,124,0,0,0.132,0
39.55,2,0.544,0.946,45,0,0,0.04,0
173.89,3,0.174,0.964,281,0,0,0.514,0
15.17,3,0.023,0.646,163,0,0,0.411,0
76.63,1,0.448,0.785,300,0,1,0.352,0
562.74,1,0.334,0.834,246,0,0,0.202,0
22.19,3,0.306,0.905,298,0,0,0.638,0
31.64,3,0.221,0.803,146,0,0,0.123,0
117.37,1,0.066,0.615,680,0,0,0.577,0
81.25,2,0.589,0.709,310,1,0,0.554,0
98.07,2,0.072,0.839,98,0,0,0.287,0
114.22,1,0.101,0.86,933,0,0,0.086,0
134.05,4,0.156,0.984,51,0,0,0.215,0
226.03,4,0.088,0.699,533,0,0,0.47,0
104.67,3,0.546,0.878,458,0,0,0.428,0
51.14,3,0.233,0.94,35,0,1,0.56,0
139.75,2,0.03,0.827,932,0,0,0.551,0
539.08,4,0.063,0.894,157,0,0,0.33,0
57.63,5,0.069,0.834,545,0,0,0.413,0
22.83,2,0.05,0.611,134,0,3,0.403,0
225.38,3,0.06,0.449,303,0,0,0.186,0
58.42,3,0.134,0.753,1440,0,2,0.347,0
6.11,1,0.626,0.701,382,0,0,0.217,0
169.38,5,0.142,0.687,145,0,0,0.288,0
37.01,4,0.023,0.944,250,0,3,0.658,0
60.37,3,0.601,0.861,455,0,0,0.561,0
96.08,4,0.186,0.884,240,0,0,0.456,1
82.23,4,0.378,0.848,971,1,0,0.328,0
145.53,3,0.215,0.801,813,0,1,0.51,0
41.3,5,0.297,0.905,68,0,0,0.103,0
117.26,3,0.059,0.847,619,0,0,0.113,0
50.12,1,0.257,0.983,1146,0,0,0.371,0
150.31,3,0.213,0.976,157,0,0,0.39,0
131.22,3,0.2,0.792,113,0,0,0.037,0
23.83,3,0.263,0.75,8,0,0,0.139,0
220.21,4,0.541,0.854,54,0,1,0.659,1
36.98,3,0.685,0.923,1301,0,2,0.211,1
162.21,4,0.097,0.54,203,0,0,0.273,0
99.88,2,0.146,0.763,200,0,0,0.058,0
503.71,2,0.164,0.766,129,0,0,0.131,0
52.15,1,0.123,0.652,76,0,0,0.739,0
45.41,7,0.205,0.886,289,0,1,0.359,0
65.28,3,0.788,0.976,518,0,0,0.102,0
47.77,7,0.239,0.906,325,0,0,0.119,0
160.76,3,0.17,0.831,19,0,0,0.322,0
11.27,2,0.254,0.816,655,0,0,0.142,0
20.93,2,0.424,0.974,1077,0,1,0.491,0
20.6,1,0.145,0.862,237,0,2,0.615,0
189.68,3,0.144,0.788,187,1,0,0.565,0
437.76,3,0.256,0.957,109,0,1,0.453,0
59.45,4,0.242,0.929,148,0,0,0.156,0
55.38,3,0.235,0.611,418,1,0,0.054,0
72.03,1,0.046,0.848,593,0,0,0.336,0
239.38,2,0.188,0.777,166,0,0,0.299,0
24.04,3,0.08,0.677,171,0,0,0.485,0
86.68,3,0.062,0.874,244,0,0,0.392,0
194.94,3,0.078,0.861,79,1,1,0.728,0
115.72,1,0.163,0.809,1053,1,0,0.432,0
82.15,4,0.051,0.416,493,0,0,0.28,0
200.57,4,0.249,0.914,232,0,0,0.077,0
5.0,4,0.199,0.786,57,0,4,0.162,0
140.56,2,0.45,0.856,760,0,0,0.242,0
32.48,4,0.043,0.733,269,0,0,0.114,0
8.9,2,0.203,0.822,642,0,3,0.13,0
117.02,2,0.201,0.86,18,0,0,0.476,0
302.18,2,0.042,0.836,132,0,0,0.146,0
57.33,3,0.087,0.574,394,0,0,0.333,0
190.22,4,0.332,0.838,272,0,0,0.419,0
392.88,5,0.354,0.942,144,1,0,0.337,0
283.27,3,0.041,0.849,94,1,0,0.186,0
405.03,2,0.041,0.896,148,0,0,0.126,0
150.86,5,0.08,0.446,547,1,1,0.27,1
72.46,3,0.311,0.27,86,0,0,0.276,0
11.45,1,0.082,0.932,365,0,0,0.671,0
50.87,1,0.207,0.976,225,0,0,0.317,0
26.38,2,0.566,0.879,580,0,0,0.317,0
726.35,1,0.314,0.841,95,0,0,0.303,0
54.96,2,0.152,0.956,130,0,4,0.56,0
76.37,4,0.53,0.896,208,0,0,0.076,0
122.32,3,0.155,0.953,77,0,0,0.308,0
69.96,4,0.036,0.868,252,0,0,0.292,0
430.33,4,0.567,0.867,220,0,0,0.451,0
33.62,3,0.189,0.857,1850,0,0,0.206,0
82.6,1,0.105,0.843,365,0,0,0.656,0
29.47,2,0.415,0.722,33,0,0,0.596,0
15.61,2,0.169,0.949,251,1,1,0.091,0
34.02,2,0.019,0.755,848,0,0,0.09,0
64.02,2,0.169,0.828,811,0,0,0.053,0
41.59,1,0.036,0.718,1311,0,1,0.2,0
31.14,1,0.502,0.842,903,0,0,0.348,0
14.2,2,0.38,0.717,82,0,0,0.498,0
60.86,2,0.164,0.935,6,1,0,0.15,0
12.74,1,0.222,0.636,388,0,1,0.583,0
153.86,6,0.202,0.901,489,0,0,0.174,0
73.02,2,0.32,0.839,61,0,1,0.303,0
13.42,4,0.193,0.976,78,0,0,0.728,0
47.46,1,0.122,0.748,1324,0,1,0.244,0
29.16,3,0.514,0.701,1156,0,3,0.667,0
94.74,1,0.365,0.944,73,0,1,0.345,0
291.34,2,0.261,0.929,118,0,0,0.608,0
8.48,2,0.169,0.904,895,0,0,0.084,0
75.68,3,0.08,0.912,233,0,1,0.575,0
55.92,3,0.038,0.799,644,0,0,0.244,0
139.56,3,0.286,0.817,206,0,0,0.529,0
84.31,2,0.063,0.881,538,0,0,0.101,0
29.16,5,0.058,0.786,207,0,1,0.396,0
46.95,2,0.11,0.927,922,0,1,0.383,0
27.78,2,0.435,0.942,162,0,1,0.056,0
217.81,2,0.23,0.972,301,0,0,0.249,0
68.27,2,0.242,0.732,300,0,1,0.127,0
539.86,1,0.527,0.621,423,0,0,0.391,0
62.38,5,0.069,0.917,151,0,1,0.536,0
30.59,3,0.216,0.885,416,0,2,0.378,0
12.62,4,0.03,0.756,65,0,1,0.432,1
9.18,5,0.425,0.875,901,1,0,0.301,0
11.68,4,0.472,0.679,67,0,2,0.296,0
89.46,2,0.148,0.637,738,0,0,0.301,0
116.7,4,0.135,0.82,477,0,0,0.149,0
11.71,2,0.479,0.778,171,1,3,0.308,0
178.49,1,0.177,0.794,163,1,0,0.655,0
39.2,4,0.187,0.884,1358,0,0,0.191,0
78.37,2,0.139,0.946,91,0,0,0.565,1
392.86,3,0.062,0.983,518,0,0,0.369,0
178.85,4,0.136,0.853,86,1,1,0.372,0
49.63,1,0.378,0.502,948,0,0,0.349,0
25.02,4,0.074,0.98,546,0,0,0.353,0
6.25,2,0.128,0.673,1084,0,1,0.234,1
30.23,3,0.2,0.917,850,1,3,0.411,0
52.87,1,0.098,0.91,323,1,0,0.262,0
22.51,2,0.058,0.837,71,0,0,0.209,0
57.72,1,0.081,0.619,105,0,0,0.236,0
72.57,2,0.418,0.947,95,0,0,0.395,0
52.07,4,0.163,0.893,104,1,0,0.389,0
32.62,4,0.261,0.88,263,0,0,0.535,0
80.28,3,0.267,0.521,814,0,0,0.334,0
108.43,2,0.235,0.354,14,0,0,0.214,0
20.1,2,0.419,0.877,113,0,0,0.362,0
314.83,5,0.09,0.869,368,0,3,0.153,0
59.83,5,0.142,0.912,806,0,0,0.573,0
68.08,2,0.392,0.891,146,0,0,0.188,0
145.33,4,0.09,0.783,197,0,0,0.243,0
86.19,2,0.246,0.985,191,0,0,0.323,0
190.27,2,0.291,0.963,144,0,0,0.341,0
91.45,2,0.228,0.669,484,0,0,0.485,0
34.0,3,0.36,0.812,431,0,0,0.362,1
99.25,2,0.441,0.937,746,0,1,0.255,0
18.95,4,0.311,0.839,1003,0,0,0.212,0
75.14,3,0.07,0.584,927,0,0,0.526,0
64.29,1,0.139,0.74,315,0,1,0.336,0
53.04,1,0.125,0.972,87,0,0,0.439,0
57.89,2,0.325,0.94,105,0,0,0.482,0
8.41,2,0.13,0.736,361,0,0,0.202,0
36.47,3,0.014,0.909,1007,0,1,0.133,0
73.86,2,0.488,0.914,307,0,0,0.589,0
79.51,3,0.052,0.902,1102,0,0,0.049,0
21.53,4,0.146,0.886,126,0,0,0.511,0
268.35,2,0.305,0.732,41,0,0,0.515,0
25.72,2,0.178,0.519,641,0,1,0.273,0
193.72,3,0.191,0.711,851,0,0,0.344,0
106.69,3,0.752,0.707,242,0,1,0.306,1
32.76,4,0.14,0.94,48,0,0,0.041,0
470.05,2,0.498,0.706,22,0,0,0.315,0
17.94,5,0.153,0.926,30,0,0,0.206,0
183.29,4,0.414,0.718,236,0,0,0.249,0
200.47,2,0.045,0.694,112,0,1,0.522,0
31.89,1,0.092,0.906,252,0,0,0.665,0
308.5,4,0.403,0.633,273,0,0,0.569,0
50.65,3,0.126,0.736,250,0,0,0.442,0
91.61,4,0.664,0.821,391,0,0,0.31,0
88.8,2,0.26,0.712,460,1,0,0.267,0
57.53,3,0.257,0.812,206,0,1,0.22,0
162.7,5,0.155,0.773,169,0,0,0.094,0
159.63,2,0.053,0.614,188,0,0,0.182,0
9.74,4,0.185,0.914,34,0,3,0.235,0
280.0,4,0.016,0.592,160,1,1,0.102,0
10.71,4,0.37,0.857,94,0,0,0.195,0
207.64,5,0.113,0.94,142,0,0,0.559,0
230.3,5,0.259,0.851,506,0,1,0.122,0
20.08,3,0.305,0.927,1792,1,1,0.313,0
42.44,3,0.124,0.586,1033,0,2,0.73,0
19.76,4,0.26,0.565,694,0,0,0.375,0
52.65,1,0.149,0.496,539,0,0,0.472,0
47.52,2,0.152,0.924,1164,0,0,0.113,0
157.22,3,0.244,0.988,562,0,1,0.369,0
281.84,1,0.149,0.603,259,0,4,0.286,0
309.59,3,0.53,0.792,372,0,0,0.63,0
35.93,5,0.058,0.792,150,0,0,0.715,0
52.98,3,0.189,0.947,6,0,0,0.317,0
10.47,4,0.066,0.917,179,1,1,0.318,0
27.48,5,0.664,0.677,212,0,0,0.15,0
192.74,4,0.489,0.972,533,0,1,0.462,0
394.31,1,0.457,0.804,789,0,0,0.347,0
17.15,2,0.008,0.992,1320,0,0,0.618,0
34.75,5,0.252,0.885,178,0,0,0.256,0
64.78,3,0.186,0.842,1267,0,0,0.047,0
90.76,1,0.406,0.761,647,1,0,0.365,0
27.37,3,0.196,0.461,17,0,2,0.372,0
106.32,3,0.166,0.881,366,0,0,0.19,0
39.6,3,0.301,0.781,187,0,1,0.304,0
65.63,2,0.325,0.784,18,1,0,0.212,0
121.62,2,0.199,0.923,308,0,0,0.149,0
67.16,1,0.366,0.584,356,0,0,0.52,0
41.26,1,0.181,0.784,121,0,0,0.171,0
59.11,1,0.265,0.931,1129,0,0,0.205,0
60.51,1,0.613,0.896,382,0,0,0.137,0
44.39,3,0.187,0.621,82,0,0,0.391,0
50.17,6,0.335,0.808,515,0,0,0.456,1
387.03,3,0.325,0.643,281,0,0,0.274,1
123.6,4,0.16,0.651,261,0,1,0.399,0
48.18,3,0.246,0.923,724,0,1,0.438,0
143.55,1,0.138,0.668,64,0,1,0.285,0
46.19,2,0.108,0.872,275,0,0,0.215,0
242.36,1,0.167,0.755,612,0,0,0.262,0
100.14,4,0.063,0.908,436,0,0,0.28,0
59.26,2,0.31,0.6,7,0,0,0.161,0
109.12,5,0.196,0.889,624,0,0,0.396,0
11.85,6,0.612,0.83,1162,0,0,0.38,0
19.31,4,0.119,0.7,492,1,0,0.254,0
17.93,2,0.503,0.985,839,1,0,0.531,0
78.04,3,0.686,0.821,184,0,0,0.492,0
448.44,2,0.279,0.944,177,1,0,0.464,0
776.22,3,0.189,0.808,159,0,0,0.572,0
134.54,1,0.205,0.656,536,0,0,0.068,0
115.69,2,0.327,0.907,1144,0,2,0.413,0
9.2,3,0.238,0.775,871,1,0,0.206,0
36.71,1,0.047,0.794,70,0,2,0.157,1
28.03,3,0.064,0.891,398,0,0,0.605,0
33.69,2,0.561,0.946,2209,0,0,0.324,0
55.43,4,0.029,0.775,145,0,0,0.091,0
39.67,4,0.104,0.971,407,0,2,0.137,0
7.56,1,0.493,0.602,953,0,0,0.144,0
151.82,2,0.206,0.976,924,0,0,0.308,0
20.49,2,0.502,0.966,160,0,0,0.466,0
86.76,5,0.293,0.901,44,0,2,0.614,0
652.94,2,0.129,0.873,420,1,0,0.047,1
24.26,3,0.194,0.712,1179,0,0,0.24,0
5.0,2,0.038,0.916,288,1,0,0.202,0
48.69,3,0.257,0.525,249,0,0,0.449,0
223.87,1,0.273,0.906,802,0,0,0.302,0
574.89,4,0.398,0.845,226,0,0,0.559,0
17.24,2,0.361,0.621,461,0,0,0.434,0
115.17,2,0.283,0.809,201,0,3,0.353,0
39.97,1,0.127,0.912,194,0,0,0.227,0
59.35,2,0.102,0.873,88,0,4,0.202,0
1222.65,2,0.744,0.957,42,0,0,0.3,0
12.77,4,0.151,0.915,870,0,0,0.206,0
88.16,3,0.084,0.511,84,0,0,0.197,0
111.55,2,0.402,0.888,30,0,0,0.18,0
220.16,3,0.044,0.954,354,0,0,0.503,0
74.28,1,0.505,0.918,320,1,0,0.38,0
93.58,1,0.257,0.784,340,0,0,0.376,0
43.34,2,0.253,0.827,257,0,0,0.57,0
89.66,4,0.005,0.84,66,0,0,0.814,0
45.72,3,0.022,0.556,13,0,0,0.552,0
132.12,5,0.237,0.844,24,0,0,0.381,0
44.41,2,0.21,0.835,1151,0,0,0.433,0
100.97,3,0.284,0.902,308,0,0,0.35,0
64.57,1,0.395,0.938,209,0,0,0.268,0
230.13,1,0.56,0.806,216,0,0,0.146,0
63.02,1,0.12,0.959,427,0,3,0.296,0
9.48,1,0.047,0.88,194,0,0,0.114,0
267.23,1,0.146,0.864,641,0,0,0.105,0
24.62,2,0.074,0.962,125,0,0,0.455,0
32.49,3,0.267,0.945,188,0,1,0.13,0
34.63,4,0.14,0.721,1098,1,1,0.693,0
302.44,6,0.337,0.909,125,0,0,0.819,0
6.36,3,0.139,0.945,438,0,2,0.673,0
2103.85,2,0.453,0.988,186,0,0,0.344,0
213.08,3,0.057,0.822,259,0,0,0.414,0
85.25,3,0.384,0.821,23,0,0,0.299,0
62.78,1,0.311,0.887,78,0,0,0.34,0
91.3,2,0.427,0.545,47,0,0,0.141,0
118.3,2,0.108,0.89,749,0,0,0.681,0
135.6,3,0.268,0.911,1309,0,0,0.146,0
122.87,2,0.466,0.664,33,0,0,0.279,0
73.59,1,0.024,0.809,36,0,0,0.211,0
53.67,1,0.124,0.573,326,0,0,0.566,0
56.46,4,0.092,0.892,285,1,0,0.267,0
53.82,2,0.167,0.609,425,0,0,0.168,0
232.1,2,0.29,0.708,538,0,0,0.278,0
128.11,4,0.36,0.741,643,0,0,0.271,0
5.0,4,0.017,0.719,69,0,2,0.407,0
137.21,3,0.224,0.823,20,0,0,0.039,1
82.62,1,0.024,0.889,884,1,0,0.132,0
65.33,5,0.596,0.78,258,1,0,0.533,0
43.49,1,0.588,0.54,1424,0,0,0.38,0
229.64,3,0.158,0.908,309,0,0,0.433,0
189.1,2,0.044,0.876,290,0,0,0.59,0
28.5,5,0.146,0.91,395,0,1,0.245,0
104.35,5,0.039,0.935,79,0,0,0.136,0
22.9,5,0.239,0.868,122,0,1,0.161,1
14.62,3,0.218,0.48,949,0,0,0.459,0
33.47,3,0.352,0.865,100,0,1,0.408,0
172.2,4,0.091,0.944,111,0,2,0.153,0
190.27,1,0.117,0.737,290,0,0,0.566,0
117.26,1,0.118,0.875,414,0,1,0.23,0
148.06,4,0.109,0.969,5,0,0,0.016,0
117.66,4,0.244,0.88,249,0,0,0.757,0
32.93,5,0.327,0.86,208,0,0,0.295,0
107.24,2,0.302,0.877,807,0,3,0.479,0
160.85,1,0.389,0.649,737,0,1,0.32,0
152.89,2,0.283,0.829,950,0,1,0.304,0
246.61,2,0.159,0.931,743,0,0,0.389,0
145.35,3,0.533,0.861,623,0,0,0.554,0
98.16,1,0.302,0.824,788,0,0,0.622,0
216.41,1,0.032,0.787,81,0,1,0.32,0
64.77,3,0.428,0.684,171,0,1,0.246,0
25.28,1,0.043,0.954,465,0,0,0.018,0
55.74,3,0.082,0.896,1031,0,0,0.419,0
29.39,1,0.392,0.949,444,0,0,0.477,0
31.73,5,0.178,0.889,98,1,0,0.314,0
56.88,3,0.079,0.842,1162,0,0,0.569,0
27.89,1,0.116,0.736,576,0,0,0.411,0
47.52,3,0.396,0.73,509,1,0,0.249,0
8.31,7,0.103,0.815,580,0,0,0.156,0
84.32,3,0.128,0.878,435,0,2,0.359,0
66.77,4,0.655,0.96,13,0,0,0.301,0
27.15,1,0.2,0.715,122,0,0,0.074,0
137.71,2,0.088,0.745,1259,0,2,0.429,0
187.04,3,0.583,0.678,141,0,0,0.32,0
11.38,1,0.288,0.848,595,0,0,0.433,0
28.82,2,0.454,0.877,225,0,0,0.251,0
28.62,3,0.188,0.788,957,0,0,0.416,0
23.71,2,0.278,0.937,331,0,1,0.181,0
166.07,1,0.518,0.598,404,0,2,0.322,0
53.88,4,0.408,0.961,114,0,1,0.38,0
49.85,2,0.307,0.928,28,0,0,0.487,0
7.36,4,0.126,0.908,570,0,0,0.488,0
134.15,1,0.211,0.514,33,0,0,0.184,0
17.06,6,0.316,0.84,516,0,0,0.35,0
71.23,5,0.116,0.866,329,0,0,0.501,0
90.48,4,0.132,0.615,690,0,0,0.113,0
297.89,3,0.373,0.579,97,0,0,0.225,0
15.8,2,0.352,0.505,316,1,0,0.272,0
5.0,2,0.186,0.851,385,0,4,0.734,0
81.63,4,0.095,0.716,35,0,0,0.2,0
483.26,2,0.477,0.495,542,0,0,0.085,1
260.56,1,0.299,0.94,202,0,2,0.213,0
83.98,2,0.097,0.874,60,0,0,0.203,0
38.83,3,0.644,0.865,200,0,0,0.614,0
162.04,2,0.353,0.795,46,0,0,0.204,0
22.85,2,0.097,0.825,880,0,0,0.051,0
112.62,1,0.123,0.697,249,0,0,0.155,0
116.28,2,0.115,0.673,64,0,2,0.468,0
214.05,2,0.263,0.951,121,1,1,0.169,0
1388.01,4,0.103,0.563,520,0,0,0.19,0
102.68,2,0.271,0.956,621,0,0,0.078,0
38.1,3,0.305,0.558,21,0,0,0.366,0
64.84,4,0.075,0.814,29,0,0,0.461,0
9.53,6,0.172,0.897,1001,0,0,0.382,0
31.06,2,0.147,0.922,165,0,0,0.123,0
42.51,2,0.194,0.622,90,0,1,0.215,0
37.47,1,0.082,0.708,57,0,0,0.214,0
78.85,5,0.129,0.803,263,0,0,0.518,0
26.99,1,0.087,0.411,594,0,1,0.196,0
228.87,4,0.225,0.869,299,0,0,0.314,0
66.7,3,0.169,0.957,13,0,1,0.668,1
66.01,4,0.493,0.856,269,0,0,0.072,0
46.49,3,0.476,0.668,154,0,1,0.275,0
79.1,4,0.227,0.825,464,0,0,0.26,0
165.27,2,0.378,0.752,301,0,0,0.477,0
25.69,4,0.249,0.687,1349,0,0,0.278,0
32.33,2,0.086,0.823,369,1,0,0.598,0
47.75,5,0.127,0.804,405,0,0,0.221,0
15.17,2,0.174,0.869,298,0,2,0.302,0
27.08,5,0.217,0.959,154,0,0,0.17,0
39.49,3,0.201,0.915,403,1,0,0.149,0
174.48,4,0.302,0.935,166,0,1,0.125,0
89.02,2,0.1,0.961,510,0,1,0.034,0
82.51,4,0.499,0.946,113,0,0,0.707,0
170.03,2,0.271,0.763,188,0,0,0.594,0
57.33,4,0.327,0.661,355,0,1,0.461,0
102.46,2,0.033,0.855,401,1,2,0.204,0
59.53,3,0.256,0.957,446,0,0,0.196,0
89.29,3,0.531,0.959,487,0,0,0.331,0
35.13,2,0.102,0.966,158,1,1,0.37,0
5.0,3,0.244,0.902,897,0,0,0.422,0
57.53,2,0.229,0.783,17,1,0,0.753,1
318.95,4,0.192,0.824,88,0,0,0.439,0
184.72,5,0.201,0.92,34,0,0,0.031,0
192.85,2,0.05,0.956,450,0,3,0.648,0
259.76,2,0.321,0.919,132,0,0,0.298,0
73.52,3,0.114,0.861,93,1,0,0.241,0
82.85,2,0.302,0.661,267,0,0,0.599,0
33.8,5,0.387,0.538,391,0,0,0.179,0
47.1,4,0.105,0.68,391,0,0,0.119,0
131.28,4,0.217,0.779,331,1,1,0.155,0
250.7,3,0.619,0.948,1935,0,0,0.239,0
57.2,2,0.259,0.934,792,0,0,0.448,0
40.64,1,0.199,0.792,114,0,0,0.137,0
66.73,3,0.139,0.871,573,1,0,0.067,0
129.2,1,0.212,0.924,341,0,1,0.162,0
13.62,5,0.049,0.714,34,0,0,0.126,0
5.33,3,0.252,0.687,25,0,0,0.394,0
36.39,1,0.224,0.736,648,0,0,0.153,0
17.41,1,0.102,0.828,319,0,0,0.22,0
38.13,2,0.054,0.843,343,1,1,0.092,0
56.68,2,0.128,0.724,168,0,0,0.242,0
40.51,3,0.088,0.865,1070,0,0,0.25,0
329.55,1,0.269,0.558,504,0,0,0.335,0
95.53,1,0.025,0.543,1056,0,0,0.446,0
92.81,2,0.04,0.74,46,0,4,0.53,0
132.21,3,0.384,0.683,355,0,0,0.549,0
19.05,2,0.141,0.925,410,0,0,0.23,0
209.14,5,0.315,0.776,58,0,0,0.357,0
61.35,3,0.063,0.592,175,0,0,0.484,0
139.43,4,0.45,0.703,101,0,0,0.222,0
20.51,3,0.267,0.808,1670,1,1,0.443,0
12.07,3,0.235,0.583,318,0,0,0.399,0
163.97,2,0.208,0.956,156,0,0,0.526,0
100.89,4,0.08,0.975,441,0,0,0.458,0
24.72,3,0.148,0.707,435,0,0,0.514,0
25.62,4,0.319,0.575,175,0,0,0.328,0
229.98,2,0.124,0.717,2046,0,0,0.379,0
18.02,3,0.03,0.915,667,0,0,0.531,0
406.24,2,0.194,0.911,209,0,0,0.495,0
24.76,2,0.132,0.987,436,0,0,0.218,0
134.59,1,0.288,0.704,500,0,1,0.187,0
46.46,4,0.261,0.927,81,0,0,0.065,0
129.48,6,0.073,0.951,847,0,3,0.599,0
36.65,3,0.283,0.89,704,0,0,0.367,0
55.75,2,0.299,0.616,568,0,0,0.485,0
69.76,1,0.384,0.836,105,1,0,0.396,0
22.14,2,0.355,0.582,63,0,0,0.595,0
150.64,3,0.337,0.469,84,0,0,0.09,0
37.92,1,0.428,0.839,44,0,0,0.277,0
51.86,2,0.479,0.841,1132,0,0,0.247,0
22.34,3,0.236,0.951,767,0,0,0.1,0
5.0,2,0.277,0.779,43,0,0,0.23,0
54.05,6,0.103,0.858,458,0,0,0.082,0
947.55,1,0.054,0.766,117,0,0,0.347,0
158.07,3,0.289,0.837,11,0,0,0.249,0
65.29,1,0.285,0.717,143,0,0,0.123,0
49.94,1,0.258,0.732,236,0,0,0.209,0
68.35,1,0.423,0.911,13,0,0,0.196,0
121.73,3,0.025,0.886,161,0,0,0.361,0
18.19,5,0.313,0.746,487,0,0,0.282,0
227.18,3,0.071,0.636,108,0,0,0.263,0
146.48,5,0.31,0.879,270,1,0,0.14,0
146.94,3,0.028,0.692,879,1,0,0.226,0
108.02,3,0.26,0.944,16,1,0,0.246,0
68.14,2,0.652,0.48,621,0,0,0.109,0
139.79,4,0.157,0.906,198,0,1,0.509,0
127.87,4,0.102,0.582,316,0,0,0.268,1
45.18,3,0.401,0.882,109,1,0,0.538,0
35.48,2,0.328,0.848,351,0,0,0.164,0
74.59,4,0.134,0.803,529,0,0,0.184,0
366.47,1,0.239,0.841,95,1,0,0.245,0
17.06,4,0.25,0.87,173,0,0,0.356,0
13.27,3,0.321,0.552,340,0,0,0.45,0
79.94,2,0.397,0.431,220,0,2,0.448,0
70.53,4,0.284,0.987,143,0,1,0.239,0
80.69,3,0.243,0.586,245,1,3,0.224,0
87.21,3,0.155,0.99,142,0,1,0.359,0
52.17,4,0.558,0.899,148,0,0,0.247,0
343.38,3,0.218,0.764,382,0,0,0.377,0
11.46,2,0.284,0.934,264,0,0,0.249,0
26.81,1,0.397,0.88,457,0,0,0.147,0
59.53,4,0.175,0.597,731,0,0,0.086,0
10.94,2,0.301,0.623,1150,0,0,0.574,0
54.96,3,0.264,0.83,70,0,0,0.469,0
414.73,3,0.586,0.627,398,0,0,0.283,0
68.24,5,0.078,0.755,354,0,0,0.152,0
85.95,2,0.04,0.953,811,0,0,0.224,0
16.67,2,0.212,0.772,909,0,0,0.115,0
33.85,3,0.221,0.845,576,0,3,0.328,0
44.14,4,0.013,0.925,367,0,2,0.399,0
47.02,2,0.238,0.773,93,0,0,0.392,0
273.09,2,0.438,0.78,134,1,0,0.106,0
123.16,3,0.124,0.915,374,0,0,0.348,0
19.64,2,0.228,0.65,65,0,0,0.393,0
87.46,3,0.106,0.655,86,0,0,0.396,0
115.36,3,0.164,0.904,974,0,1,0.465,0
233.73,2,0.06,0.978,1257,0,0,0.036,0
379.4,2,0.191,0.636,7,0,0,0.304,0
21.83,3,0.198,0.864,798,0,0,0.164,0
27.33,2,0.111,0.898,1117,0,0,0.159,0
16.72,2,0.028,0.856,303,0,1,0.17,0
51.55,4,0.095,0.91,243,0,0,0.346,0
111.39,4,0.385,0.666,1009,0,0,0.394,0
197.57,3,0.11,0.985,8,0,0,0.055,0
61.34,2,0.195,0.948,739,0,0,0.073,0
46.91,4,0.095,0.77,145,1,0,0.478,0
78.8,6,0.072,0.946,414,1,1,0.016,0
26.61,2,0.103,0.954,161,0,0,0.135,0
664.14,2,0.253,0.514,301,0,0,0.279,0
11.38,3,0.144,0.621,665,1,0,0.427,0
81.71,3,0.37,0.956,84,0,0,0.324,0
617.68,1,0.072,0.765,441,0,1,0.33,0
67.19,4,0.284,0.777,919,0,0,0.305,0
54.11,4,0.336,0.853,930,0,0,0.533,0
45.01,1,0.285,0.986,903,0,0,0.319,0
54.68,1,0.15,0.428,297,0,0,0.385,0
301.91,3,0.112,0.762,588,0,0,0.356,0
5.85,3,0.328,0.478,241,0,0,0.595,0
360.24,4,0.146,0.815,251,0,0,0.263,0
13.92,2,0.164,0.921,138,0,1,0.272,0
49.73,3,0.144,0.66,139,0,0,0.656,0
41.59,3,0.381,0.975,20,0,1,0.198,0
127.41,3,0.348,0.961,308,0,2,0.173,0
11.5,2,0.043,0.811,152,0,0,0.507,0
110.87,4,0.326,0.851,88,0,4,0.429,0
618.16,1,0.029,0.609,56,0,4,0.465,0
14.89,1,0.201,0.4,175,0,0,0.47,0
82.16,4,0.316,0.944,922,0,0,0.376,0
32.2,3,0.172,0.622,295,0,0,0.201,0
106.54,3,0.013,0.984,330,0,0,0.209,0
68.11,2,0.448,0.866,27,0,0,0.213,0
32.93,2,0.379,0.926,298,0,0,0.177,0
114.05,2,0.218,0.756,445,0,0,0.366,0
485.31,4,0.25,0.774,70,0,0,0.514,0
54.06,2,0.344,0.695,1648,0,0,0.606,0
147.19,4,0.069,0.507,991,0,0,0.274,0
16.08,2,0.084,0.924,1995,0,3,0.098,0
23.29,3,0.166,0.925,183,0,0,0.439,0
112.13,2,0.727,0.953,696,0,1,0.432,1
341.22,1,0.242,0.904,164,1,0,0.242,1
98.61,3,0.272,0.735,558,0,1,0.395,0
47.26,1,0.292,0.657,1186,0,0,0.421,0
66.63,2,0.258,0.705,72,0,0,0.408,0
16.85,2,0.026,0.955,65,0,0,0.569,0
129.67,3,0.041,0.84,49,0,2,0.607,0
176.01,2,0.334,0.644,645,0,0,0.33,0
40.56,1,0.356,0.861,444,0,0,0.607,0
39.76,1,0.197,0.935,300,1,3,0.533,1
89.34,7,0.185,0.483,599,0,1,0.206,0
41.25,2,0.036,0.759,763,1,0,0.318,0
62.01,5,0.095,0.879,1199,0,0,0.196,0
671.62,4,0.305,0.911,94,1,0,0.555,0
50.82,4,0.172,0.967,238,0,0,0.501,0
44.96,4,0.341,0.878,1030,0,0,0.313,0
32.71,4,0.272,0.815,252,0,4,0.273,0
151.2,2,0.228,0.976,272,1,1,0.168,0
54.63,1,0.077,0.854,1147,0,0,0.082,0
32.64,2,0.183,0.881,535,0,0,0.179,0
285.27,2,0.182,0.894,326,1,0,0.383,0
317.84,1,0.187,0.677,181,0,0,0.519,0
34.45,2,0.135,0.985,992,0,0,0.534,0
8.56,4,0.239,0.891,8,0,0,0.361,0
202.0,1,0.503,0.869,159,0,0,0.363,0
31.4,1,0.139,0.704,1173,0,0,0.11,0
159.12,3,0.662,0.684,280,0,0,0.485,0
7.64,2,0.337,0.659,396,1,0,0.621,0
178.01,5,0.096,0.761,309,1,3,0.572,0
17.6,1,0.091,0.731,207,0,0,0.386,0
148.98,3,0.499,0.525,442,0,0,0.385,0
67.74,5,0.037,0.612,586,0,0,0.239,0
23.35,3,0.147,0.861,186,0,0,0.479,0
42.62,5,0.154,0.751,362,0,0,0.263,0
141.88,2,0.211,0.941,39,0,0,0.438,0
74.92,3,0.323,0.931,322,0,0,0.182,0
126.83,1,0.098,0.617,555,0,0,0.147,0
586.45,3,0.153,0.916,357,0,0,0.667,0
11.93,3,0.261,0.886,847,0,0,0.281,0
395.02,5,0.264,0.769,139,1,0,0.304,0
74.8,2,0.411,0.635,275,0,0,0.445,0
24.81,6,0.048,0.877,41,0,0,0.291,0
15.44,2,0.329,0.628,486,0,0,0.83,1
54.16,1,0.165,0.651,238,0,0,0.31,0
183.79,4,0.277,0.726,307,0,0,0.118,0
57.96,2,0.103,0.972,59,0,0,0.193,0
351.52,3,0.345,0.866,2378,1,0,0.165,0
13.51,6,0.085,0.753,596,0,0,0.38,0
65.81,1,0.313,0.854,209,0,0,0.257,0
16.82,2,0.306,0.972,342,0,2,0.353,0
99.48,3,0.144,0.711,390,0,1,0.119,0
176.9,1,0.593,0.966,1300,1,0,0.232,0
41.98,1,0.32,0.831,590,0,0,0.057,0
5.0,5,0.105,0.961,177,0,0,0.438,0
83.0,2,0.232,0.927,1526,0,0,0.265,0
107.81,4,0.11,0.99,148,0,0,0.76,0
104.03,2,0.279,0.622,349,0,4,0.149,0
259.66,1,0.331,0.848,487,0,1,0.256,0
20.53,3,0.098,0.638,131,0,0,0.131,0
140.93,5,0.035,0.785,1257,0,0,0.71,0
247.59,5,0.017,0.863,102,0,0,0.228,0
9.43,2,0.458,0.704,238,1,0,0.393,0
94.79,4,0.249,0.76,84,0,0,0.649,0
38.3,2,0.222,0.789,836,0,0,0.341,0
60.97,2,0.167,0.743,105,0,0,0.549,0
97.75,2,0.106,0.73,19,0,1,0.279,0
39.02,3,0.036,0.964,20,1,0,0.381,0
31.71,4,0.502,0.762,218,0,0,0.525,0
69.24,4,0.077,0.551,300,0,0,0.422,0
20.17,1,0.289,0.798,22,0,0,0.085,0
20.2,1,0.224,0.921,43,0,0,0.234,0
140.8,1,0.153,0.844,46,0,0,0.618,0
18.85,2,0.097,0.684,446,0,0,0.27,0
138.79,3,0.232,0.703,147,0,0,0.189,0
110.92,3,0.123,0.54,335,0,0,0.316,0
9.99,4,0.072,0.969,35,0,1,0.085,0
31.65,4,0.101,0.35,895,0,0,0.129,0
248.02,4,0.163,0.761,150,1,0,0.24,0
22.66,5,0.039,0.829,607,0,0,0.504,0
40.01,3,0.013,0.788,706,0,0,0.273,0
110.86,2,0.024,0.892,1771,0,0,0.222,0
157.86,3,0.207,0.868,545,0,0,0.079,0
50.57,2,0.012,0.627,238,0,2,0.681,0
34.56,3,0.018,0.797,71,1,0,0.313,0
318.81,1,0.351,0.391,24,0,2,0.387,0
451.6,2,0.097,0.951,874,0,0,0.232,0
195.73,2,0.201,0.865,241,0,0,0.339,0
73.25,1,0.364,0.532,559,0,1,0.059,0
27.41,1,0.105,0.811,279,0,0,0.423,0
26.75,3,0.384,0.866,851,0,0,0.22,0
118.48,2,0.304,0.891,558,0,0,0.413,0
105.66,8,0.319,0.985,40,0,0,0.609,0
311.61,2,0.114,0.598,562,0,2,0.307,0
136.39,2,0.314,0.762,129,0,0,0.309,0
12.76,2,0.449,0.988,598,1,2,0.483,0
212.12,2,0.122,0.815,1191,0,0,0.51,0
22.25,5,0.314,0.717,1069,0,0,0.154,0
43.71,3,0.285,0.944,58,0,0,0.077,0
87.81,1,0.078,0.732,27,0,0,0.573,0
598.98,2,0.235,0.815,605,0,0,0.241,0
2040.42,2,0.271,0.884,500,0,0,0.344,0
129.98,1,0.08,0.948,82,1,2,0.747,0
54.52,2,0.21,0.97,466,1,0,0.343,0
120.06,5,0.072,0.726,11,0,0,0.57,0
177.05,2,0.251,0.829,403,0,0,0.502,0
46.86,3,0.479,0.707,719,0,1,0.227,0
480.45,5,0.313,0.624,415,0,0,0.198,0
85.89,3,0.212,0.785,32,1,0,0.062,0
115.3,2,0.032,0.805,1887,0,0,0.25,0
138.73,3,0.114,0.805,181,0,0,0.204,0
106.03,6,0.216,0.95,196,0,0,0.197,0
167.81,2,0.126,0.657,40,0,0,0.402,0
33.82,2,0.159,0.875,78,0,0,0.737,0
36.08,3,0.429,0.869,131,0,1,0.202,0
19.88,2,0.261,0.945,647,0,0,0.489,0
108.14,6,0.039,0.889,475,0,1,0.301,0
157.09,3,0.423,0.946,355,0,1,0.284,0
110.34,1,0.157,0.954,802,0,0,0.271,0
420.71,2,0.051,0.777,2453,0,0,0.252,0
66.28,3,0.113,0.875,199,0,0,0.125,0
139.16,2,0.023,0.868,203,1,1,0.166,0
20.07,3,0.05,0.865,537,0,0,0.156,0
43.56,2,0.195,0.829,418,0,1,0.476,0
143.32,1,0.276,0.603,10,0,0,0.41,0
169.7,1,0.27,0.984,431,0,0,0.265,0
48.26,5,0.041,0.883,513,0,0,0.318,0
61.64,2,0.229,0.677,1710,0,0,0.38,0
12.56,3,0.157,0.684,358,0,0,0.314,0
45.03,2,0.092,0.514,466,0,0,0.574,0
177.58,2,0.144,0.681,626,0,0,0.438,0
125.55,2,0.139,0.911,45,0,0,0.182,0
115.67,2,0.22,0.818,535,0,0,0.56,1
70.44,4,0.075,0.82,321,0,0,0.045,0
67.21,2,0.397,0.85,47,0,0,0.276,0
32.25,4,0.111,0.468,448,0,0,0.246,0
143.84,2,0.173,0.437,111,0,0,0.087,0
105.96,3,0.284,0.498,313,0,0,0.362,0
114.57,2,0.29,0.857,136,0,0,0.236,0
37.39,4,0.328,0.608,49,0,1,0.132,0
6.24,3,0.124,0.977,120,0,0,0.251,0
222.93,2,0.562,0.719,236,0,0,0.088,0
39.38,4,0.303,0.707,277,0,0,0.175,0
25.81,3,0.226,0.576,69,0,0,0.428,1
143.0,2,0.629,0.854,159,0,3,0.222,0
43.33,4,0.07,0.946,789,0,0,0.505,0
213.99,1,0.49,0.857,969,1,1,0.51,0
131.46,5,0.188,0.719,311,0,0,0.245,0
141.45,2,0.187,0.91,274,0,0,0.085,0
14.84,4,0.105,0.851,353,0,0,0.156,0
252.94,1,0.174,0.789,101,1,0,0.282,0
88.89,2,0.063,0.972,2023,0,0,0.195,0
44.42,5,0.429,0.89,552,0,0,0.217,0
78.08,3,0.11,0.592,114,0,0,0.159,0
9.45,4,0.097,0.925,132,0,0,0.193,0
104.53,3,0.438,0.887,423,0,0,0.454,0
21.49,6,0.286,0.824,160,0,0,0.106,0
15.06,5,0.064,0.806,180,0,2,0.642,0
12.5,3,0.201,0.883,612,0,0,0.651,1
226.77,2,0.022,0.853,129,0,1,0.285,0
33.38,3,0.31,0.679,493,0,0,0.45,0
360.36,4,0.177,0.611,1097,0,0,0.239,0
36.99,3,0.709,0.852,58,1,0,0.332,0
10.2,4,0.214,0.622,67,0,1,0.654,0
19.53,3,0.295,0.809,1149,0,0,0.068,0
259.67,2,0.16,0.73,96,0,0,0.374,0
56.18,2,0.304,0.875,13,0,3,0.18,0
36.48,3,0.193,0.69,816,0,0,0.428,0
79.52,3,0.41,0.789,137,1,1,0.407,0
115.81,2,0.284,0.843,146,0,0,0.364,0
227.95,2,0.23,0.741,107,0,0,0.245,0
328.11,4,0.177,0.846,1003,0,0,0.448,0
44.89,5,0.039,0.941,600,0,0,0.094,0
15.51,2,0.403,0.374,368,0,1,0.26,0
42.32,1,0.216,0.678,246,0,0,0.198,0
88.79,2,0.257,0.931,66,0,1,0.569,1
23.1,1,0.012,0.934,1046,0,0,0.235,0
23.27,2,0.301,0.694,558,0,0,0.583,0
97.34,3,0.309,0.804,135,0,2,0.317,0
63.21,4,0.334,0.937,1183,0,0,0.496,0
69.14,3,0.065,0.602,1099,0,1,0.24,0
28.95,1,0.088,0.944,435,1,0,0.366,0
51.76,2,0.272,0.981,1684,0,2,0.111,0
24.13,2,0.473,0.466,87,1,0,0.559,0
177.54,1,0.016,0.686,530,0,0,0.501,0
208.26,5,0.088,0.692,71,1,0,0.37,0
8.75,2,0.135,0.792,475,0,0,0.195,0
23.99,3,0.361,0.785,1014,0,0,0.242,0
12.86,1,0.292,0.875,312,0,0,0.238,0
32.62,5,0.24,0.803,580,0,0,0.403,0
60.84,1,0.369,0.775,66,0,1,0.349,0
13.54,2,0.351,0.904,406,0,1,0.284,0
24.19,3,0.093,0.881,31,0,1,0.166,0
22.1,4,0.174,0.478,20,1,0,0.237,0
83.76,2,0.402,0.959,407,0,0,0.581,0
71.97,3,0.226,0.671,345,0,0,0.474,0
30.15,5,0.217,0.811,164,0,0,0.796,0
81.0,7,0.436,0.964,292,0,0,0.058,0
36.55,1,0.161,0.898,466,0,0,0.393,0
49.46,2,0.13,0.904,418,0,0,0.374,0
420.23,2,0.136,0.513,35,0,0,0.333,0
291.34,2,0.009,0.909,458,0,1,0.441,0
15.97,1,0.299,0.926,435,0,3,0.189,0
166.12,1,0.109,0.385,447,0,1,0.203,0
162.8,3,0.036,0.93,756,0,0,0.251,0
18.86,4,0.222,0.916,348,0,0,0.299,0
164.13,5,0.134,0.98,1116,0,0,0.398,0
362.03,5,0.154,0.867,1569,0,0,0.183,0
19.4,3,0.036,0.936,562,1,0,0.437,1
24.31,2,0.307,0.769,182,0,0,0.292,1
204.27,1,0.025,0.936,66,0,0,0.123,0
89.9,4,0.56,0.776,691,0,0,0.422,0
122.32,3,0.104,0.646,68,0,1,0.1,0
96.99,5,0.52,0.78,68,0,0,0.5,0
102.49,3,0.138,0.987,1010,0,0,0.836,0
15.5,6,0.244,0.912,333,1,1,0.222,0
211.04,3,0.019,0.687,143,0,0,0.188,0
241.42,3,0.553,0.702,1323,1,2,0.446,0
51.81,1,0.042,0.669,496,0,0,0.226,0
63.57,4,0.26,0.463,311,0,1,0.382,0
12.38,2,0.489,0.795,164,1,2,0.624,0
117.41,2,0.222,0.868,456,0,0,0.583,0
125.12,3,0.396,0.97,530,0,0,0.504,0
62.28,1,0.553,0.659,503,0,0,0.468,0
229.7,2,0.429,0.618,91,0,2,0.153,0
46.18,2,0.462,0.817,482,0,0,0.257,0
124.1,2,0.202,0.927,353,0,0,0.484,0
21.72,4,0.084,0.856,764,0,1,0.221,0
64.98,3,0.11,0.389,397,0,0,0.515,1
55.05,2,0.15,0.725,68,0,1,0.175,1
85.44,3,0.333,0.705,158,0,0,0.456,0
44.41,4,0.173,0.732,549,0,0,0.217,0
57.71,2,0.191,0.662,543,0,0,0.198,0
165.45,1,0.039,0.849,105,0,0,0.31,0
41.25,2,0.131,0.904,180,0,0,0.311,0
11.39,1,0.199,0.95,11,0,0,0.351,0
456.94,2,0.132,0.697,166,0,2,0.294,0
304.78,2,0.168,0.758,15,0,1,0.334,0
16.1,2,0.042,0.826,830,0,1,0.875,0
142.41,3,0.348,0.877,444,0,0,0.448,0
38.35,3,0.12,0.982,1396,0,0,0.465,1
89.11,2,0.167,0.891,894,1,1,0.651,0
92.17,3,0.068,0.774,375,0,0,0.491,0
51.53,1,0.036,0.958,284,0,0,0.485,0
28.16,1,0.192,0.747,865,0,0,0.477,0
31.2,6,0.518,0.747,146,0,0,0.177,0
24.34,1,0.13,0.912,106,1,0,0.186,0
26.71,1,0.246,0.985,216,1,0,0.572,0
61.94,2,0.297,0.704,26,0,0,0.29,0
30.35,1,0.392,0.615,148,0,0,0.259,0
141.21,2,0.369,0.954,39,0,2,0.808,1
342.4,2,0.465,0.714,26,0,1,0.354,0
35.23,4,0.168,0.943,325,0,0,0.33,0
86.78,2,0.399,0.896,497,0,0,0.298,0
115.54,2,0.275,0.854,312,0,0,0.127,0
112.08,4,0.251,0.805,34,0,0,0.714,1
72.5,3,0.241,0.835,205,0,0,0.341,0
150.95,4,0.137,0.356,52,0,0,0.115,0
113.35,2,0.394,0.84,425,0,0,0.523,0
17.09,1,0.176,0.49,705,0,0,0.283,0
173.48,1,0.248,0.687,54,0,0,0.717,1
176.98,2,0.329,0.745,32,0,0,0.238,0
28.8,6,0.083,0.863,213,0,1,0.354,0
69.53,2,0.191,0.861,149,0,0,0.11,0
141.41,5,0.051,0.942,125,1,0,0.175,0
52.97,2,0.485,0.682,99,0,0,0.244,0
217.08,1,0.025,0.8,157,0,0,0.133,0
898.08,4,0.071,0.813,1350,0,0,0.373,0
28.09,4,0.195,0.482,784,0,0,0.13,0
14.6,3,0.379,0.828,372,0,0,0.284,0
93.15,3,0.137,0.815,649,0,0,0.504,0
147.48,2,0.164,0.695,10,0,0,0.503,0
51.73,4,0.042,0.578,52,0,1,0.477,0
329.83,5,0.12,0.957,143,0,0,0.797,0
15.3,3,0.208,0.657,418,0,0,0.102,0
142.91,2,0.419,0.777,864,0,0,0.383,0
34.25,3,0.067,0.69,110,0,0,0.606,0
442.0,3,0.763,0.75,64,0,1,0.581,1
596.91,4,0.258,0.883,758,1,0,0.158,1
28.69,1,0.125,0.974,215,0,1,0.522,0
36.43,1,0.325,0.907,485,0,0,0.378,0
171.67,4,0.238,0.874,322,0,0,0.137,0
43.56,2,0.284,0.763,82,1,0,0.514,0
63.44,3,0.288,0.854,487,0,0,0.063,0
68.57,2,0.497,0.909,223,1,2,0.357,0
8.07,2,0.227,0.543,140,0,0,0.266,0
65.68,1,0.28,0.716,936,0,0,0.386,0
31.23,2,0.089,0.877,7,0,0,0.293,0
38.77,2,0.228,0.971,212,0,0,0.545,0
326.36,3,0.213,0.918,147,0,0,0.25,0
16.74,3,0.462,0.781,27,0,0,0.151,0
163.13,4,0.12,0.696,38,0,0,0.421,0
49.06,2,0.166,0.501,80,0,0,0.097,0
49.02,3,0.25,0.808,286,0,0,0.416,0
159.08,3,0.335,0.754,137,0,0,0.102,0
96.94,3,0.255,0.718,732,0,0,0.551,0
124.92,2,0.363,0.863,114,0,0,0.312,0
193.45,5,0.096,0.552,514,0,0,0.309,0
46.32,2,0.311,0.913,99,0,0,0.078,0
34.01,1,0.312,0.412,22,0,0,0.047,0
20.21,2,0.606,0.951,127,0,2,0.166,0
26.9,2,0.077,0.67,731,0,1,0.287,0
1709.58,4,0.412,0.578,39,0,0,0.644,0
262.21,2,0.255,0.564,173,0,0,0.205,0
15.09,5,0.088,0.811,8,0,4,0.32,0
15.57,4,0.326,0.872,402,1,0,0.314,0
113.3,2,0.277,0.888,1149,0,1,0.175,0
121.75,3,0.326,0.795,199,0,0,0.276,0
121.97,2,0.619,0.567,349,0,0,0.296,0
50.38,4,0.219,0.841,245,0,2,0.575,0
58.09,4,0.023,0.901,1454,0,0,0.547,0
95.65,2,0.085,0.881,537,1,0,0.078,0
73.29,3,0.224,0.813,23,0,0,0.047,0
5.81,2,0.491,0.919,51,0,2,0.352,0
51.79,5,0.395,0.936,259,0,0,0.214,0
26.14,2,0.448,0.759,404,0,0,0.228,0
80.86,2,0.311,0.842,142,1,0,0.688,0
1778.96,3,0.312,0.833,454,0,0,0.483,0
99.91,3,0.133,0.751,348,0,1,0.349,0
47.23,4,0.353,0.92,233,1,1,0.311,0
183.82,3,0.37,0.934,354,0,0,0.364,0
113.4,2,0.663,0.887,997,0,0,0.33,0
105.86,4,0.352,0.863,116,0,0,0.664,0
130.0,2,0.357,0.841,631,0,0,0.644,0
640.47,2,0.19,0.776,9,0,1,0.089,0
19.22,2,0.11,0.606,40,1,0,0.514,0
112.28,5,0.215,0.935,1200,0,1,0.31,0
24.07,1,0.543,0.95,483,0,0,0.378,0
122.86,3,0.502,0.86,406,0,1,0.158,0
24.27,5,0.276,0.924,167,0,0,0.004,0
42.14,1,0.34,0.891,86,0,1,0.174,0
48.2,3,0.574,0.783,196,0,0,0.558,0
195.08,3,0.405,0.831,369,0,1,0.555,0
183.15,2,0.079,0.82,407,0,0,0.196,0
16.94,1,0.101,0.935,79,1,0,0.284,0
70.84,2,0.374,0.849,240,1,1,0.319,0
30.55,2,0.016,0.405,339,0,1,0.211,0
16.7,2,0.213,0.349,1292,0,0,0.088,0
52.52,2,0.428,0.818,323,0,0,0.26,0
47.5,1,0.06,0.888,352,0,0,0.619,0
962.36,4,0.562,0.835,584,0,0,0.106,0
107.37,2,0.236,0.843,222,1,0,0.13,0
14.65,3,0.22,0.899,198,0,1,0.134,0
35.83,2,0.206,0.671,362,0,0,0.3,0
205.1,2,0.003,0.639,616,0,0,0.585,0
663.34,1,0.178,0.963,410,0,2,0.321,0
11.65,3,0.14,0.857,87,0,1,0.599,0
8.43,5,0.054,0.741,207,0,0,0.122,0
522.21,5,0.054,0.959,292,0,0,0.255,1
102.37,3,0.347,0.893,301,0,0,0.243,0
25.66,1,0.294,0.892,170,0,0,0.387,0
120.07,3,0.283,0.733,300,0,0,0.195,0
5.0,3,0.099,0.9,452,0,0,0.394,0
66.93,4,0.666,0.601,257,0,0,0.517,0
95.64,4,0.257,0.889,245,0,0,0.348,0
184.32,4,0.112,0.949,651,0,0,0.15,0
21.86,2,0.117,0.98,570,0,1,0.047,0
73.28,3,0.377,0.857,224,0,1,0.299,0
24.1,3,0.088,0.885,2214,0,2,0.284,0
88.32,1,0.313,0.944,32,1,0,0.31,0
24.91,4,0.054,0.804,162,0,0,0.187,0
42.57,4,0.101,0.556,20,0,0,0.707,1
22.3,3,0.186,0.866,736,0,0,0.3,0
136.49,2,0.064,0.945,568,0,0,0.667,0
171.45,2,0.048,0.929,465,0,0,0.021,0
51.52,2,0.192,0.715,101,1,0,0.508,0
69.55,1,0.033,0.964,497,0,1,0.461,0
13.55,1,0.037,0.649,180,0,1,0.168,0
47.96,5,0.072,0.714,816,0,0,0.792,0
63.1,2,0.13,0.858,94,0,0,0.746,0
1191.39,5,0.335,0.936,103,0,0,0.226,0
19.63,3,0.143,0.912,1298,0,2,0.167,1
333.82,2,0.379,0.853,296,0,0,0.431,0
199.65,4,0.328,0.809,241,0,0,0.21,0
90.8,3,0.613,0.611,178,0,0,0.402,0
461.5,2,0.164,0.87,716,1,1,0.258,0
100.42,1,0.408,0.833,178,0,0,0.108,0
102.32,1,0.201,0.611,181,0,2,0.642,0
62.9,4,0.216,0.827,57,0,0,0.2,0
256.19,5,0.15,0.988,299,0,0,0.356,0
222.76,1,0.344,0.832,1034,0,0,0.144,0
33.51,4,0.091,0.793,1268,0,0,0.348,0
15.62,2,0.507,0.911,2167,0,0,0.075,0
53.34,2,0.053,0.885,261,0,0,0.438,0
27.66,5,0.382,0.811,601,0,0,0.421,0
62.19,2,0.299,0.894,326,0,0,0.415,0
260.13,3,0.103,0.865,322,1,0,0.491,0
40.32,2,0.099,0.484,661,0,0,0.209,0
63.62,2,0.044,0.977,726,0,0,0.512,0
71.08,4,0.251,0.688,12,0,0,0.681,1
169.57,2,0.53,0.737,1149,0,0,0.356,0
5.63,3,0.456,0.874,697,0,0,0.234,0
34.21,4,0.187,0.883,515,1,0,0.232,0
84.13,3,0.381,0.94,769,0,0,0.361,0
249.66,3,0.099,0.752,313,0,0,0.206,0
38.82,2,0.363,0.9,598,1,1,0.391,1
8.46,1,0.179,0.823,370,1,0,0.192,0
131.85,2,0.282,0.841,318,0,0,0.313,0
33.15,3,0.207,0.898,100,0,1,0.181,0
18.02,3,0.551,0.906,757,0,2,0.134,0
33.56,4,0.267,0.956,866,0,0,0.235,0
54.44,1,0.244,0.675,1423,0,1,0.061,0
34.29,5,0.332,0.882,56,0,0,0.269,0
5.89,4,0.329,0.825,142,0,0,0.338,0
178.89,1,0.163,0.952,467,0,0,0.415,0
271.07,2,0.37,0.844,778,0,0,0.253,0
136.55,2,0.037,0.815,561,0,0,0.339,0
19.08,2,0.067,0.959,248,0,1,0.237,0
53.43,1,0.179,0.858,522,0,0,0.475,0
66.21,2,0.057,0.577,34,0,1,0.449,0
128.85,4,0.135,0.733,439,0,0,0.406,0
139.1,3,0.105,0.95,8,0,2,0.027,0
29.74,1,0.07,0.755,24,0,1,0.374,0
72.98,3,0.481,0.668,571,0,0,0.152,0
110.28,3,0.085,0.825,264,0,1,0.279,0
330.76,1,0.411,0.737,29,0,0,0.153,0
144.74,3,0.175,0.854,268,0,0,0.165,0
158.85,4,0.473,0.872,30,0,0,0.415,0
73.13,1,0.016,0.945,174,0,0,0.57,0
314.66,3,0.165,0.673,73,1,1,0.202,0
104.66,2,0.136,0.727,104,0,0,0.06,0
25.86,1,0.4,0.831,92,0,0,0.452,0
312.22,2,0.138,0.964,190,0,0,0.403,0
143.7,4,0.261,0.885,50,0,0,0.259,0
40.96,2,0.316,0.804,305,0,1,0.628,0
39.35,3,0.136,0.748,214,0,0,0.275,0
92.41,1,0.205,0.695,737,0,0,0.411,0
111.0,1,0.532,0.627,704,0,0,0.256,0
82.85,5,0.192,0.895,700,0,0,0.32,0
93.92,4,0.279,0.957,258,0,0,0.704,0
432.66,4,0.167,0.822,142,0,0,0.32,0
216.74,4,0.609,0.84,219,0,0,0.351,0
82.24,2,0.445,0.676,470,0,0,0.366,0
187.81,1,0.269,0.806,306,0,0,0.32,0
21.42,4,0.056,0.929,396,1,0,0.296,0
103.31,2,0.245,0.785,478,0,0,0.198,0
487.96,1,0.475,0.639,1007,0,1,0.423,0
52.47,3,0.198,0.445,1157,0,0,0.223,0
26.25,4,0.106,0.748,739,0,0,0.231,0
32.55,4,0.738,0.833,31,0,0,0.316,0
20.11,1,0.215,0.717,1556,0,1,0.474,0
28.13,1,0.101,0.928,491,0,0,0.298,0
44.36,3,0.098,0.571,477,1,2,0.448,1
14.21,3,0.085,0.957,14,0,1,0.675,1
67.84,5,0.162,0.687,266,0,0,0.513,0
179.92,2,0.37,0.941,398,0,0,0.705,0
24.57,3,0.124,0.969,135,0,0,0.289,0
354.68,3,0.335,0.73,39,0,0,0.126,0
116.96,2,0.241,0.906,309,1,0,0.109,0
207.19,2,0.375,0.759,241,0,0,0.287,0
32.34,3,0.326,0.986,23,0,2,0.418,0
170.71,1,0.091,0.708,298,0,0,0.194,0
20.06,5,0.016,0.928,50,0,0,0.36,0
177.55,1,0.616,0.934,226,0,3,0.539,0
80.56,2,0.324,0.832,131,0,0,0.08,0
122.56,4,0.47,0.72,1413,0,0,0.264,0
18.3,2,0.431,0.842,19,0,1,0.346,0
24.91,2,0.109,0.89,333,0,0,0.222,0
128.63,3,0.241,0.816,70,0,0,0.481,0
23.5,1,0.066,0.868,158,1,2,0.438,0
111.0,3,0.513,0.906,86,0,0,0.063,0
14.82,5,0.288,0.813,2136,0,0,0.588,0
169.52,2,0.037,0.609,18,0,0,0.282,0
17.19,2,0.221,0.957,316,1,1,0.442,0
122.43,4,0.385,0.921,379,0,0,0.167,0
132.71,3,0.022,0.94,596,0,0,0.193,0
30.99,3,0.635,0.616,398,0,0,0.508,0
126.5,3,0.224,0.855,110,1,0,0.3,0
88.81,4,0.131,0.95,369,0,0,0.34,0
36.87,2,0.15,0.792,1480,0,0,0.606,0
21.99,2,0.146,0.905,759,0,0,0.867,0
7.7,2,0.045,0.909,246,0,0,0.207,0
97.97,3,0.313,0.823,264,0,0,0.526,0
11.93,2,0.109,0.663,62,0,1,0.158,0
74.06,1,0.039,0.958,342,0,0,0.361,0
49.91,2,0.098,0.662,136,0,0,0.19,0
140.76,4,0.247,0.967,50,0,1,0.266,0
47.83,3,0.239,0.724,262,0,1,0.301,0
46.41,7,0.149,0.905,23,0,0,0.291,0
149.17,5,0.241,0.904,56,0,0,0.284,0
96.41,2,0.191,0.896,103,0,0,0.166,0
94.42,2,0.328,0.92,1873,0,0,0.259,0
111.74,2,0.184,0.732,666,0,0,0.172,0
12.32,3,0.341,0.664,317,0,0,0.085,0
153.31,2,0.22,0.882,110,0,0,0.317,0
130.81,9,0.178,0.966,297,0,0,0.589,0
21.79,4,0.248,0.793,423,0,0,0.029,0
50.98,2,0.042,0.592,6,0,3,0.144,0
63.86,2,0.184,0.794,1770,0,0,0.207,0
57.52,2,0.366,0.851,399,0,0,0.554,0
96.28,2,0.197,0.887,1782,1,0,0.115,0
321.98,2,0.088,0.921,258,0,0,0.574,0
219.19,2,0.158,0.73,395,0,0,0.124,0
15.75,2,0.264,0.604,252,0,0,0.139,0
132.19,2,0.174,0.964,8,0,1,0.023,0
287.67,4,0.253,0.757,763,0,0,0.816,0
102.05,2,0.158,0.74,243,0,1,0.743,0
221.42,1,0.017,0.932,259,0,0,0.191,0
610.02,3,0.372,0.387,183,0,0,0.153,0
205.63,5,0.188,0.787,231,0,0,0.299,0
87.73,4,0.348,0.968,522,0,1,0.348,0
210.52,2,0.478,0.904,487,0,0,0.219,0
78.21,1,0.123,0.362,665,0,0,0.467,0
68.46,2,0.123,0.688,1475,0,0,0.413,0
45.31,4,0.059,0.811,203,0,1,0.266,0
372.32,1,0.166,0.789,170,0,0,0.007,1
27.11,3,0.297,0.886,277,0,0,0.434,0
359.82,3,0.112,0.682,72,1,0,0.208,0
115.57,4,0.431,0.86,572,0,2,0.393,0
14.31,2,0.328,0.734,353,0,0,0.37,0
99.92,5,0.295,0.73,99,0,0,0.054,0
6.62,4,0.254,0.927,803,0,0,0.322,0
132.7,4,0.036,0.936,391,0,0,0.497,0
176.58,3,0.035,0.757,18,1,0,0.179,0
34.76,4,0.102,0.898,92,1,1,0.572,0
76.39,1,0.599,0.819,891,0,4,0.672,0
572.25,3,0.484,0.767,196,0,0,0.335,0
38.23,1,0.394,0.602,1667,0,0,0.385,0
20.81,2,0.177,0.931,306,1,0,0.454,0
340.3,5,0.229,0.951,98,1,0,0.608,0
577.58,3,0.196,0.825,365,0,0,0.283,0
66.96,2,0.15,0.964,48,0,0,0.16,0
202.88,3,0.318,0.901,664,0,0,0.171,0
291.67,3,0.105,0.91,400,0,2,0.347,0
29.47,2,0.044,0.644,1334,0,0,0.165,0
39.1,4,0.148,0.845,473,0,0,0.575,0
258.26,5,0.283,0.919,25,0,0,0.569,0
425.61,4,0.403,0.709,263,0,0,0.356,0
123.86,1,0.399,0.932,308,0,0,0.143,0
25.34,2,0.027,0.853,999,0,0,0.433,0
593.34,2,0.233,0.79,231,0,1,0.568,0
37.19,1,0.086,0.558,365,0,0,0.291,0
46.12,1,0.244,0.967,87,0,0,0.445,0
97.18,4,0.53,0.666,117,0,1,0.293,0
368.55,1,0.484,0.667,323,0,3,0.143,0
170.61,3,0.048,0.892,482,0,0,0.248,0
105.25,5,0.08,0.689,233,1,0,0.286,0
111.01,2,0.383,0.512,231,0,1,0.474,0
69.96,2,0.193,0.733,123,0,0,0.301,0
123.22,2,0.031,0.77,484,0,0,0.418,0
5.0,5,0.229,0.412,7,0,0,0.652,0
48.12,5,0.248,0.96,292,0,1,0.395,0
86.96,3,0.094,0.879,6,0,0,0.152,0
18.8,2,0.491,0.818,365,1,1,0.514,0
102.0,2,0.349,0.857,17,0,0,0.444,0
53.25,7,0.074,0.906,1130,0,0,0.229,0
459.91,5,0.207,0.756,264,0,0,0.546,0
376.28,3,0.092,0.9,465,0,3,0.258,0
39.95,2,0.235,0.774,773,0,0,0.386,0
56.49,3,0.048,0.581,112,0,0,0.37,0
61.48,3,0.071,0.89,315,0,0,0.285,0
40.58,2,0.11,0.852,801,0,0,0.654,0
82.64,1,0.106,0.776,313,0,0,0.312,1
28.96,1,0.086,0.873,204,0,0,0.243,0
19.23,2,0.181,0.797,189,0,0,0.192,0
132.29,3,0.312,0.879,198,1,0,0.24,0
133.28,4,0.327,0.824,387,0,0,0.337,0
27.53,1,0.134,0.718,23,1,0,0.252,0
178.55,1,0.262,0.881,219,0,0,0.554,0
33.29,5,0.408,0.759,333,0,0,0.38,1
88.1,6,0.143,0.786,622,1,0,0.185,0
164.41,3,0.298,0.769,307,0,1,0.753,0
64.27,2,0.151,0.838,1047,0,0,0.401,0
109.97,2,0.365,0.892,239,0,0,0.542,0
37.79,3,0.076,0.772,425,0,0,0.801,0
53.73,2,0.246,0.875,12,0,2,0.445,0
53.17,3,0.069,0.52,113,0,2,0.078,0
29.33,1,0.289,0.856,680,0,1,0.203,0
54.9,1,0.232,0.803,357,0,0,0.691,0
12.14,4,0.067,0.918,1173,0,0,0.491,0
38.85,3,0.288,0.567,564,1,0,0.223,0
48.75,3,0.374,0.877,243,0,0,0.277,0
50.31,1,0.518,0.706,608,0,0,0.304,0
51.13,1,0.126,0.924,257,1,0,0.323,0
62.31,2,0.132,0.85,165,0,3,0.18,0
113.0,2,0.299,0.992,24,0,0,0.281,0
174.51,1,0.217,0.918,807,0,0,0.416,0
32.63,3,0.4,0.753,222,0,1,0.397,0
17.75,4,0.231,0.937,467,0,0,0.166,0
21.19,3,0.07,0.398,71,0,0,0.719,0
39.02,6,0.295,0.731,711,0,0,0.426,0
45.28,5,0.435,0.975,700,0,0,0.097,0
28.59,3,0.302,0.773,268,0,0,0.269,0
16.03,2,0.186,0.908,451,1,0,0.521,0
40.38,2,0.553,0.809,299,0,0,0.096,0
81.42,3,0.606,0.831,326,0,0,0.141,0
128.32,3,0.03,0.731,883,0,0,0.375,0
36.12,4,0.283,0.57,1368,0,1,0.718,0
42.34,3,0.079,0.791,188,1,0,0.667,0
24.06,1,0.396,0.94,166,0,0,0.586,0
64.42,4,0.054,0.889,149,0,0,0.49,0
26.23,7,0.112,0.759,594,1,2,0.288,0
125.27,3,0.418,0.897,518,0,0,0.689,0
9.35,3,0.096,0.841,22,0,0,0.246,0
44.9,2,0.265,0.774,42,0,0,0.165,0
92.87,2,0.037,0.957,420,0,0,0.461,0
81.63,3,0.282,0.849,133,0,0,0.151,0
1289.92,2,0.131,0.843,43,0,0,0.241,0
97.98,2,0.27,0.637,218,0,0,0.463,0
22.1,1,0.131,0.944,844,0,0,0.266,0
60.04,2,0.247,0.906,187,0,0,0.058,0
9.45,3,0.192,0.891,480,0,0,0.163,0
61.03,4,0.283,0.575,928,0,0,0.551,0
26.67,1,0.082,0.65,79,0,0,0.246,0
182.53,3,0.219,0.969,381,0,0,0.341,0
36.43,3,0.051,0.762,957,1,2,0.58,0
58.65,3,0.008,0.81,90,0,0,0.239,0
33.14,1,0.308,0.44,1798,0,0,0.321,0
451.57,3,0.142,0.729,186,0,0,0.311,0
46.84,4,0.306,0.941,103,0,2,0.288,0
500.6,3,0.312,0.902,732,0,0,0.21,0
163.3,1,0.23,0.775,257,0,0,0.404,0
113.33,1,0.459,0.794,449,0,0,0.892,0
100.04,4,0.238,0.887,274,0,0,0.455,0
102.84,6,0.407,0.659,417,0,0,0.583,0
8.0,1,0.234,0.906,19,0,0,0.296,0
49.07,1,0.115,0.895,177,0,0,0.227,0
168.96,2,0.255,0.815,433,0,1,0.325,0
63.19,3,0.395,0.915,177,1,0,0.126,0
14.21,2,0.097,0.817,603,1,0,0.324,0
62.95,3,0.598,0.997,1301,0,3,0.637,0
434.64,5,0.094,0.858,20,0,0,0.487,0
262.85,2,0.3,0.733,778,0,0,0.168,0
62.29,2,0.006,0.584,79,0,0,0.31,0
189.92,3,0.447,0.906,1002,0,0,0.576,0
44.56,3,0.099,0.922,1178,0,0,0.386,0
10.23,4,0.065,0.783,341,0,0,0.419,0
24.12,1,0.174,0.891,265,0,1,0.521,0
372.11,3,0.088,0.793,573,0,0,0.027,0
49.33,1,0.276,0.798,1005,0,0,0.064,0
51.02,1,0.27,0.39,110,0,0,0.213,0
47.95,4,0.307,0.884,197,0,1,0.516,0
541.61,6,0.209,0.435,221,0,3,0.228,0
398.84,3,0.075,0.928,752,0,0,0.278,0
765.6,1,0.008,0.771,63,0,0,0.155,0
55.98,4,0.095,0.984,395,0,2,0.381,0
92.31,1,0.265,0.766,177,0,0,0.35,0
12.57,1,0.365,0.785,871,0,0,0.413,0
338.54,1,0.118,0.896,171,0,1,0.084,0
18.46,2,0.052,0.657,1530,0,4,0.242,0
84.64,4,0.153,0.779,11,0,0,0.66,1
19.94,3,0.049,0.787,114,1,0,0.161,0
34.89,1,0.315,0.757,249,0,1,0.209,0
26.55,1,0.185,0.604,123,0,0,0.173,0
34.17,1,0.075,0.944,539,0,0,0.342,0
36.85,1,0.086,0.843,678,0,0,0.089,0
36.49,2,0.242,0.981,483,0,1,0.346,0
166.78,6,0.215,0.826,1412,0,0,0.448,0
19.78,2,0.463,0.822,248,0,0,0.615,0
85.0,5,0.337,0.396,1565,0,0,0.662,1
254.62,1,0.567,0.842,58,0,1,0.03,0
37.92,4,0.028,0.605,753,0,0,0.471,0
30.27,6,0.388,0.715,20,0,1,0.112,0
51.75,2,0.135,0.82,308,0,0,0.233,0
244.13,1,0.019,0.9,270,0,0,0.285,0
82.56,4,0.365,0.933,781,1,0,0.117,0
37.18,2,0.214,0.721,487,0,1,0.323,0
113.55,2,0.185,0.764,237,0,0,0.164,0
19.84,3,0.154,0.74,909,0,0,0.083,0
141.1,2,0.442,0.718,873,0,1,0.552,0
104.53,2,0.637,0.645,15,0,0,0.033,0
47.53,2,0.171,0.788,824,0,0,0.091,0
26.51,5,0.401,0.91,304,0,0,0.311,0
25.14,4,0.11,0.668,735,0,0,0.483,0
120.1,1,0.035,0.795,85,0,0,0.185,0
257.72,3,0.065,0.766,70,0,1,0.24,0
33.08,2,0.025,0.758,517,0,1,0.207,0
110.41,2,0.273,0.845,133,0,1,0.221,0
6.71,4,0.349,0.894,332,0,0,0.076,0
35.06,3,0.136,0.831,471,0,0,0.124,0
64.45,2,0.579,0.977,382,0,0,0.216,0
24.52,2,0.188,0.958,485,0,0,0.19,0
23.8,2,0.273,0.853,392,0,1,0.34,0
31.99,2,0.321,0.8,195,0,0,0.404,0
91.97,2,0.101,0.477,42,0,1,0.169,0
54.27,3,0.395,0.519,778,0,0,0.214,0
5.69,3,0.284,0.985,753,0,0,0.498,0
6.47,1,0.239,0.898,7,0,1,0.203,0
34.21,2,0.034,0.933,740,0,0,0.128,0
110.33,1,0.261,0.813,70,0,0,0.366,0
5.0,1,0.155,0.478,166,1,1,0.129,0
38.49,5,0.282,0.854,218,0,1,0.377,0
37.38,2,0.322,0.748,460,0,1,0.181,0
307.1,1,0.156,0.832,43,0,0,0.082,0
43.66,1,0.107,0.845,705,0,0,0.122,0
101.62,1,0.219,0.859,1149,0,1,0.122,0
77.9,1,0.28,0.862,1225,0,0,0.191,0
6.4,2,0.187,0.854,43,0,2,0.247,0
155.25,5,0.407,0.827,1012,0,0,0.205,0
84.52,2,0.197,0.904,340,0,3,0.211,0
116.64,1,0.136,0.865,524,1,0,0.069,0
5000.0,3,0.058,0.995,1072,0,0,0.705,0
6.74,1,0.214,0.936,437,0,0,0.626,0
444.6,2,0.34,0.709,249,0,3,0.588,0
48.61,2,0.362,0.81,302,0,0,0.53,1
91.47,2,0.115,0.713,466,0,0,0.625,0
63.43,2,0.229,0.912,1162,0,0,0.176,0
41.82,3,0.09,0.893,887,0,0,0.132,0
35.63,7,0.185,0.819,349,0,0,0.096,0
95.82,7,0.466,0.841,99,0,1,0.129,0
12.57,7,0.036,0.308,175,0,0,0.296,1
152.27,1,0.274,0.829,184,1,0,0.165,0
42.19,3,0.224,0.682,141,0,0,0.207,0
19.24,1,0.088,0.711,554,1,0,0.309,0
40.65,5,0.144,0.854,728,0,2,0.366,0
265.83,2,0.049,0.807,159,0,0,0.225,0
37.01,2,0.073,0.952,753,0,3,0.355,0
98.92,4,0.147,0.961,535,0,0,0.242,0
29.84,1,0.435,0.765,237,0,0,0.358,0
153.5,2,0.099,0.801,484,0,0,0.467,0
141.75,1,0.465,0.932,591,0,1,0.101,0
509.52,2,0.094,0.826,334,0,0,0.154,0
54.98,3,0.491,0.634,239,0,0,0.407,0
139.15,1,0.078,0.956,47,0,0,0.292,1
74.28,4,0.308,0.61,5,0,0,0.204,0
277.4,3,0.08,0.854,1112,0,1,0.583,0
30.24,6,0.174,0.925,129,0,0,0.649,0
151.34,4,0.322,0.925,440,1,0,0.125,0
53.83,4,0.036,0.807,1153,0,1,0.523,0
62.14,2,0.073,0.859,687,0,0,0.613,0
73.77,3,0.187,0.748,57,0,1,0.176,0
88.01,5,0.474,0.885,652,0,0,0.34,1
58.68,3,0.274,0.938,523,0,0,0.41,0
84.45,2,0.29,0.79,164,0,0,0.471,0
378.39,3,0.278,0.892,472,0,0,0.393,0
197.16,6,0.1,0.861,704,0,0,0.097,0
173.48,4,0.406,0.924,142,0,0,0.471,0
40.4,2,0.403,0.744,818,0,0,0.47,0
25.07,5,0.236,0.667,37,0,0,0.253,0
190.72,1,0.016,0.992,304,0,0,0.235,0
174.8,3,0.245,0.25,111,0,0,0.625,0
336.95,3,0.279,0.557,525,0,0,0.596,0
34.32,3,0.445,0.659,81,0,0,0.198,0
51.81,4,0.091,0.958,172,0,2,0.453,0
10.99,3,0.444,0.958,59,0,0,0.62,0
43.31,1,0.144,0.799,673,0,0,0.133,0
199.58,2,0.302,0.88,61,0,2,0.495,0
39.92,2,0.593,0.943,518,0,0,0.264,0
134.9,2,0.085,0.699,496,0,0,0.379,0
54.08,3,0.068,0.948,66,1,0,0.21,0
95.25,3,0.227,0.78,338,0,1,0.166,0
18.87,1,0.107,0.889,279,1,0,0.614,0
73.24,4,0.227,0.367,366,0,0,0.753,0
5.0,2,0.19,0.73,1112,0,1,0.392,0
54.29,3,0.068,0.975,38,0,1,0.715,1
11.09,2,0.587,0.723,692,0,0,0.294,0
251.29,3,0.353,0.901,797,0,0,0.145,0
156.83,5,0.174,0.828,58,1,0,0.224,0
111.42,2,0.053,0.659,431,0,1,0.273,0
355.35,2,0.194,0.875,489,1,2,0.125,0
23.48,4,0.212,0.918,323,0,0,0.281,0
455.82,4,0.15,0.804,284,0,0,0.279,0
185.94,2,0.164,0.918,157,0,0,0.433,0
51.41,3,0.207,0.932,472,0,0,0.327,0
232.57,3,0.078,0.653,139,0,0,0.106,0
19.75,3,0.501,0.899,251,0,0,0.409,1
26.92,2,0.146,0.507,783,0,0,0.123,0
34.14,3,0.163,0.727,42,0,0,0.265,0
37.27,2,0.149,0.928,305,1,0,0.614,0
20.86,2,0.163,0.956,271,0,1,0.149,0
256.05,3,0.488,0.901,195,1,1,0.271,0
50.16,3,0.313,0.861,369,0,0,0.219,0
98.27,1,0.3,0.83,11,0,3,0.184,0
35.61,4,0.215,0.866,276,0,0,0.071,0
9.0,4,0.228,0.615,270,0,0,0.356,0
89.75,2,0.044,0.629,295,0,0,0.51,0
8.14,4,0.237,0.383,100,0,0,0.134,0
61.84,5,0.426,0.609,98,0,1,0.142,0
14.8,4,0.086,0.287,421,1,0,0.302,0
593.48,4,0.163,0.921,43,0,0,0.239,0
181.73,2,0.185,0.789,151,0,0,0.379,0
74.91,1,0.409,0.894,715,1,1,0.075,0
267.76,3,0.219,0.888,48,0,0,0.502,0
26.29,3,0.219,0.9,257,1,0,0.088,0
121.25,2,0.303,0.8,446,0,0,0.307,0
83.08,5,0.33,0.929,66,0,0,0.432,0
89.16,6,0.097,0.652,154,0,0,0.335,0
270.32,2,0.077,0.784,332,0,0,0.17,0
149.27,4,0.317,0.881,163,0,0,0.354,0
91.62,4,0.202,0.928,51,0,0,0.172,0
10.8,6,0.028,0.827,110,0,0,0.128,0
23.2,3,0.074,0.729,51,0,0,0.514,0
58.27,3,0.126,0.732,1648,0,0,0.419,0
73.9,4,0.202,0.838,112,1,3,0.402,0
19.24,3,0.434,0.847,307,0,0,0.249,0
946.57,3,0.159,0.646,228,0,0,0.4,0
353.55,3,0.239,0.872,342,0,0,0.495,0
129.33,2,0.346,0.892,280,0,0,0.164,1
72.19,5,0.225,0.796,524,0,0,0.544,0
52.8,3,0.008,0.853,830,0,1,0.552,0
23.4,5,0.491,0.611,139,0,0,0.436,0
72.62,3,0.16,0.8,86,0,3,0.286,1
88.55,5,0.196,0.869,1667,0,0,0.398,0
17.01,5,0.188,0.909,809,0,0,0.261,0
96.31,1,0.073,0.882,185,0,1,0.162,0
56.22,2,0.238,0.813,905,0,0,0.38,0
8.18,3,0.185,0.543,449,0,1,0.482,0
25.88,3,0.263,0.739,235,0,0,0.17,0
42.31,2,0.257,0.8,831,0,0,0.219,0
531.9,1,0.338,0.659,454,0,2,0.12,0
123.0,2,0.511,0.747,705,0,0,0.06,0
15.35,4,0.089,0.906,221,1,0,0.163,0
113.82,2,0.186,0.611,646,0,0,0.243,0
12.16,2,0.126,0.68,187,1,0,0.466,0
219.41,4,0.369,0.671,536,0,2,0.435,0
39.72,2,0.164,0.926,233,0,0,0.148,0
60.16,3,0.023,0.811,212,0,0,0.329,0
286.68,2,0.144,0.694,642,0,0,0.19,0
16.19,2,0.058,0.93,58,0,0,0.313,0
14.34,3,0.196,0.819,1058,0,0,0.059,0
35.09,4,0.286,0.852,289,0,0,0.236,0
208.98,3,0.198,0.897,409,0,0,0.246,0
12.54,1,0.277,0.805,212,0,0,0.5,0
5.0,2,0.075,0.882,420,0,0,0.514,0
40.6,3,0.116,0.895,499,0,0,0.469,0
122.35,1,0.262,0.706,816,1,1,0.177,0
249.71,3,0.175,0.972,775,0,1,0.52,0
40.07,3,0.251,0.968,182,0,3,0.489,0
42.41,2,0.268,0.889,387,0,0,0.211,0
237.29,8,0.345,0.668,611,0,0,0.488,0
8.53,1,0.092,0.712,584,0,0,0.115,0
43.49,3,0.155,0.744,891,0,0,0.432,0
82.23,1,0.396,0.626,718,0,2,0.299,0
109.3,5,0.449,0.897,511,0,0,0.334,0
38.06,3,0.039,0.791,557,0,0,0.509,0
69.26,3,0.524,0.837,663,1,0,0.188,1
5.0,1,0.566,0.871,732,0,0,0.292,0
32.33,3,0.12,0.871,178,0,0,0.222,0
109.82,3,0.018,0.847,613,0,1,0.108,0
22.63,5,0.379,0.943,1197,0,0,0.318,0
71.16,3,0.129,0.821,111,0,1,0.132,0
109.02,3,0.321,0.961,24,0,0,0.318,0
45.75,3,0.422,0.931,35,0,1,0.173,0
80.44,1,0.162,0.89,102,1,0,0.395,0
23.13,5,0.089,0.868,1014,0,0,0.501,0
53.13,3,0.062,0.891,59,0,0,0.04,0
130.48,7,0.268,0.739,555,0,1,0.615,0
79.25,4,0.24,0.68,812,0,0,0.291,0
34.98,3,0.086,0.638,844,0,0,0.763,0
85.34,3,0.388,0.889,220,0,2,0.418,0
146.36,3,0.352,0.742,278,0,0,0.602,0
6.99,6,0.04,0.848,161,0,3,0.75,0
238.65,1,0.172,0.902,68,0,0,0.137,0
46.07,2,0.326,0.667,100,0,0,0.271,0
106.49,4,0.153,0.653,62,0,0,0.555,0
248.88,3,0.071,0.565,214,0,0,0.438,0
14.75,3,0.227,0.548,79,0,0,0.599,0
30.56,2,0.081,0.535,211,0,0,0.107,0
48.55,3,0.288,0.961,767,1,0,0.172,0
28.16,2,0.278,0.505,430,1,1,0.02,0
449.63,2,0.135,0.748,439,0,0,0.491,0
25.99,5,0.198,0.801,673,0,0,0.507,0
36.19,4,0.357,0.898,21,0,0,0.188,0
83.5,3,0.48,0.975,637,0,0,0.162,0
17.77,2,0.201,0.648,92,0,1,0.34,0
43.15,2,0.29,0.697,174,0,0,0.296,0
94.56,2,0.19,0.403,152,0,0,0.367,0
46.24,5,0.133,0.627,49,0,0,0.237,0
60.18,5,0.286,0.911,81,1,1,0.165,0
37.25,4,0.083,0.682,1257,0,0,0.406,0
12.6,3,0.211,0.781,371,0,0,0.316,0
94.99,2,0.124,0.672,261,0,3,0.398,0
459.63,3,0.298,0.878,572,0,2,0.229,0
68.05,3,0.241,0.976,677,0,0,0.347,0
85.44,2,0.209,0.753,51,0,1,0.171,0
142.88,2,0.035,0.933,545,0,0,0.471,0
16.51,4,0.238,0.899,1082,0,0,0.306,0
433.88,3,0.353,0.894,357,0,1,0.173,0
83.31,2,0.363,0.936,385,0,0,0.608,0
401.43,3,0.314,0.939,822,0,0,0.047,0
29.77,3,0.046,0.765,460,0,0,0.32,0
492.68,5,0.066,0.866,2146,0,0,0.558,0
156.44,2,0.457,0.697,137,0,0,0.189,0
122.53,1,0.059,0.694,751,0,0,0.169,0
86.27,2,0.197,0.717,384,0,0,0.465,0
50.74,1,0.448,0.873,187,1,0,0.425,0
249.78,2,0.101,0.704,863,0,0,0.415,0
77.82,1,0.123,0.989,2239,0,0,0.054,0
7.66,1,0.104,0.866,28,0,0,0.306,0
19.51,2,0.143,0.655,1043,1,0,0.441,0
54.36,4,0.507,0.866,95,0,0,0.516,0
93.78,1,0.353,0.871,96,0,0,0.21,0
62.66,2,0.157,0.794,22,0,0,0.195,0
254.9,4,0.373,0.792,1026,0,1,0.721,0
7.8,4,0.4,0.826,574,0,2,0.138,0
78.1,6,0.443,0.727,26,0,0,0.324,0
9.03,3,0.521,0.873,406,0,0,0.371,0
153.8,2,0.224,0.547,56,0,0,0.266,0
60.11,3,0.195,0.822,561,1,0,0.267,0
105.8,1,0.113,0.664,215,0,0,0.489,0
25.78,6,0.146,0.866,26,0,0,0.544,0
272.44,2,0.369,0.811,712,0,0,0.061,0
209.75,2,0.076,0.759,344,0,0,0.486,0
126.71,2,0.097,0.883,597,0,0,0.54,0
57.83,3,0.386,0.931,453,0,0,0.297,0
126.2,2,0.133,0.696,232,0,0,0.492,0
30.64,3,0.187,0.963,484,0,0,0.21,1
170.91,5,0.271,0.63,10,0,0,0.157,0
409.29,4,0.605,0.718,171,0,0,0.175,0
216.52,3,0.028,0.936,606,0,1,0.172,0
29.89,2,0.219,0.731,580,0,0,0.123,0
99.24,4,0.182,0.839,878,1,0,0.217,1
16.08,1,0.107,0.514,382,0,0,0.154,0
125.16,1,0.207,0.95,1145,0,0,0.167,0
109.47,3,0.325,0.903,331,0,0,0.312,0
8.53,3,0.123,0.802,282,0,0,0.342,0
18.58,3,0.191,0.742,92,0,1,0.133,0
48.84,5,0.26,0.839,608,0,0,0.287,0
47.9,4,0.173,0.832,476,0,1,0.28,0
17.63,4,0.413,0.872,252,0,2,0.118,0
102.3,1,0.187,0.819,41,0,0,0.348,0
87.94,3,0.217,0.959,58,0,0,0.233,0
53.86,3,0.53,0.736,53,0,0,0.45,0
29.04,2,0.075,0.404,193,1,0,0.112,0
211.36,2,0.129,0.897,74,0,0,0.097,0
411.97,2,0.148,0.953,793,0,0,0.065,0
39.18,1,0.158,0.929,923,0,0,0.123,1
34.01,3,0.074,0.948,782,0,0,0.587,0
114.47,5,0.197,0.838,380,0,0,0.256,0
44.98,3,0.476,0.981,367,0,0,0.243,0
57.21,1,0.355,0.954,891,0,0,0.184,0
150.45,2,0.424,0.766,213,0,0,0.178,0
8.16,4,0.069,0.996,30,0,0,0.137,0
284.33,4,0.02,0.872,259,0,1,0.167,0
72.24,5,0.077,0.96,327,1,0,0.087,0
42.41,4,0.026,0.581,323,0,3,0.317,0
60.45,1,0.125,0.628,74,0,0,0.162,0
63.99,4,0.479,0.796,616,0,0,0.239,0
9.93,2,0.529,0.573,531,0,1,0.377,0
345.31,4,0.23,0.802,109,0,0,0.053,0
69.79,4,0.302,0.683,325,0,1,0.111,0
108.56,2,0.556,0.636,629,0,0,0.076,1
189.94,2,0.061,0.813,8,0,3,0.703,1
21.69,1,0.345,0.902,133,0,0,0.153,0
112.26,1,0.206,0.929,260,0,0,0.217,0
49.68,2,0.243,0.954,750,0,0,0.317,0
169.26,2,0.051,0.839,646,1,0,0.199,0
6.42,2,0.063,0.877,70,0,1,0.399,0
59.8,4,0.085,0.734,253,0,0,0.485,0
34.36,1,0.103,0.99,150,0,0,0.16,0
107.29,3,0.077,0.94,210,0,1,0.651,0
111.84,2,0.107,0.758,316,0,0,0.398,0
30.62,3,0.118,0.764,281,0,2,0.139,0
30.47,2,0.224,0.993,66,0,2,0.388,0
59.04,2,0.179,0.725,56,0,0,0.073,0
24.87,2,0.742,0.564,60,0,4,0.069,1
168.37,3,0.154,0.815,741,0,0,0.568,0
44.43,3,0.275,0.901,13,0,0,0.268,0
5.0,3,0.319,0.791,95,0,0,0.271,0
44.15,3,0.729,0.515,1253,1,2,0.499,1
21.28,2,0.305,0.713,32,0,0,0.522,0
11.09,2,0.266,0.566,19,0,2,0.341,0
17.1,3,0.261,0.893,200,0,0,0.254,0
75.21,3,0.024,0.877,70,1,0,0.456,0
287.58,4,0.36,0.64,338,0,0,0.467,0
94.11,3,0.276,0.893,170,0,0,0.262,0
34.22,2,0.05,0.909,98,0,1,0.429,0
110.11,3,0.502,0.884,2634,0,0,0.153,0
40.25,3,0.016,0.964,171,1,1,0.419,0
31.06,3,0.129,0.969,414,0,0,0.225,0
18.73,3,0.382,0.809,833,0,0,0.394,0
9.71,3,0.098,0.781,1027,0,0,0.442,0
43.43,2,0.149,0.765,216,0,0,0.249,0
79.35,1,0.343,0.937,1499,0,2,0.364,0
59.96,2,0.204,0.734,520,0,0,0.433,0
42.2,6,0.387,0.981,355,0,0,0.093,0
23.56,5,0.217,0.705,477,0,0,0.265,0
130.2,4,0.133,0.705,183,1,0,0.531,0
15.66,3,0.123,0.946,225,0,4,0.398,0
156.59,2,0.132,0.887,358,0,1,0.41,1
22.14,2,0.054,0.768,163,0,0,0.224,0
29.15,3,0.213,0.472,590,0,0,0.567,0
13.28,2,0.139,0.87,120,0,0,0.445,0
38.42,1,0.155,0.714,642,0,0,0.15,0
194.97,2,0.408,0.457,71,0,0,0.163,0
117.59,2,0.236,0.84,103,0,0,0.778,0
195.64,1,0.407,0.703,564,0,1,0.312,0
118.43,4,0.034,0.899,127,0,3,0.739,0
19.81,2,0.385,0.92,639,0,0,0.395,0
46.35,2,0.127,0.877,617,0,0,0.233,0
28.27,1,0.156,0.848,123,0,0,0.112,0
288.19,2,0.136,0.774,35,0,0,0.318,0
17.88,2,0.486,0.824,77,1,0,0.259,0
178.23,3,0.594,0.754,563,0,0,0.136,0
178.08,2,0.37,0.821,755,0,1,0.73,0
498.99,2,0.631,0.783,198,0,0,0.304,0
42.49,2,0.42,0.62,76,1,0,0.224,0
145.99,2,0.089,0.659,36,0,1,0.167,0
820.42,3,0.297,0.7,102,0,0,0.283,1
33.8,4,0.34,0.182,1563,0,0,0.258,0
12.32,2,0.686,0.474,79,0,0,0.1,0
8.43,4,0.401,0.89,41,0,0,0.239,0
146.05,1,0.089,0.472,620,0,0,0.306,0
8.4,4,0.152,0.413,387,0,0,0.313,0
44.28,4,0.236,0.687,311,0,0,0.316,0
107.88,2,0.325,0.803,242,0,0,0.166,0
81.75,5,0.281,0.78,489,0,1,0.239,0
106.48,1,0.416,0.926,484,0,0,0.701,0
85.16,1,0.239,0.954,225,0,0,0.877,0
272.26,4,0.079,0.822,111,0,1,0.233,0
23.39,4,0.121,0.907,741,1,0,0.23,0
31.67,3,0.21,0.839,76,0,0,0.206,0
28.5,2,0.234,0.952,310,0,0,0.168,0
166.2,5,0.054,0.966,476,0,0,0.204,0
179.55,2,0.27,0.784,412,0,0,0.313,0
109.55,3,0.422,0.583,390,0,0,0.144,0
245.14,1,0.051,0.675,439,0,1,0.265,0
18.25,2,0.057,0.844,838,0,0,0.274,0
417.36,5,0.488,0.881,186,0,0,0.72,0
356.22,5,0.247,0.89,399,0,0,0.17,0
149.78,3,0.345,0.841,482,0,0,0.616,0
473.42,2,0.123,0.605,361,0,0,0.441,0
10.78,2,0.093,0.749,938,0,0,0.627,0
37.45,1,0.413,0.497,430,0,0,0.584,0
29.7,4,0.045,0.897,225,0,0,0.539,0
147.47,3,0.53,0.948,752,0,1,0.332,0
21.01,6,0.124,0.605,273,0,3,0.419,0
153.43,7,0.026,0.722,307,0,1,0.219,0
301.14,4,0.247,0.778,354,0,3,0.084,0
143.27,3,0.025,0.814,160,0,0,0.12,0
91.12,4,0.408,0.989,517,0,0,0.063,0
22.5,2,0.389,0.84,46,0,0,0.645,0
26.27,2,0.012,0.815,817,0,0,0.479,0
263.64,4,0.266,0.931,566,0,0,0.155,0
157.16,3,0.18,0.779,179,0,0,0.173,0
63.88,1,0.372,0.699,107,0,0,0.542,0
42.11,2,0.224,0.855,201,0,0,0.838,0
7.18,1,0.451,0.679,659,0,0,0.08,0
20.53,3,0.026,0.654,17,1,0,0.302,0
545.97,3,0.203,0.745,257,0,0,0.522,0
16.31,3,0.071,0.53,122,0,0,0.133,0
82.14,2,0.32,0.935,836,0,1,0.394,0
201.98,3,0.155,0.698,218,0,0,0.338,0
16.77,6,0.277,0.938,483,0,0,0.361,0
81.71,2,0.041,0.986,182,0,0,0.488,0
187.11,1,0.191,0.864,165,0,0,0.148,0
67.61,3,0.184,0.779,162,0,0,0.266,0
1564.38,1,0.115,0.886,458,1,0,0.464,1
10.64,4,0.141,0.84,1337,0,3,0.608,0
213.71,2,0.291,0.943,98,0,0,0.54,1
55.14,1,0.429,0.888,418,0,1,0.61,0
155.88,4,0.414,0.595,128,0,1,0.716,0
108.36,5,0.407,0.927,323,1,0,0.558,0
29.77,2,0.046,0.933,317,0,0,0.322,0
85.79,1,0.309,0.784,244,0,1,0.542,1
8.64,1,0.329,0.814,281,0,0,0.301,0
129.49,2,0.079,0.894,853,0,2,0.707,0
92.57,3,0.222,0.887,42,1,4,0.124,0
134.63,2,0.022,0.529,714,1,0,0.89,0
213.56,4,0.569,0.727,253,0,0,0.052,0
99.92,5,0.173,0.931,167,1,0,0.542,0
78.48,3,0.263,0.868,82,0,0,0.248,0
25.3,4,0.247,0.951,679,0,0,0.59,0
30.46,2,0.193,0.873,363,0,0,0.085,0
246.02,2,0.126,0.79,526,0,0,0.4,0
323.75,5,0.22,0.846,156,0,0,0.361,0
51.32,3,0.04,0.839,204,0,0,0.789,0
70.15,3,0.173,0.599,984,0,0,0.161,0
24.65,3,0.285,0.895,1304,0,0,0.436,0
242.27,3,0.708,0.956,543,0,2,0.176,1
138.65,2,0.096,0.964,558,0,0,0.253,0
564.16,4,0.179,0.767,479,0,0,0.266,0
25.38,3,0.41,0.816,358,0,0,0.448,0
44.0,3,0.18,0.827,366,0,0,0.307,0
86.02,3,0.126,0.854,1332,0,2,0.302,0
135.79,5,0.23,0.695,560,0,0,0.093,0
52.6,3,0.075,0.652,431,0,0,0.216,0
25.53,5,0.458,0.958,88,1,1,0.31,0
175.84,2,0.533,0.924,1515,1,0,0.216,0
147.41,2,0.412,0.869,298,0,0,0.085,0
24.34,2,0.152,0.911,1155,0,0,0.471,0
296.19,3,0.304,0.813,505,0,0,0.547,0
241.58,2,0.145,0.85,21,1,0,0.143,0
77.3,2,0.236,0.566,314,0,0,0.245,0
72.79,3,0.184,0.906,897,0,0,0.155,0
122.67,3,0.078,0.83,26,0,0,0.139,0
25.85,3,0.094,0.939,811,0,0,0.406,0
68.93,3,0.089,0.689,385,0,0,0.243,0
6.25,3,0.122,0.885,23,0,0,0.182,0
174.88,7,0.105,0.773,192,1,1,0.279,0
11.97,3,0.477,0.854,17,0,0,0.397,0
348.54,2,0.198,0.862,5,0,0,0.348,0
46.38,4,0.082,0.839,911,0,0,0.327,0
52.83,2,0.263,0.664,557,0,2,0.288,0
33.43,6,0.036,0.919,141,0,0,0.502,0
48.58,3,0.129,0.628,53,0,0,0.359,0
317.47,2,0.424,0.644,27,0,0,0.311,0
5.0,2,0.165,0.923,1001,0,1,0.29,0
271.69,3,0.173,0.65,397,0,0,0.304,0
96.72,1,0.104,0.923,75,0,0,0.263,0
17.68,6,0.331,0.923,462,0,0,0.325,0
20.43,4,0.231,0.687,2726,1,0,0.146,0
421.59,2,0.371,0.974,625,0,1,0.442,0
23.57,5,0.476,0.59,241,0,0,0.305,0
18.75,1,0.039,0.825,678,0,2,0.321,0
233.0,3,0.074,0.842,550,0,0,0.323,0
96.78,1,0.227,0.754,42,0,1,0.019,0
23.77,4,0.049,0.884,1044,1,0,0.276,0
84.63,1,0.243,0.787,867,0,0,0.605,0
21.58,4,0.246,0.582,362,0,0,0.083,0
223.83,1,0.07,0.448,288,0,0,0.227,0
214.33,3,0.232,0.917,108,0,0,0.171,0
119.73,3,0.32,0.702,724,0,2,0.176,0
99.27,4,0.136,0.749,231,0,0,0.893,0
462.81,2,0.124,0.82,351,0,1,0.338,0
66.66,5,0.251,0.597,79,0,0,0.352,0
18.17,1,0.629,0.754,101,0,0,0.208,0
109.34,3,0.668,0.796,1690,0,0,0.176,0
661.59,1,0.352,0.779,277,0,2,0.264,1
21.84,1,0.106,0.749,681,0,0,0.406,0
44.81,7,0.284,0.903,713,0,0,0.288,0
105.43,3,0.208,0.743,1601,0,1,0.146,0
62.85,2,0.248,0.902,1632,0,1,0.371,0
22.63,3,0.087,0.859,249,0,0,0.607,0
229.07,5,0.145,0.722,1205,0,2,0.639,0
855.81,2,0.059,0.557,186,0,0,0.102,0
82.74,6,0.016,0.958,379,0,0,0.562,0
24.67,2,0.21,0.86,694,0,0,0.38,0
12.14,1,0.315,0.966,985,0,1,0.192,0
88.57,2,0.179,0.965,301,0,0,0.564,1
224.59,2,0.22,0.747,221,0,2,0.57,0
112.47,1,0.224,0.888,526,0,1,0.592,0
66.51,5,0.062,0.545,248,0,1,0.391,0
34.88,2,0.284,0.626,450,0,2,0.578,0
20.06,3,0.467,0.396,657,0,1,0.168,0
167.04,4,0.082,0.902,740,0,0,0.402,0
182.21,2,0.085,0.722,122,0,0,0.358,0
12.18,5,0.362,0.884,343,0,0,0.114,0
383.3,3,0.028,0.905,15,0,0,0.136,0
125.4,3,0.397,0.546,644,0,1,0.428,0
310.93,4,0.06,0.923,58,0,2,0.285,0
15.24,5,0.213,0.927,826,0,0,0.511,0
14.84,4,0.104,0.57,213,0,0,0.307,0
56.61,4,0.391,0.966,78,0,0,0.251,0
115.94,2,0.19,0.559,640,0,0,0.235,0
481.06,2,0.194,0.974,94,0,0,0.266,0
144.99,4,0.545,0.79,205,0,0,0.47,1
51.06,3,0.267,0.922,339,0,0,0.897,0
21.56,4,0.148,0.954,183,0,0,0.525,0
258.01,1,0.152,0.887,83,0,0,0.08,0
23.08,1,0.323,0.777,213,0,0,0.304,0
399.94,3,0.085,0.892,67,1,0,0.302,0
48.77,3,0.096,0.59,512,1,0,0.144,0
383.62,3,0.115,0.869,80,0,0,0.604,0
140.73,2,0.206,0.904,268,0,1,0.23,0
57.36,3,0.126,0.835,333,0,0,0.291,0
37.66,3,0.153,0.92,1165,0,3,0.248,0
45.83,2,0.194,0.813,37,0,0,0.198,0
106.82,3,0.139,0.716,1071,0,0,0.613,0
72.59,5,0.169,0.883,98,0,1,0.196,1
34.7,4,0.148,0.908,740,0,0,0.25,0
55.58,1,0.152,0.951,42,0,0,0.48,0
72.71,5,0.379,0.356,1798,0,0,0.165,1
6.41,3,0.097,0.874,664,0,0,0.134,0
110.39,3,0.125,0.743,31,0,0,0.38,0
22.7,2,0.295,0.793,101,1,0,0.308,0
18.75,5,0.117,0.597,323,0,0,0.237,0
10.42,1,0.136,0.94,301,0,1,0.061,0
9.27,2,0.082,0.855,401,0,1,0.35,0
15.01,2,0.413,0.754,254,0,0,0.77,0
30.57,2,0.188,0.757,534,1,2,0.046,0
571.68,3,0.131,0.832,176,0,0,0.498,0
37.39,2,0.204,0.868,82,0,0,0.43,0
81.09,2,0.079,0.942,18,0,0,0.133,0
103.6,2,0.124,0.561,162,1,0,0.159,0
77.03,4,0.227,0.992,227,0,2,0.205,0
61.24,1,0.169,0.945,435,0,0,0.411,0
17.91,2,0.058,0.512,661,0,0,0.533,0
328.99,2,0.087,0.818,114,0,1,0.29,0
486.83,3,0.05,0.65,276,0,2,0.193,0
10.48,2,0.171,0.688,111,0,0,0.334,0
21.62,4,0.322,0.784,1212,0,1,0.263,0
49.02,2,0.088,0.873,422,0,0,0.292,0
23.08,3,0.384,0.6,458,0,0,0.111,0
116.35,5,0.298,0.819,308,0,1,0.245,0
29.93,3,0.106,0.478,137,0,0,0.149,0
721.67,1,0.087,0.74,94,0,0,0.193,0
247.05,1,0.189,0.828,432,1,0,0.181,0
84.25,3,0.042,0.681,1023,0,0,0.397,0
206.37,5,0.669,0.609,100,0,0,0.098,0
225.09,1,0.057,0.983,344,0,0,0.352,0
35.86,1,0.113,0.894,306,0,4,0.594,0
27.17,1,0.344,0.848,415,1,0,0.263,0
72.67,2,0.071,0.791,359,0,0,0.384,0
172.05,1,0.35,0.981,132,0,1,0.384,0
77.71,1,0.048,0.708,475,0,0,0.281,0
11.77,2,0.06,0.744,132,0,0,0.244,0
27.57,3,0.208,0.976,428,0,0,0.206,0
61.47,2,0.17,0.703,147,0,0,0.529,0
61.36,4,0.177,0.723,39,0,0,0.351,0
583.94,3,0.204,0.919,59,0,0,0.155,0
14.52,2,0.147,0.708,723,0,0,0.581,0
116.3,3,0.24,0.893,56,0,0,0.353,0
343.1,3,0.392,0.606,165,1,0,0.36,0
811.26,2,0.141,0.924,140,0,1,0.407,0
42.74,4,0.447,0.822,28,0,0,0.346,0
114.5,2,0.118,0.655,371,0,0,0.317,0
124.8,2,0.237,0.825,646,0,0,0.485,0
82.68,2,0.141,0.61,1953,0,0,0.578,0
59.82,1,0.213,0.726,1104,0,0,0.223,0
107.72,2,0.016,0.867,25,0,0,0.181,0
5.0,3,0.016,0.871,124,0,2,0.389,0
141.21,1,0.587,0.968,217,0,3,0.514,0
76.62,1,0.078,0.89,836,0,0,0.492,0
52.21,4,0.397,0.89,183,0,0,0.386,0
633.68,1,0.532,0.826,342,0,0,0.278,0
31.74,3,0.106,0.972,436,0,1,0.337,0
42.8,4,0.262,0.58,146,0,0,0.256,0
596.28,2,0.228,0.761,353,0,0,0.424,0
26.7,4,0.239,0.82,25,0,0,0.237,0
36.41,2,0.157,0.954,266,0,0,0.429,0
56.73,2,0.339,0.968,195,0,0,0.175,0
168.14,1,0.212,0.625,180,0,0,0.41,0
83.81,3,0.094,0.607,112,0,4,0.22,0
16.09,1,0.38,0.544,685,0,0,0.204,0
37.14,7,0.165,0.828,859,0,0,0.448,0
34.19,3,0.661,0.59,881,0,0,0.269,0
61.26,1,0.137,0.668,206,0,0,0.265,0
106.53,4,0.031,0.787,124,0,0,0.339,0
105.64,2,0.197,0.784,46,1,1,0.241,0
9.45,2,0.195,0.875,451,0,2,0.796,0
214.93,3,0.43,0.931,165,0,0,0.254,1
88.04,3,0.53,0.909,134,0,0,0.391,0
305.82,2,0.104,0.883,190,0,0,0.365,0
108.7,3,0.085,0.931,328,0,2,0.446,0
223.96,2,0.209,0.923,75,0,0,0.664,0
111.41,5,0.19,0.835,1306,0,0,0.242,0
293.2,1,0.076,0.633,532,0,0,0.468,0
118.45,3,0.252,0.937,24,0,1,0.255,0
59.88,2,0.169,0.728,151,0,0,0.231,0
812.14,1,0.154,0.658,25,0,0,0.293,0
177.32,1,0.504,0.889,109,0,0,0.407,0
125.35,2,0.209,0.943,140,0,0,0.395,0
16.38,2,0.606,0.888,511,0,0,0.573,0
16.17,2,0.213,0.974,512,1,0,0.224,0
92.02,2,0.173,0.893,23,0,0,0.097,0
78.26,4,0.058,0.733,359,0,3,0.472,0
33.94,4,0.091,0.424,1301,0,0,0.254,0
77.87,4,0.157,0.778,400,0,0,0.19,0
382.79,1,0.45,0.9,1298,0,0,0.513,0
143.3,2,0.045,0.862,196,0,0,0.736,0
19.01,2,0.422,0.4,251,0,0,0.08,0
58.99,2,0.046,0.857,278,0,1,0.724,0
27.51,2,0.361,0.743,1035,0,0,0.255,0
43.53,2,0.099,0.93,196,0,0,0.057,0
42.31,4,0.298,0.97,1644,0,0,0.571,0
39.43,3,0.199,0.844,318,0,0,0.779,0
16.77,6,0.156,0.57,103,0,0,0.283,0
57.95,2,0.081,0.688,48,0,2,0.084,1
35.99,2,0.369,0.84,80,0,0,0.455,0
5.0,3,0.092,0.571,21,0,1,0.13,0
637.96,1,0.058,0.859,476,0,0,0.788,0
220.89,3,0.465,0.895,296,0,0,0.23,0
44.08,2,0.399,0.817,540,0,1,0.68,0
68.08,2,0.367,0.647,614,0,0,0.429,0
18.38,3,0.03,0.948,1076,0,0,0.399,0
430.65,2,0.133,0.732,54,0,1,0.188,0
537.55,1,0.034,0.884,87,0,0,0.504,0
79.23,2,0.198,0.902,322,0,0,0.456,0
205.59,2,0.244,0.715,60,0,1,0.172,0
80.87,4,0.4,0.907,43,0,0,0.151,0
15.33,2,0.162,0.61,444,0,0,0.76,0
42.39,1,0.092,0.827,520,0,0,0.384,0
77.1,4,0.215,0.88,746,0,0,0.347,0
40.45,1,0.079,0.895,994,0,0,0.305,0
52.43,4,0.403,0.889,238,0,0,0.118,0
60.31,3,0.247,0.801,1567,0,2,0.385,0
61.01,3,0.245,0.841,20,0,0,0.136,0
70.63,2,0.502,0.913,821,0,1,0.398,0
20.77,5,0.238,0.822,160,0,0,0.381,0
30.3,2,0.05,0.697,1023,0,0,0.387,0
16.23,1,0.079,0.754,105,1,0,0.275,0
195.51,6,0.228,0.821,545,0,0,0.386,0
6.58,4,0.095,0.653,226,0,1,0.149,0
237.21,4,0.284,0.809,197,0,0,0.352,0
306.43,2,0.385,0.632,29,0,0,0.291,0
47.83,5,0.128,0.879,494,0,0,0.135,0
5.0,1,0.063,0.713,82,0,0,0.388,0
44.82,2,0.055,0.906,253,1,0,0.501,0
62.14,3,0.332,0.746,65,0,2,0.153,0
21.94,1,0.153,0.469,376,0,1,0.217,0
37.84,3,0.28,0.549,110,0,0,0.389,0
358.96,2,0.115,0.836,365,0,0,0.488,0
138.58,3,0.066,0.97,1177,0,0,0.418,0
24.12,7,0.199,0.606,1019,0,0,0.35,0
11.5,4,0.283,0.86,94,0,0,0.566,0
46.54,4,0.46,0.962,46,1,2,0.287,0
52.73,3,0.099,0.862,22,1,1,0.076,0
115.1,3,0.278,0.542,710,0,0,0.064,0
37.01,4,0.249,0.739,119,0,2,0.572,0
117.06,2,0.397,0.993,138,0,1,0.106,0
560.41,5,0.2,0.888,107,0,2,0.302,0
163.54,5,0.073,0.591,738,0,0,0.209,0
63.25,6,0.308,0.899,1548,0,0,0.067,0
54.52,1,0.046,0.949,567,0,0,0.277,0
45.04,2,0.676,0.814,698,0,0,0.397,0
244.38,1,0.507,0.961,392,0,0,0.265,0
33.45,2,0.137,0.926,305,0,0,0.279,0
70.09,2,0.248,0.809,516,0,1,0.308,0
70.55,2,0.29,0.768,19,0,0,0.58,0
38.4,1,0.385,0.731,30,0,0,0.081,0
14.74,2,0.097,0.928,469,0,2,0.403,0
95.13,4,0.072,0.875,168,0,1,0.162,0
62.36,2,0.229,0.536,273,0,1,0.7,0
115.61,2,0.157,0.908,614,0,0,0.062,0
37.08,2,0.089,0.633,349,0,0,0.065,0
255.42,4,0.019,0.586,659,0,0,0.224,0
25.42,5,0.301,0.464,222,0,0,0.149,0
438.45,3,0.281,0.776,140,0,0,0.145,0
9.75,5,0.532,0.982,112,0,1,0.086,0
107.58,3,0.257,0.688,61,0,0,0.731,0
112.5,2,0.503,0.829,19,0,0,0.086,0
27.8,3,0.29,0.696,26,0,0,0.447,0
106.36,2,0.289,0.833,131,0,0,0.097,0
272.45,1,0.245,0.689,135,0,0,0.107,0
5.82,2,0.13,0.793,197,0,0,0.713,1
115.93,6,0.097,0.934,363,0,0,0.137,0
5.0,2,0.326,0.767,574,0,0,0.653,0
23.05,3,0.318,0.687,93,0,0,0.042,0
400.25,3,0.345,0.915,574,0,0,0.098,0
35.16,4,0.247,0.794,64,0,0,0.578,0
18.33,4,0.263,0.905,1797,0,0,0.11,0
53.64,2,0.207,0.77,139,0,0,0.135,0
648.52,4,0.013,0.934,731,0,0,0.485,0
8.89,2,0.287,0.883,89,0,2,0.292,0
20.98,4,0.1,0.91,1208,0,0,0.41,0
346.25,6,0.033,0.692,705,1,0,0.227,0
514.64,3,0.092,0.638,183,0,0,0.345,0
59.51,2,0.356,0.651,223,0,0,0.617,0
17.07,1,0.346,0.834,6,0,0,0.281,0
668.76,2,0.078,0.856,120,0,0,0.299,0
385.25,4,0.038,0.821,141,0,0,0.318,0
140.73,5,0.188,0.901,246,0,1,0.217,0
27.29,2,0.43,0.631,64,0,1,0.441,0
63.19,5,0.165,0.867,265,1,0,0.69,0
55.9,3,0.071,0.821,446,0,1,0.266,0
95.96,1,0.374,0.816,190,1,3,0.375,0
329.01,4,0.543,0.745,110,0,3,0.004,0
175.45,1,0.141,0.828,322,0,0,0.416,0
20.39,4,0.349,0.821,16,0,0,0.212,0
303.13,3,0.276,0.431,171,0,0,0.012,0
94.11,6,0.173,0.864,304,0,4,0.357,0
141.99,5,0.123,0.824,168,0,0,0.31,0
334.69,3,0.493,0.841,174,1,0,0.175,0
19.63,4,0.177,0.754,759,0,0,0.169,0
64.11,2,0.075,0.975,1092,0,0,0.547,0
37.17,3,0.097,0.922,707,0,1,0.375,0
11.89,2,0.244,0.662,46,0,0,0.591,0
97.65,6,0.118,0.888,141,0,0,0.617,0
1056.5,2,0.288,0.732,501,0,1,0.717,0
8.81,2,0.082,0.833,1470,0,0,0.381,0
64.36,2,0.261,0.888,115,0,0,0.076,0
134.91,2,0.086,0.741,918,0,1,0.296,0
76.35,1,0.518,0.905,542,0,0,0.266,0
58.88,3,0.173,0.89,1645,0,0,0.232,0
15.97,2,0.092,0.824,44,0,0,0.315,0
86.15,4,0.086,0.975,205,0,0,0.249,0
29.01,3,0.497,0.829,265,0,1,0.732,0
6.0,3,0.134,0.801,450,0,0,0.517,0
248.15,3,0.141,0.595,429,0,0,0.657,0
191.37,2,0.114,0.988,952,0,0,0.431,0
70.59,1,0.238,0.875,734,0,0,0.383,0
85.8,2,0.147,0.963,27,0,0,0.132,0
217.4,3,0.291,0.767,271,0,0,0.215,0
85.35,1,0.298,0.924,214,0,0,0.575,0
180.26,5,0.013,0.736,2348,1,1,0.355,0
48.08,2,0.317,0.932,227,0,1,0.36,0
282.36,4,0.348,0.616,464,0,0,0.271,0
94.9,4,0.129,0.629,138,0,0,0.291,0
82.55,2,0.177,0.833,386,0,0,0.623,0
16.49,2,0.166,0.929,97,0,0,0.405,0
91.44,2,0.254,0.96,375,0,0,0.307,0
26.7,4,0.078,0.903,815,0,1,0.507,0
33.05,2,0.032,0.773,12,0,0,0.21,0
27.2,3,0.327,0.888,285,0,0,0.665,0
20.64,1,0.113,0.921,1620,0,0,0.526,0
690.38,2,0.314,0.724,74,1,0,0.499,1
288.44,4,0.276,0.924,86,0,1,0.62,0
551.37,3,0.29,0.949,259,0,0,0.283,0
17.37,4,0.431,0.835,824,0,3,0.649,0
72.12,3,0.089,0.979,335,0,0,0.335,0
16.07,2,0.264,0.955,289,0,0,0.582,0
31.02,2,0.291,0.844,41,0,0,0.438,0
24.29,3,0.17,0.84,1312,0,0,0.206,0
260.74,2,0.112,0.74,175,0,1,0.428,0
43.13,3,0.186,0.843,121,0,0,0.494,0
215.99,2,0.053,0.86,217,0,0,0.117,0
129.61,6,0.016,0.955,218,0,0,0.077,0
840.5,2,0.225,0.665,250,0,0,0.46,0
13.1,3,0.347,0.448,471,0,2,0.694,0
266.44,6,0.322,0.93,814,1,1,0.56,0
235.35,3,0.168,0.889,28,0,0,0.551,0
22.86,1,0.317,0.933,274,0,0,0.206,0
201.91,4,0.359,0.908,218,0,1,0.386,0
96.52,3,0.249,0.923,9,0,1,0.238,0
51.92,2,0.199,0.857,683,0,0,0.153,0
26.94,1,0.038,0.575,49,1,0,0.573,0
30.23,2,0.346,0.806,53,0,0,0.282,0
635.74,4,0.196,0.689,24,1,0,0.66,0
66.74,4,0.26,0.683,94,0,0,0.101,0
157.64,3,0.117,0.909,82,0,0,0.054,0
27.94,1,0.082,0.817,176,0,1,0.483,0
28.28,3,0.43,0.915,435,0,0,0.066,0
219.24,2,0.452,0.814,27,0,0,0.199,0
15.11,4,0.368,0.569,792,0,0,0.134,0
42.24,1,0.385,0.761,163,0,0,0.286,0
69.23,2,0.251,0.881,378,0,0,0.424,0
75.38,4,0.147,0.49,9,0,0,0.4,0
54.76,3,0.3,0.589,187,0,0,0.632,0
103.07,3,0.223,0.712,5,0,0,0.102,0
142.9,3,0.323,0.844,77,0,0,0.3,0
149.62,2,0.215,0.887,242,0,0,0.206,1
22.55,2,0.154,0.98,311,0,1,0.685,0
48.79,3,0.186,0.78,71,1,0,0.144,0
248.2,2,0.106,0.986,551,0,0,0.177,0
178.41,5,0.246,0.809,88,0,2,0.126,0
14.73,4,0.356,0.908,54,0,0,0.151,0
98.16,3,0.14,0.856,167,0,0,0.472,0
7.57,5,0.009,0.767,325,0,0,0.271,0
70.22,4,0.274,0.943,1805,0,0,0.145,0
537.83,3,0.134,0.491,222,0,1,0.25,0
23.51,4,0.306,0.786,227,0,0,0.086,0
26.64,3,0.198,0.996,29,0,0,0.293,0
154.54,4,0.558,0.955,585,0,0,0.182,0
12.22,3,0.005,0.697,85,0,2,0.486,0
33.25,4,0.252,0.717,551,0,0,0.367,0
128.52,2,0.49,0.829,970,0,0,0.296,0
33.19,2,0.147,0.794,589,1,0,0.067,0
51.44,7,0.101,0.675,416,1,0,0.575,1
151.2,1,0.147,0.923,375,0,1,0.443,0
106.03,2,0.014,0.596,246,0,0,0.244,0
89.43,4,0.011,0.972,67,0,0,0.222,0
45.92,2,0.193,0.878,608,0,0,0.136,0
100.19,2,0.224,0.851,264,0,0,0.497,0
58.2,2,0.108,0.393,398,0,0,0.356,0
110.34,1,0.465,0.907,192,0,0,0.747,0
38.6,2,0.122,0.797,94,0,0,0.365,0
54.55,3,0.463,0.943,662,0,1,0.443,0
22.44,2,0.135,0.861,172,1,0,0.55,0
64.17,3,0.087,0.98,811,1,1,0.705,0
27.33,1,0.089,0.992,1354,0,0,0.408,0
19.58,2,0.113,0.476,713,0,0,0.025,0
88.64,3,0.23,0.742,59,0,1,0.458,0
84.27,1,0.157,0.741,777,0,0,0.441,0
157.77,2,0.069,0.752,298,0,0,0.132,1
41.5,5,0.028,0.672,115,0,0,0.198,0
104.47,1,0.12,0.612,44,0,0,0.301,0
122.23,2,0.194,0.697,135,0,1,0.189,0
108.77,2,0.079,0.933,64,0,0,0.172,0
26.89,2,0.289,0.728,15,0,2,0.627,0
78.59,1,0.06,0.825,1766,0,1,0.145,0
99.54,3,0.304,0.895,717,0,0,0.233,0
67.21,4,0.174,0.799,542,0,1,0.115,0
6.72,3,0.034,0.905,90,1,0,0.121,0
79.56,2,0.094,0.954,16,0,1,0.382,0
760.35,4,0.473,0.827,270,0,0,0.202,0
44.88,5,0.118,0.829,546,0,0,0.178,0
29.94,1,0.097,0.674,1321,1,0,0.364,0
100.55,2,0.242,0.427,747,1,0,0.423,0
94.03,4,0.152,0.615,900,0,0,0.382,0
247.65,3,0.3,0.941,114,1,0,0.459,0
16.72,4,0.307,0.709,72,0,2,0.394,0
149.09,1,0.317,0.968,118,0,0,0.568,0
127.67,4,0.564,0.941,64,0,0,0.207,1
57.03,3,0.24,0.868,645,0,0,0.653,0
96.79,4,0.258,0.872,938,0,1,0.326,0
206.93,3,0.116,0.951,151,0,1,0.632,0
174.09,2,0.187,0.935,842,0,0,0.648,0
18.97,1,0.076,0.729,27,0,0,0.349,0
164.38,2,0.214,0.888,457,0,2,0.396,0
62.11,5,0.259,0.969,304,0,3,0.688,0
72.25,3,0.349,0.98,134,0,0,0.267,0
72.28,6,0.388,0.287,589,0,0,0.251,0
56.53,4,0.271,0.835,100,0,0,0.292,0
247.37,2,0.009,0.954,220,0,0,0.055,0
60.82,2,0.211,0.952,499,0,0,0.077,0
19.46,4,0.068,0.555,170,1,0,0.248,0
43.26,4,0.086,0.714,778,0,0,0.548,0
81.17,4,0.153,0.855,807,0,0,0.693,0
257.79,2,0.354,0.857,95,0,0,0.201,0
129.46,2,0.12,0.793,237,0,0,0.433,0
26.16,4,0.433,0.828,231,1,0,0.163,0
1026.29,1,0.221,0.574,216,0,0,0.119,0
89.23,2,0.246,0.972,283,0,0,0.357,0
271.22,4,0.416,0.836,35,0,0,0.693,1
56.44,3,0.264,0.853,821,0,0,0.334,0
119.9,4,0.343,0.465,141,0,0,0.789,0
167.91,3,0.184,0.698,5,0,0,0.544,0
254.68,2,0.432,0.83,467,0,0,0.192,0
213.39,3,0.532,0.683,425,0,0,0.313,0
174.06,2,0.255,0.823,1638,0,0,0.398,0
47.15,6,0.037,0.929,513,1,0,0.248,0
35.55,4,0.082,0.687,166,0,0,0.078,0
96.15,2,0.093,0.606,1224,0,0,0.168,0
186.13,3,0.147,0.77,186,0,0,0.283,0
52.2,4,0.148,0.806,693,0,0,0.242,0
215.23,4,0.233,0.852,168,0,2,0.143,0
329.6,6,0.125,0.848,24,0,0,0.294,0
24.34,1,0.178,0.899,534,0,0,0.125,0
26.56,2,0.19,0.94,177,0,0,0.314,0
57.14,1,0.172,0.882,170,1,0,0.375,0
93.54,5,0.6,0.896,508,0,3,0.267,0
37.45,1,0.128,0.99,160,0,0,0.327,0
295.13,2,0.528,0.952,55,0,1,0.347,0
106.32,2,0.181,0.793,212,0,0,0.482,0
69.64,3,0.396,0.598,699,0,0,0.511,0
13.74,1,0.269,0.91,60,0,3,0.283,0
15.68,4,0.657,0.845,328,0,0,0.465,0
90.84,4,0.278,0.863,61,0,0,0.654,0
6.39,3,0.213,0.956,25,0,0,0.37,0
203.14,2,0.43,0.697,195,0,0,0.046,0
56.04,4,0.699,0.687,434,0,0,0.529,0
2362.33,3,0.096,0.996,133,0,0,0.618,0
844.47,3,0.355,0.901,241,0,1,0.229,0
54.62,3,0.049,0.881,275,1,0,0.436,0
59.32,2,0.059,0.872,741,0,0,0.179,0
199.37,5,0.229,0.931,688,0,1,0.755,0
434.19,1,0.667,0.594,5,0,0,0.614,0
11.0,2,0.178,0.651,218,0,1,0.149,0
9.35,1,0.187,0.877,431,0,0,0.106,0
33.64,3,0.135,0.961,770,0,0,0.24,0
126.6,6,0.325,0.905,25,0,1,0.663,1
115.19,5,0.425,0.744,400,0,0,0.4,0
216.32,2,0.185,0.653,743,0,0,0.212,0
17.82,2,0.199,0.73,122,1,0,0.699,0
5.22,4,0.205,0.848,96,0,0,0.497,0
171.37,2,0.389,0.947,257,0,1,0.479,0
26.82,1,0.377,0.9,1319,0,0,0.247,0
7.24,4,0.023,0.91,477,0,0,0.198,0
78.22,2,0.203,0.587,225,0,1,0.453,0
159.57,6,0.278,0.65,13,0,2,0.441,0
58.31,5,0.369,0.959,330,0,1,0.622,0
40.3,3,0.072,0.566,176,0,0,0.17,0
55.96,2,0.051,0.968,87,0,0,0.526,0
44.36,3,0.475,0.844,282,0,0,0.444,0
15.14,4,0.113,0.927,172,0,0,0.527,0
30.38,4,0.283,0.967,20,0,1,0.096,0
118.32,2,0.528,0.735,522,1,0,0.197,0
95.0,3,0.188,0.566,532,0,0,0.341,0
80.23,2,0.359,0.928,390,0,0,0.228,0
22.32,6,0.286,0.76,740,0,0,0.377,0
54.62,3,0.077,0.878,95,0,0,0.251,0
6.08,3,0.19,0.925,139,1,0,0.311,0
81.15,3,0.082,0.725,250,0,0,0.3,0
321.1,3,0.318,0.7,29,0,0,0.253,1
13.18,5,0.442,0.696,865,0,1,0.043,0
35.0,1,0.551,0.904,274,1,0,0.402,0
95.78,4,0.031,0.92,162,0,0,0.353,0
264.58,1,0.107,0.897,265,1,0,0.165,0
40.73,2,0.066,0.826,162,0,1,0.046,0
31.14,8,0.107,0.879,139,0,0,0.574,0
7.65,3,0.183,0.947,242,0,0,0.704,0
74.72,4,0.255,0.937,268,0,1,0.441,0
630.36,2,0.183,0.842,232,0,0,0.487,0
90.48,2,0.106,0.922,322,0,1,0.516,0
65.07,3,0.291,0.766,616,0,0,0.519,0
95.04,2,0.119,0.922,28,0,0,0.315,0
65.88,1,0.078,0.598,672,0,0,0.578,0
27.27,2,0.368,0.578,108,0,0,0.293,0
164.94,2,0.431,0.765,121,0,0,0.096,0
85.48,1,0.61,0.943,370,1,0,0.432,0
67.99,3,0.295,0.774,1491,1,0,0.215,0
22.81,4,0.013,0.64,12,0,2,0.236,0
279.74,3,0.13,0.833,452,0,0,0.342,0
138.54,8,0.204,0.907,482,0,0,0.496,0
36.3,3,0.297,0.75,345,0,0,0.564,0
200.74,2,0.024,0.803,8,0,0,0.384,0
38.58,6,0.145,0.736,377,0,0,0.444,0
28.21,3,0.512,0.77,53,0,2,0.168,0
28.91,2,0.078,0.827,37,0,2,0.325,0
9.51,2,0.284,0.713,481,0,1,0.357,0
112.02,3,0.044,0.858,486,0,0,0.498,0
8.9,2,0.032,0.807,887,0,0,0.169,0
17.27,3,0.097,0.799,6,0,0,0.566,0
6.8,4,0.121,0.881,195,0,0,0.079,0
60.66,2,0.266,0.865,9,0,0,0.456,0
56.52,2,0.241,0.727,186,0,0,0.361,0
46.55,5,0.213,0.989,275,1,1,0.294,0
21.18,3,0.136,0.639,306,0,0,0.144,0
18.37,2,0.098,0.748,180,0,0,0.589,0
111.14,2,0.253,0.826,521,0,0,0.303,0
36.39,4,0.169,0.996,219,0,0,0.188,0
94.44,4,0.031,0.905,296,0,0,0.344,0
25.18,1,0.031,0.71,648,0,0,0.191,0
81.38,2,0.335,0.894,81,0,0,0.441,1
279.67,4,0.053,0.915,159,0,0,0.316,0
127.08,2,0.202,0.709,299,0,0,0.224,0
42.37,4,0.206,0.975,588,0,0,0.165,0
88.49,1,0.094,0.916,226,1,1,0.118,0
51.18,3,0.326,0.654,35,0,0,0.309,0
67.27,4,0.204,0.708,1802,0,0,0.502,0
46.61,5,0.083,0.893,497,0,0,0.424,0
55.66,2,0.114,0.935,518,0,2,0.18,0
84.21,3,0.099,0.983,255,0,3,0.015,0
22.36,1,0.013,0.939,321,1,0,0.454,0
21.81,1,0.334,0.878,2054,0,2,0.263,0
14.48,2,0.248,0.964,366,0,0,0.332,0
11.47,2,0.549,0.864,103,0,1,0.202,0
17.48,4,0.073,0.8,1338,0,0,0.305,0
79.47,3,0.121,0.593,313,0,0,0.545,0
24.98,1,0.443,0.941,13,0,0,0.289,0
117.33,3,0.106,0.774,345,0,0,0.202,0
69.28,3,0.344,0.971,34,0,1,0.481,0
7.65,5,0.03,0.931,304,0,1,0.32,0
137.07,3,0.035,0.508,702,1,0,0.382,0
162.7,6,0.245,0.844,314,0,0,0.547,0
22.35,2,0.275,0.776,192,0,0,0.401,0
105.87,3,0.133,0.837,861,0,0,0.647,0
25.99,4,0.157,0.488,1055,0,2,0.619,0
74.25,2,0.462,0.802,175,1,0,0.06,0
16.59,2,0.206,0.877,281,0,0,0.237,0
9.28,5,0.097,0.731,1632,0,0,0.202,0
43.77,2,0.063,0.627,83,0,0,0.657,0
58.2,2,0.196,0.785,146,0,0,0.34,0
43.06,3,0.463,0.601,228,0,0,0.109,0
18.13,3,0.452,0.907,47,0,1,0.286,0
42.95,2,0.473,0.953,132,0,0,0.355,0
89.68,4,0.342,0.774,319,0,0,0.408,0
63.47,7,0.263,0.416,108,0,0,0.78,1
81.51,6,0.324,0.706,468,0,0,0.255,0
31.91,1,0.073,0.472,175,0,0,0.389,0
241.99,3,0.13,0.789,42,0,0,0.323,0
18.29,1,0.259,0.719,583,0,0,0.395,0
114.01,3,0.078,0.745,340,0,0,0.123,0
244.71,2,0.543,0.707,701,0,2,0.239,0
113.18,1,0.157,0.64,183,1,0,0.15,0
53.37,5,0.029,0.64,12,0,2,0.248,0
37.3,3,0.117,0.719,24,0,0,0.553,0
208.45,3,0.311,0.933,639,0,1,0.152,0
13.94,2,0.077,0.91,216,0,0,0.14,0
22.94,1,0.118,0.801,1503,0,1,0.574,0
43.06,4,0.155,0.613,714,0,0,0.06,0
260.19,2,0.132,0.822,11,0,0,0.171,0
101.27,1,0.287,0.844,821,0,0,0.11,0
22.99,4,0.36,0.781,100,0,0,0.706,0
47.4,1,0.047,0.661,271,0,2,0.413,0
33.93,2,0.307,0.887,287,0,0,0.428,0
30.55,2,0.435,0.677,29,0,3,0.326,0
195.74,2,0.059,0.827,58,0,0,0.649,0
14.75,4,0.297,0.716,224,0,1,0.329,0
391.37,2,0.423,0.753,416,0,0,0.551,0
165.84,2,0.408,0.931,127,1,0,0.146,0
221.39,6,0.117,0.889,303,0,0,0.607,0
40.08,3,0.175,0.834,195,0,0,0.327,0
56.55,3,0.137,0.624,403,0,3,0.54,0
13.78,1,0.367,0.938,225,0,0,0.372,0
37.44,4,0.116,0.361,768,0,1,0.545,0
114.78,2,0.427,0.631,1652,0,0,0.243,0
277.46,5,0.315,0.982,981,0,4,0.466,0
19.73,3,0.195,0.887,78,0,1,0.539,0
44.61,5,0.28,0.855,249,0,0,0.164,0
56.46,3,0.054,0.615,250,0,1,0.296,0
14.36,1,0.137,0.941,739,0,0,0.351,0
127.8,4,0.029,0.942,181,0,1,0.157,0
30.07,1,0.208,0.737,324,0,0,0.306,0
53.79,7,0.266,0.834,380,0,1,0.351,0
40.56,4,0.094,0.881,52,0,0,0.089,0
27.99,1,0.156,0.594,331,0,0,0.253,0
66.17,2,0.084,0.754,118,0,0,0.194,0
52.61,2,0.074,0.813,97,0,0,0.413,0
44.3,2,0.247,0.869,120,1,2,0.5,0
29.92,4,0.072,0.667,46,0,0,0.332,0
94.77,2,0.279,0.586,33,0,1,0.358,1
411.16,3,0.122,0.78,421,1,0,0.296,0
77.78,2,0.423,0.937,1136,1,0,0.188,0
199.48,7,0.195,0.978,470,0,0,0.232,0
14.45,6,0.247,0.851,154,0,0,0.248,0
79.32,2,0.155,0.868,168,0,0,0.386,0
19.94,1,0.023,0.824,316,1,2,0.092,0
13.14,4,0.163,0.634,809,0,0,0.131,0
29.57,4,0.236,0.823,95,0,0,0.184,0
247.42,3,0.191,0.497,257,0,0,0.155,0
189.62,8,0.624,0.483,281,0,0,0.393,0
87.12,2,0.23,0.791,1075,0,1,0.092,0
12.35,2,0.359,0.716,312,1,0,0.536,0
53.74,2,0.193,0.871,612,1,1,0.184,0
92.93,3,0.337,0.711,41,1,0,0.537,0
80.89,6,0.238,0.691,163,0,0,0.257,0
8.77,2,0.282,0.867,383,0,2,0.177,0
25.04,3,0.662,0.938,457,0,0,0.059,0
62.15,2,0.205,0.65,870,0,0,0.15,0
120.29,3,0.126,0.535,362,0,0,0.37,0
5.96,1,0.174,0.854,141,1,0,0.296,1
55.79,2,0.192,0.91,314,0,0,0.055,0
78.05,2,0.11,0.991,502,0,0,0.634,1
169.79,4,0.155,0.968,618,0,0,0.516,0
142.9,2,0.257,0.863,1162,0,0,0.454,0
126.57,3,0.329,0.974,89,0,1,0.159,0
27.66,4,0.175,0.973,437,0,1,0.245,0
8.18,2,0.311,0.637,94,0,0,0.264,0
43.28,3,0.509,0.816,158,0,1,0.169,0
200.7,4,0.027,0.993,66,0,0,0.275,0
308.83,5,0.157,0.891,598,0,1,0.222,0
145.71,4,0.129,0.799,986,0,0,0.262,0
106.94,5,0.127,0.982,17,0,1,0.519,0
101.25,2,0.246,0.511,676,0,0,0.48,0
36.17,4,0.043,0.854,115,0,0,0.445,0
57.8,3,0.322,0.849,271,0,0,0.82,0
418.21,3,0.039,0.925,556,0,0,0.576,0
23.65,4,0.262,0.838,287,0,0,0.296,0
393.96,3,0.098,0.809,110,0,0,0.295,0
46.79,3,0.562,0.816,951,0,3,0.044,0
286.57,6,0.433,0.707,365,1,1,0.551,0
14.19,3,0.146,0.475,1075,0,1,0.289,0
127.04,2,0.192,0.852,754,0,1,0.425,0
29.65,2,0.397,0.761,841,0,0,0.514,0
14.06,4,0.443,0.529,184,0,0,0.051,0
84.81,2,0.515,0.866,1751,0,1,0.381,0
202.44,3,0.504,0.773,770,0,0,0.265,0
26.33,2,0.143,0.774,169,0,4,0.519,0
12.82,2,0.345,0.767,911,1,0,0.287,0
60.28,3,0.255,0.694,568,0,0,0.214,0
60.57,2,0.47,0.573,521,0,0,0.623,0
121.89,4,0.406,0.871,7,0,0,0.574,0
189.53,3,0.147,0.882,14,0,0,0.324,0
62.47,6,0.473,0.902,479,0,0,0.281,0
513.4,2,0.059,0.881,135,0,0,0.424,0
85.34,1,0.229,0.808,29,0,0,0.417,0
45.56,2,0.29,0.526,139,0,0,0.522,0
11.33,2,0.5,0.937,732,0,0,0.31,0
49.95,1,0.166,0.828,259,0,0,0.241,0
46.06,2,0.288,0.92,387,0,0,0.064,0
191.78,4,0.107,0.837,649,0,0,0.258,0
110.91,5,0.485,0.761,161,1,0,0.411,0
18.22,2,0.423,0.81,9,0,0,0.481,0
80.6,2,0.062,0.71,161,0,0,0.565,0
139.59,4,0.121,0.955,1260,0,0,0.288,0
358.11,3,0.268,0.926,268,0,0,0.194,0
177.02,2,0.206,0.503,342,0,0,0.301,0
154.0,4,0.218,0.579,576,0,0,0.387,0
71.24,2,0.037,0.952,53,0,0,0.424,0
102.22,1,0.117,0.741,534,0,0,0.124,0
263.61,4,0.03,0.699,146,0,0,0.16,0
15.39,3,0.163,0.899,201,0,3,0.189,0
45.4,3,0.014,0.863,130,0,0,0.227,0
28.51,4,0.234,0.39,71,0,1,0.322,0
101.2,2,0.111,0.661,184,1,1,0.662,0
258.07,2,0.187,0.884,44,1,0,0.782,1
34.58,4,0.24,0.921,750,0,0,0.1,0
5.0,3,0.309,0.814,151,0,0,0.682,0
42.37,5,0.295,0.891,429,0,0,0.296,0
182.15,2,0.277,0.788,145,0,0,0.33,0
120.47,1,0.024,0.962,99,0,0,0.618,0
106.81,3,0.49,0.786,505,1,1,0.188,0
49.01,4,0.123,0.785,396,0,0,0.332,0
16.33,3,0.19,0.839,103,0,1,0.499,0
117.55,3,0.228,0.995,383,0,1,0.305,0
26.64,4,0.211,0.855,7,0,0,0.661,0
736.94,7,0.3,0.898,82,0,0,0.256,0
124.91,2,0.235,0.755,525,0,1,0.553,0
35.21,4,0.36,0.905,216,1,0,0.374,0
34.04,4,0.427,0.815,96,1,0,0.21,1
60.21,2,0.215,0.774,287,0,0,0.191,0
51.24,2,0.162,0.852,255,0,0,0.182,0
227.81,2,0.216,0.751,406,0,1,0.818,0
81.86,2,0.401,0.878,35,0,0,0.096,0
29.82,4,0.076,0.93,689,0,0,0.076,0
533.51,3,0.27,0.845,29,0,0,0.406,0
70.4,3,0.002,0.873,246,0,0,0.676,0
155.36,1,0.187,0.621,500,0,1,0.544,0
34.16,1,0.141,0.94,174,0,0,0.427,0
99.43,1,0.447,0.835,968,0,0,0.283,0
93.9,5,0.139,0.786,567,0,0,0.096,0
8.34,1,0.16,0.683,227,0,0,0.175,0
612.04,1,0.204,0.956,86,0,1,0.372,0
275.81,3,0.262,0.905,22,0,0,0.456,0
43.08,4,0.08,0.68,652,0,0,0.273,0
19.84,2,0.252,0.962,91,0,0,0.295,0
97.74,2,0.263,0.557,130,0,0,0.812,0
73.36,1,0.107,0.434,9,0,0,0.273,0
98.62,2,0.33,0.39,12,0,0,0.321,0
82.33,3,0.602,0.879,109,1,2,0.6,0
116.38,2,0.039,0.975,830,1,0,0.249,0
327.68,3,0.181,0.895,612,0,0,0.332,0
124.58,2,0.55,0.743,592,0,1,0.132,0
21.02,2,0.155,0.792,706,1,0,0.201,0
298.51,2,0.32,0.837,87,0,3,0.281,0
405.32,1,0.132,0.793,1551,1,1,0.108,0
2137.22,3,0.273,0.976,110,0,0,0.556,0
19.38,1,0.236,0.956,69,0,0,0.315,0
87.11,4,0.275,0.659,144,0,0,0.776,0
6.75,3,0.049,0.689,307,0,0,0.322,0
122.54,1,0.163,0.818,58,0,0,0.028,0
36.49,4,0.226,0.61,541,0,0,0.45,1
553.24,4,0.713,0.975,190,0,3,0.276,1
28.44,3,0.11,0.829,341,0,0,0.532,0
10.4,5,0.053,0.993,535,0,0,0.469,0
39.71,2,0.242,0.34,933,0,0,0.391,0
7.59,2,0.213,0.907,689,0,0,0.173,0
152.35,3,0.106,0.912,313,0,0,0.444,0
6.88,3,0.688,0.837,1896,0,0,0.32,0
68.81,2,0.211,0.985,306,0,1,0.441,0
6.78,4,0.14,0.751,312,1,0,0.168,0
46.88,2,0.007,0.788,74,0,0,0.465,0
406.55,1,0.016,0.563,69,0,0,0.35,0
99.16,2,0.1,0.798,78,0,1,0.31,0
25.79,5,0.055,0.94,363,0,0,0.083,0
64.44,4,0.336,0.712,219,0,0,0.183,0
68.02,3,0.419,0.797,200,0,0,0.421,0
112.16,5,0.216,0.697,59,0,1,0.176,0
14.83,3,0.217,0.955,196,0,0,0.387,0
127.97,4,0.08,0.898,194,0,1,0.144,0
5.0,4,0.334,0.712,392,0,1,0.516,0
33.35,5,0.167,0.861,201,0,0,0.41,0
38.97,5,0.533,0.898,222,0,0,0.496,0
133.84,1,0.241,0.914,132,0,2,0.178,0
68.37,4,0.534,0.741,61,0,1,0.423,0
14.21,2,0.09,0.946,147,1,3,0.265,0
22.57,5,0.199,0.768,22,0,0,0.361,0
82.98,1,0.062,0.809,96,0,0,0.164,0
61.13,6,0.17,0.729,162,0,0,0.647,0
35.27,4,0.273,0.73,67,0,1,0.579,0
39.29,3,0.145,0.756,442,0,0,0.013,0
143.42,1,0.07,0.864,136,0,0,0.306,0
37.73,1,0.019,0.861,387,0,0,0.247,1
60.53,3,0.039,0.833,418,0,0,0.239,0
725.55,1,0.12,0.812,242,0,0,0.561,0
13.93,3,0.657,0.898,243,0,1,0.318,1
8.7,3,0.1,0.912,353,0,1,0.537,0
157.9,3,0.236,0.848,126,0,1,0.126,0
31.61,2,0.193,0.948,13,0,0,0.418,0
46.99,3,0.174,0.949,419,0,0,0.148,0
28.24,1,0.287,0.919,380,0,0,0.442,0
50.11,4,0.267,0.885,263,0,0,0.521,0
386.99,1,0.066,0.755,839,0,0,0.176,0
161.15,2,0.101,0.468,289,1,3,0.36,0
172.16,2,0.149,0.953,149,0,1,0.405,0
14.04,3,0.15,0.866,505,0,0,0.679,0
18.8,1,0.134,0.92,1317,0,0,0.304,0
5.0,3,0.11,0.833,539,0,0,0.227,0
27.38,3,0.138,0.76,963,0,1,0.271,0
191.02,3,0.24,0.462,52,0,0,0.468,0
117.76,1,0.176,0.719,56,0,0,0.193,0
52.27,5,0.049,0.948,72,0,2,0.339,0
65.07,5,0.161,0.738,490,0,0,0.497,0
31.26,3,0.069,0.33,202,0,0,0.396,0
83.53,3,0.084,0.98,264,0,0,0.267,0
154.85,2,0.228,0.582,126,0,0,0.118,0
11.27,3,0.244,0.8,537,1,0,0.57,0
92.72,2,0.293,0.663,751,0,0,0.229,0
185.99,3,0.022,0.568,74,0,0,0.302,1
42.24,4,0.136,0.727,90,0,0,0.449,0
144.14,2,0.469,0.565,170,0,0,0.579,0
1474.57,2,0.017,0.823,136,0,0,0.112,0
59.46,2,0.252,0.688,308,0,0,0.315,1
102.78,2,0.152,0.652,563,1,0,0.541,0
29.61,6,0.134,0.71,635,0,1,0.309,0
81.4,1,0.19,0.777,98,1,0,0.411,0
110.64,3,0.305,0.939,82,0,0,0.482,0
82.63,2,0.366,0.836,185,1,0,0.574,0
21.72,3,0.474,0.964,68,0,0,0.089,0
83.68,4,0.186,0.709,43,0,0,0.143,0
333.09,3,0.113,0.757,116,1,0,0.297,0
109.23,3,0.374,0.761,205,0,0,0.323,0
192.13,3,0.198,0.758,359,0,2,0.137,0
51.38,4,0.102,0.537,518,0,0,0.327,0
152.15,3,0.299,0.948,105,0,0,0.068,0
90.67,1,0.086,0.915,687,1,0,0.113,1
23.43,2,0.111,0.906,18,0,0,0.61,0
94.67,5,0.294,0.729,239,0,0,0.101,0
22.4,3,0.131,0.891,406,0,0,0.209,0
33.24,3,0.122,0.894,142,0,0,0.331,0
82.13,2,0.119,0.858,465,0,0,0.36,0
92.48,1,0.34,0.765,812,0,0,0.264,0
18.03,4,0.187,0.739,42,0,1,0.555,0
212.59,2,0.645,0.781,292,1,0,0.05,0
125.11,2,0.25,0.96,12,1,0,0.37,0
30.72,4,0.036,0.795,136,0,3,0.294,0
12.29,4,0.186,0.889,63,0,1,0.112,0
56.86,1,0.526,0.913,396,0,0,0.431,0
40.83,3,0.125,0.691,119,0,0,0.369,0
75.52,2,0.212,0.715,137,0,0,0.081,0
44.73,3,0.575,0.764,97,0,3,0.29,0
7.33,3,0.219,0.956,116,0,0,0.541,0
43.5,2,0.437,0.848,107,0,0,0.542,1
47.65,1,0.107,0.746,483,0,0,0.187,0
133.89,4,0.157,0.671,1252,0,0,0.177,0
30.94,3,0.057,0.984,274,0,0,0.478,0
422.65,3,0.093,0.957,371,0,1,0.826,0
8.14,3,0.13,0.635,686,0,0,0.479,0
282.11,3,0.126,0.707,263,1,0,0.339,0
52.1,1,0.007,0.772,148,0,0,0.473,0
171.66,1,0.081,0.964,1211,0,1,0.426,0
72.8,4,0.3,0.838,951,0,0,0.111,0
233.58,2,0.125,0.877,104,0,0,0.616,0
43.55,1,0.034,0.995,490,0,1,0.386,0
19.92,5,0.249,0.76,421,0,0,0.557,0
318.16,2,0.106,0.643,424,0,2,0.541,0
58.86,4,0.486,0.671,715,0,2,0.502,0
85.09,3,0.048,0.817,453,0,0,0.779,0
259.36,3,0.06,0.869,296,0,0,0.204,0
21.43,2,0.126,0.724,753,0,0,0.06,0
128.39,1,0.017,0.719,128,0,0,0.258,0
34.85,2,0.423,0.536,459,0,0,0.182,0
57.66,3,0.215,0.896,488,0,0,0.713,0
72.2,4,0.452,0.895,822,0,1,0.024,0
12.8,3,0.216,0.838,2557,0,0,0.371,0
28.31,5,0.124,0.932,331,0,0,0.372,0
294.77,3,0.426,0.814,269,0,0,0.136,0
176.76,3,0.075,0.515,372,1,0,0.43,0
62.25,2,0.216,0.736,434,0,3,0.7,0
87.13,1,0.748,0.738,504,0,0,0.533,0
48.25,2,0.253,0.965,137,0,0,0.166,0
296.56,1,0.09,0.834,272,1,0,0.071,1
53.5,4,0.498,0.794,190,0,0,0.094,0
86.06,3,0.05,0.657,20,0,2,0.457,0
235.25,2,0.027,0.824,381,0,2,0.209,0
28.36,2,0.128,0.718,836,1,0,0.512,0
370.43,2,0.435,0.821,1022,0,1,0.095,0
12.39,2,0.659,0.888,296,1,0,0.108,0
400.46,2,0.272,0.863,585,0,0,0.332,0
44.26,3,0.394,0.952,503,0,0,0.388,0
51.06,1,0.246,0.95,108,0,0,0.235,0
8.34,5,0.284,0.777,30,0,2,0.054,0
40.44,4,0.338,0.74,556,1,1,0.604,0
21.25,3,0.202,0.941,137,0,1,0.702,0
34.18,6,0.329,0.401,323,0,0,0.155,1
57.34,4,0.204,0.774,301,0,0,0.502,0
191.25,3,0.244,0.739,686,0,0,0.329,0
83.79,2,0.295,0.935,418,0,0,0.124,0
93.55,2,0.068,0.896,756,0,0,0.265,0
19.98,1,0.133,0.786,563,0,0,0.684,0
25.31,2,0.279,0.831,3479,0,0,0.515,1
482.32,2,0.248,0.715,802,0,1,0.154,0
29.7,5,0.211,0.798,99,0,0,0.146,0
412.33,2,0.169,0.811,1306,0,0,0.248,0
51.04,3,0.054,0.92,171,0,0,0.616,0
66.85,4,0.057,0.707,379,0,1,0.377,0
216.46,3,0.15,0.565,1139,1,1,0.574,0
270.18,4,0.102,0.69,101,0,0,0.186,0
59.03,3,0.141,0.731,783,0,0,0.148,0
43.51,2,0.099,0.667,1229,1,0,0.092,0
62.71,4,0.123,0.661,773,0,0,0.664,0
96.71,3,0.193,0.818,689,0,0,0.324,0
177.76,4,0.436,0.681,127,0,0,0.074,0
67.0,3,0.129,0.941,214,1,0,0.243,0
131.73,1,0.339,0.857,576,0,1,0.422,0
404.32,3,0.324,0.793,55,0,0,0.354,0
101.44,2,0.62,0.784,882,1,0,0.622,0
93.96,4,0.102,0.911,99,1,1,0.519,0
12.54,4,0.292,0.926,337,0,0,0.185,0
5.0,2,0.098,0.693,49,0,2,0.273,0
102.23,1,0.052,0.925,86,0,0,0.152,0
60.08,4,0.06,0.864,357,0,0,0.395,0
37.85,2,0.281,0.555,407,0,0,0.186,0
87.17,7,0.122,0.504,130,0,0,0.415,0
62.4,3,0.529,0.977,55,0,0,0.375,0
230.57,2,0.471,0.854,324,0,2,0.201,0
73.31,3,0.062,0.887,739,1,1,0.796,0
29.32,3,0.267,0.73,94,0,0,0.607,0
198.18,1,0.217,0.839,475,0,2,0.474,0
52.52,4,0.269,0.972,200,0,0,0.398,0
119.01,2,0.203,0.585,1151,0,1,0.102,0
39.44,3,0.099,0.904,39,0,1,0.395,0
32.63,2,0.184,0.843,21,0,0,0.103,0
73.16,4,0.512,0.602,58,0,0,0.301,0
67.63,2,0.233,0.749,615,1,0,0.364,0
113.05,1,0.174,0.73,1029,0,2,0.088,0
49.62,2,0.026,0.755,696,0,0,0.582,0
8.85,3,0.18,0.962,511,0,0,0.351,0
41.43,2,0.23,0.708,28,0,0,0.053,1
159.68,3,0.019,0.857,101,0,0,0.516,0
48.08,1,0.106,0.956,1100,0,0,0.408,0
50.85,2,0.367,0.971,394,0,1,0.37,0
197.36,3,0.15,0.784,257,0,2,0.254,0
30.47,3,0.202,0.822,427,0,0,0.407,0
12.22,3,0.217,0.903,83,0,3,0.087,0
55.89,5,0.239,0.691,898,0,0,0.237,0
39.15,4,0.069,0.686,432,0,0,0.315,0
23.04,4,0.152,0.787,259,0,0,0.327,0
54.99,4,0.723,0.898,249,0,0,0.187,0
114.51,5,0.307,0.875,696,1,2,0.507,0
66.01,4,0.302,0.579,152,0,0,0.209,0
93.47,1,0.4,0.932,63,0,0,0.361,0
490.17,2,0.344,0.938,87,0,0,0.09,0
45.73,6,0.033,0.854,38,1,0,0.657,1
90.58,5,0.146,0.66,288,0,3,0.665,0
38.09,4,0.286,0.727,457,0,0,0.227,1
26.29,5,0.138,0.705,1092,0,0,0.031,0
35.04,2,0.171,0.786,560,0,0,0.219,0
39.38,4,0.349,0.672,354,0,0,0.268,0
99.03,1,0.163,0.815,802,0,0,0.221,0
883.58,2,0.188,0.913,896,1,0,0.429,1
30.34,4,0.195,0.965,503,0,4,0.077,0
42.17,4,0.295,0.698,28,0,0,0.368,1
62.21,2,0.621,0.692,142,0,0,0.401,0
103.07,6,0.203,0.823,168,1,0,0.52,0
89.11,8,0.171,0.647,2383,0,2,0.436,0
273.83,4,0.091,0.646,254,0,0,0.411,0
5.0,3,0.286,0.873,579,1,0,0.159,0
5.0,5,0.106,0.834,677,0,0,0.199,0
38.65,2,0.143,0.886,428,0,1,0.412,0
222.97,1,0.383,0.356,12,0,1,0.168,0
11.91,3,0.166,0.787,12,0,0,0.585,0
5.0,3,0.694,0.976,688,0,0,0.737,0
125.0,1,0.488,0.826,542,0,0,0.38,0
87.18,3,0.123,0.866,312,0,0,0.177,0
20.1,1,0.419,0.941,119,0,2,0.43,0
22.55,2,0.155,0.887,41,1,2,0.481,0
22.95,1,0.065,0.882,76,0,0,0.251,0
75.31,3,0.185,0.788,352,1,0,0.423,0
33.48,2,0.385,0.389,320,0,1,0.35,0
114.83,1,0.124,0.699,1138,0,0,0.254,0
5.0,2,0.167,0.875,1266,0,0,0.378,0
25.98,1,0.196,0.885,348,0,0,0.224,0
19.32,2,0.303,0.2,741,0,0,0.214,0
50.3,1,0.047,0.749,674,0,2,0.463,0
36.9,7,0.414,0.702,563,0,0,0.545,0
160.39,3,0.11,0.844,235,0,0,0.519,0
8.63,5,0.471,0.892,202,0,0,0.306,0
70.11,3,0.319,0.826,127,0,0,0.206,0
123.24,5,0.467,0.914,1111,1,1,0.392,0
514.05,3,0.126,0.939,724,0,0,0.146,0
39.25,3,0.141,0.858,82,0,0,0.116,0
95.29,3,0.302,0.908,121,0,0,0.094,0
9.17,5,0.385,0.852,353,0,0,0.413,0
5.0,2,0.195,0.597,218,0,0,0.241,0
168.89,3,0.461,0.822,101,1,0,0.22,0
66.28,3,0.084,0.888,631,1,1,0.126,0
243.8,5,0.175,0.893,5,0,0,0.445,0
14.72,3,0.285,0.882,173,0,2,0.135,0
118.14,4,0.15,0.503,1065,0,0,0.138,0
520.97,1,0.017,0.91,577,0,2,0.151,0
105.81,4,0.122,0.426,210,0,0,0.368,0
90.4,4,0.133,0.517,1061,0,0,0.389,0
67.32,1,0.192,0.873,929,0,2,0.101,0
11.85,2,0.182,0.944,26,1,0,0.652,1
296.23,1,0.181,0.681,59,0,0,0.303,0
34.06,1,0.107,0.348,200,1,0,0.569,0
116.16,2,0.284,0.833,1065,0,0,0.033,0
11.95,4,0.075,0.97,748,1,0,0.095,0
18.22,2,0.306,0.793,24,0,1,0.247,0
323.3,5,0.554,0.893,292,0,0,0.448,0
45.51,5,0.42,0.475,514,1,0,0.454,0
329.84,3,0.078,0.813,134,1,0,0.107,0
61.19,3,0.203,0.678,517,0,0,0.459,0
8.79,2,0.36,0.404,189,0,0,0.669,0
177.91,3,0.202,0.651,133,0,0,0.257,0
34.85,2,0.44,0.866,204,0,0,0.199,0
143.82,1,0.189,0.844,1209,0,0,0.656,0
68.56,4,0.311,0.928,947,0,0,0.419,0
12.21,2,0.159,0.852,986,0,0,0.417,0
79.9,5,0.265,0.742,1002,0,1,0.067,0
746.84,2,0.165,0.616,83,0,1,0.095,0
114.7,3,0.128,0.849,910,0,0,0.591,0
62.6,3,0.411,0.787,100,1,0,0.459,0
217.65,1,0.013,0.931,733,0,0,0.134,0
84.08,3,0.015,0.862,317,1,1,0.635,0
83.97,1,0.049,0.762,114,0,0,0.087,0
20.07,1,0.487,0.964,208,0,0,0.675,0
86.25,3,0.084,0.508,232,0,0,0.454,0
208.3,2,0.748,0.961,533,0,1,0.175,1
26.58,2,0.028,0.804,377,0,0,0.465,0
319.56,1,0.024,0.809,683,0,0,0.208,0
60.29,4,0.128,0.766,207,0,0,0.456,0
25.11,1,0.196,0.892,549,0,2,0.122,0
199.82,3,0.258,0.848,634,0,0,0.251,0
48.64,2,0.121,0.86,31,0,1,0.147,0
153.77,1,0.512,0.855,193,0,3,0.202,0
48.38,5,0.387,0.671,873,0,2,0.201,0
62.44,1,0.145,0.934,493,1,0,0.288,0
114.77,2,0.373,0.896,221,0,1,0.148,0
91.83,4,0.173,0.876,85,0,0,0.077,0
7.43,2,0.107,0.557,45,0,1,0.512,0
19.43,2,0.339,0.866,109,1,0,0.562,0
185.37,4,0.14,0.93,117,0,1,0.297,0
57.66,4,0.286,0.917,190,0,0,0.412,0
37.48,3,0.169,0.805,82,0,0,0.644,0
14.96,3,0.392,0.802,68,0,0,0.234,0
20.33,4,0.269,0.745,748,1,0,0.196,0
7.21,2,0.31,0.678,119,0,0,0.444,0
59.66,3,0.186,0.989,334,0,0,0.323,0
34.53,2,0.439,0.999,93,0,0,0.491,0
23.03,3,0.113,0.96,275,1,0,0.527,0
61.87,3,0.345,0.882,134,0,4,0.207,0
99.52,3,0.039,0.823,41,0,0,0.378,0
666.82,3,0.277,0.902,1615,0,0,0.384,0
12.64,1,0.274,0.952,249,0,0,0.272,0
238.73,3,0.534,0.767,204,0,0,0.492,0
194.5,2,0.341,0.79,93,0,1,0.222,0
28.3,3,0.065,0.737,278,0,0,0.648,0
83.39,3,0.2,0.815,408,0,0,0.247,0
40.31,1,0.133,0.457,150,0,0,0.717,0
81.8,4,0.097,0.799,266,0,1,0.116,0
350.74,3,0.188,0.531,113,0,0,0.722,0
129.82,2,0.004,0.85,305,0,1,0.447,0
116.68,3,0.568,0.592,623,1,1,0.466,0
41.54,4,0.271,0.542,29,0,2,0.179,0
13.03,5,0.069,0.374,296,0,4,0.569,1
53.02,5,0.116,0.656,208,0,0,0.37,0
251.46,2,0.196,0.781,35,0,0,0.623,0
12.43,2,0.095,0.798,1133,0,0,0.44,0
20.89,1,0.12,0.895,125,0,0,0.091,0
76.62,1,0.228,0.586,337,0,0,0.787,0
22.58,3,0.455,0.647,191,0,0,0.033,0
27.89,2,0.401,0.844,131,0,0,0.335,0
41.85,3,0.354,0.702,304,0,0,0.05,0
14.85,6,0.068,0.809,472,0,0,0.362,0
22.84,6,0.114,0.844,620,0,0,0.486,0
144.57,3,0.3,0.683,406,0,0,0.484,0
15.83,3,0.112,0.777,303,0,0,0.686,0
11.5,1,0.246,0.891,605,0,2,0.258,0
33.35,3,0.245,0.69,296,0,0,0.31,0
149.18,3,0.105,0.837,1468,0,0,0.677,0
53.7,1,0.103,0.691,304,0,0,0.499,0
40.0,3,0.081,0.871,157,0,0,0.33,0
70.02,2,0.053,0.875,241,0,0,0.15,0
9.77,5,0.134,0.827,274,1,1,0.358,0
114.91,1,0.182,0.822,138,0,0,0.344,0
101.67,4,0.021,0.911,74,0,0,0.293,0
42.51,7,0.254,0.677,230,0,0,0.187,0
201.65,5,0.186,0.846,914,1,0,0.362,0
19.29,3,0.581,0.697,123,0,2,0.392,0
230.6,3,0.11,0.784,184,1,1,0.571,0
79.04,2,0.201,0.978,572,1,0,0.044,0
46.05,3,0.196,0.753,39,0,0,0.445,0
65.24,3,0.412,0.725,702,1,0,0.316,0
59.26,3,0.195,0.92,514,0,0,0.237,0
255.27,3,0.134,0.78,324,0,0,0.414,0
20.4,4,0.428,0.986,99,0,0,0.589,0
28.82,2,0.583,0.564,43,0,0,0.567,0
208.5,2,0.502,0.864,110,0,0,0.13,0
34.64,1,0.031,0.834,578,0,0,0.256,0
179.57,3,0.377,0.511,1089,0,4,0.384,0
432.41,2,0.039,0.98,540,0,0,0.089,0
42.86,2,0.43,0.879,304,1,1,0.32,0
141.1,3,0.492,0.996,1208,0,1,0.225,0
18.75,3,0.232,0.799,710,0,0,0.424,0
152.96,4,0.069,0.756,431,0,0,0.339,0
83.04,2,0.392,0.944,20,0,1,0.112,0
112.21,4,0.046,0.883,140,0,0,0.111,0
32.78,4,0.056,0.798,152,1,0,0.206,0
10.73,3,0.472,0.706,175,0,2,0.27,0
116.0,5,0.061,0.493,202,0,0,0.314,0
6.89,2,0.615,0.938,1126,0,0,0.465,0
47.04,4,0.415,0.924,546,0,0,0.642,0
187.79,4,0.147,0.815,475,0,0,0.438,0
82.36,2,0.044,0.553,227,0,0,0.367,0
568.6,1,0.062,0.421,169,0,1,0.294,1
205.95,1,0.43,0.715,55,0,0,0.393,0
32.48,4,0.711,0.946,246,0,0,0.356,0
68.72,4,0.13,0.837,96,0,1,0.506,0
63.3,1,0.522,0.869,203,0,1,0.189,0
11.7,3,0.289,0.949,73,0,0,0.734,0
23.7,6,0.228,0.813,173,0,0,0.121,0
35.99,2,0.292,0.656,22,0,0,0.351,1
7.1,1,0.286,0.807,7,0,0,0.273,0
70.26,2,0.082,0.86,820,0,0,0.463,0
50.7,4,0.27,0.826,415,0,1,0.182,0
10.59,2,0.318,0.903,359,0,1,0.217,0
104.03,2,0.097,0.893,293,0,1,0.192,0
146.56,2,0.496,0.808,523,0,0,0.206,0
85.6,3,0.22,0.536,537,0,0,0.147,0
46.69,1,0.026,0.896,1099,1,0,0.093,0
127.82,4,0.065,0.898,117,0,1,0.157,0
140.93,4,0.062,0.825,620,0,0,0.69,0
93.52,3,0.124,0.888,1896,0,0,0.254,0
26.92,2,0.406,0.726,16,0,2,0.17,0
90.4,5,0.322,0.7,192,0,0,0.506,0
248.4,2,0.031,0.723,234,0,0,0.367,0
34.59,6,0.066,0.884,695,0,2,0.493,0
670.31,2,0.697,0.895,10,1,0,0.493,1
37.41,6,0.017,0.896,370,0,1,0.256,0
69.11,2,0.256,0.697,897,0,0,0.632,0
31.83,2,0.018,0.427,68,0,0,0.674,0
85.25,4,0.067,0.835,54,0,0,0.253,0
9.81,2,0.521,0.735,3385,0,2,0.389,0
36.57,2,0.201,0.977,704,0,1,0.17,0
20.06,3,0.016,0.894,483,0,0,0.301,0
77.39,4,0.08,0.968,208,0,0,0.25,0
199.12,1,0.047,0.846,774,0,0,0.593,0
135.72,2,0.444,0.933,1029,0,0,0.376,0
5.0,4,0.129,0.983,532,0,0,0.214,0
630.35,1,0.215,0.646,208,0,1,0.273,0
92.28,3,0.207,0.962,355,0,0,0.45,0
28.38,2,0.461,0.793,46,0,2,0.103,0
79.27,3,0.378,0.949,73,1,0,0.377,0
80.95,2,0.514,0.792,616,0,0,0.026,0
32.02,4,0.073,0.541,16,0,0,0.269,0
82.91,4,0.046,0.703,25,0,1,0.752,1
34.18,4,0.16,0.912,288,0,0,0.238,0
42.74,4,0.562,0.944,79,0,0,0.462,1
31.35,3,0.431,0.955,144,0,1,0.348,0
13.79,3,0.313,0.743,208,1,0,0.364,0
78.29,4,0.228,0.811,300,0,0,0.427,0
126.95,2,0.093,0.89,138,0,0,0.55,0
117.49,6,0.289,0.773,269,0,1,0.472,0
164.34,3,0.011,0.815,190,0,0,0.282,0
95.28,2,0.425,0.912,38,0,0,0.084,0
37.11,2,0.311,0.888,812,1,0,0.263,0
167.94,3,0.147,0.886,137,1,0,0.48,0
14.98,7,0.283,0.973,381,0,0,0.377,0
24.76,4,0.127,0.48,342,0,1,0.48,0
23.09,2,0.104,0.809,93,0,0,0.34,0
218.78,6,0.385,0.857,17,0,0,0.144,0
188.12,4,0.345,0.677,782,0,1,0.138,0
113.98,6,0.045,0.953,280,0,3,0.451,0
216.83,3,0.151,0.965,219,1,0,0.173,0
25.35,1,0.2,0.973,580,0,2,0.517,0
97.85,1,0.34,0.96,18,0,0,0.408,0
58.11,2,0.126,0.845,584,0,1,0.301,0
169.28,3,0.34,0.94,215,1,2,0.285,0
58.75,4,0.564,0.639,325,0,0,0.133,0
43.67,3,0.059,0.73,563,1,0,0.169,0
120.9,3,0.323,0.866,321,0,0,0.399,0
174.83,4,0.067,0.734,30,0,0,0.253,0
31.97,2,0.33,0.865,526,0,0,0.323,0
62.35,7,0.093,0.873,622,0,1,0.48,0
20.82,1,0.352,0.791,252,0,0,0.393,0
5.0,3,0.125,0.851,236,0,0,0.144,1
83.14,6,0.092,0.792,121,1,2,0.475,0
130.29,1,0.224,0.381,418,0,0,0.228,0
88.97,2,0.101,0.371,859,1,1,0.071,0
7.81,1,0.03,0.782,431,0,0,0.202,0
45.33,2,0.056,0.893,595,1,2,0.567,0
5.81,7,0.059,0.62,731,0,1,0.2,0
300.87,3,0.437,0.89,107,0,0,0.418,0
20.19,3,0.24,0.526,210,0,2,0.389,0
265.32,2,0.469,0.992,234,0,0,0.366,0
188.76,2,0.1,0.494,332,0,0,0.531,0
24.76,2,0.124,0.883,25,0,0,0.083,0
19.18,2,0.528,0.917,360,0,0,0.272,0
98.04,2,0.067,0.971,42,0,1,0.472,0
26.34,1,0.194,0.808,662,0,0,0.552,0
74.64,3,0.377,0.551,1323,0,0,0.538,0
39.21,2,0.427,0.956,141,0,0,0.129,0
9.4,2,0.078,0.845,287,0,0,0.744,0
5.73,2,0.279,0.592,698,0,0,0.515,0
85.57,4,0.085,0.873,156,0,0,0.19,0
35.96,4,0.665,0.772,73,0,0,0.168,0
36.29,4,0.103,0.66,542,0,0,0.125,0
143.37,2,0.201,0.924,484,0,1,0.402,0
242.45,5,0.095,0.789,342,0,0,0.179,0
49.41,1,0.421,0.784,1161,0,0,0.3,0
45.85,4,0.393,0.771,1246,0,0,0.385,0
115.6,6,0.347,0.883,795,1,0,0.26,0
14.99,2,0.068,0.836,143,0,0,0.343,0
85.24,6,0.355,0.705,107,0,2,0.319,0
122.37,3,0.05,0.751,727,0,0,0.453,0
140.93,4,0.036,0.478,426,0,1,0.28,0
7.92,1,0.229,0.722,206,0,1,0.397,0
28.86,4,0.288,0.699,215,0,0,0.42,0
25.38,1,0.523,0.683,772,0,1,0.207,0
74.43,2,0.017,0.729,76,0,1,0.362,0
113.16,2,0.048,0.827,1157,0,0,0.591,0
345.98,2,0.128,0.642,406,1,0,0.54,0
38.69,3,0.114,0.924,631,0,0,0.23,0
38.58,7,0.465,0.632,190,0,0,0.617,1
236.19,3,0.228,0.652,358,0,0,0.331,0
92.41,4,0.257,0.787,559,0,0,0.591,0
268.92,3,0.445,0.57,233,0,0,0.42,0
91.62,8,0.376,0.959,272,0,0,0.238,0
18.67,4,0.235,0.933,353,0,0,0.292,0
15.39,1,0.295,0.88,31,0,0,0.095,0
12.1,3,0.319,0.587,800,1,0,0.274,0
138.14,1,0.001,0.933,810,0,0,0.363,0
246.52,3,0.284,0.331,137,0,0,0.02,0
509.94,2,0.307,0.928,852,0,0,0.194,0
168.58,1,0.418,0.661,551,0,0,0.196,0
239.64,1,0.38,0.921,269,0,0,0.47,0
35.23,2,0.115,0.529,175,0,0,0.529,0
18.69,3,0.101,0.992,208,1,0,0.373,1
169.88,2,0.034,0.544,310,0,0,0.051,0
105.58,3,0.068,0.899,217,0,0,0.149,0
75.05,3,0.306,0.863,223,0,0,0.333,0
102.12,3,0.16,0.912,95,0,0,0.17,0
95.15,1,0.33,0.724,497,0,1,0.032,0
273.75,3,0.052,0.934,381,0,0,0.618,0
277.13,4,0.134,0.603,1931,0,0,0.641,0
121.35,2,0.108,0.802,65,0,0,0.136,0
169.08,2,0.195,0.774,53,0,2,0.315,0
117.39,3,0.431,0.77,295,0,0,0.257,0
40.15,4,0.409,0.538,70,0,0,0.104,0
153.27,3,0.071,0.936,382,0,2,0.464,0
14.38,3,0.486,0.92,92,0,0,0.167,0
212.57,4,0.157,0.787,268,1,0,0.276,0
17.92,2,0.333,0.807,382,0,0,0.171,0
91.32,5,0.186,0.907,250,0,0,0.338,0
26.32,3,0.052,0.693,159,0,1,0.097,0
122.58,3,0.219,0.659,614,0,0,0.313,0
64.24,2,0.399,0.808,776,0,2,0.286,0
11.54,2,0.342,0.854,135,0,0,0.354,0
105.93,3,0.469,0.779,676,0,0,0.205,0
35.31,4,0.182,0.954,203,0,0,0.599,1
175.78,2,0.651,0.909,272,0,1,0.154,1
66.78,4,0.127,0.596,110,0,0,0.502,0
103.02,3,0.195,0.664,398,0,1,0.27,0
23.26,5,0.103,0.724,47,0,0,0.71,1
34.87,5,0.071,0.789,363,1,0,0.288,1
40.27,3,0.304,0.856,1835,0,1,0.438,0
171.12,4,0.269,0.833,565,0,0,0.381,0
422.05,3,0.198,0.905,906,0,0,0.513,0
27.5,2,0.53,0.689,254,0,0,0.308,0
218.01,2,0.227,0.769,66,0,0,0.394,0
6.13,1,0.086,0.745,141,0,0,0.272,0
17.93,2,0.441,0.687,25,0,0,0.595,0
23.23,3,0.53,0.794,283,0,0,0.196,0
15.06,4,0.207,0.917,424,0,0,0.445,0
11.68,3,0.48,0.46,225,0,1,0.565,0
105.04,1,0.396,0.972,336,0,0,0.259,0
52.7,3,0.07,0.869,159,0,0,0.338,0
101.23,3,0.561,0.668,40,0,0,0.319,0
142.53,2,0.229,0.852,231,0,0,0.313,0
89.32,2,0.305,0.99,322,0,0,0.196,0
137.49,2,0.569,0.568,1626,0,2,0.149,0
61.78,4,0.402,0.944,175,0,0,0.61,0
18.07,2,0.162,0.768,457,0,0,0.015,0
213.49,3,0.177,0.833,696,0,1,0.583,0
34.88,2,0.27,0.869,168,0,0,0.425,0
23.83,1,0.211,0.79,1068,1,0,0.848,0
54.83,5,0.186,0.965,170,0,1,0.406,0
24.43,1,0.117,0.886,1405,0,1,0.18,0
42.13,4,0.184,0.74,5,0,1,0.407,0
97.36,1,0.073,0.757,407,0,0,0.168,0
97.82,2,0.896,0.576,629,0,0,0.263,0
24.84,2,0.08,0.793,136,0,3,0.393,0
39.0,1,0.335,0.867,54,0,1,0.227,0
217.41,1,0.098,0.929,14,0,0,0.438,0
115.13,5,0.048,0.788,35,0,0,0.277,0
653.65,2,0.208,0.88,318,0,3,0.404,0
244.24,1,0.366,0.761,735,0,0,0.168,0
234.8,1,0.059,0.978,31,0,0,0.322,0
14.49,4,0.117,0.766,53,0,0,0.179,0
154.51,2,0.035,0.841,7,0,0,0.242,0
62.9,4,0.443,0.806,137,0,1,0.348,0
36.38,3,0.512,0.956,1021,1,0,0.224,0
80.22,3,0.171,0.904,134,0,0,0.308,0
188.62,2,0.327,0.87,237,0,0,0.274,0
115.69,2,0.099,0.903,83,0,0,0.304,1
25.37,1,0.273,0.628,54,0,0,0.232,0
150.91,1,0.208,0.494,85,0,0,0.236,0
33.07,6,0.392,0.865,99,0,0,0.49,0
84.64,1,0.22,0.884,60,0,0,0.387,0
47.77,6,0.025,0.783,632,0,0,0.298,0
52.42,2,0.334,0.872,264,0,0,0.17,0
154.91,2,0.418,0.903,315,0,0,0.481,0
21.24,1,0.29,0.847,192,0,0,0.167,0
566.63,2,0.207,0.927,99,0,0,0.063,0
9.0,2,0.183,0.696,44,0,0,0.104,0
34.56,4,0.244,0.881,36,0,0,0.563,0
100.21,1,0.486,0.978,86,0,0,0.37,0
126.82,4,0.096,0.955,764,0,0,0.337,0
59.71,4,0.049,0.84,102,0,0,0.172,0
62.61,4,0.391,0.927,180,0,0,0.551,0
104.75,2,0.67,0.913,345,0,0,0.303,0
51.72,2,0.053,0.972,291,1,0,0.168,0
308.74,3,0.117,0.748,443,1,0,0.335,0
167.89,1,0.378,0.78,91,0,0,0.58,0
174.18,3,0.54,0.959,301,0,1,0.263,0
23.04,3,0.336,0.974,588,1,1,0.229,0
61.11,2,0.128,0.708,201,0,0,0.091,0
47.92,1,0.173,0.894,1433,0,0,0.753,0
22.06,4,0.461,0.642,350,0,1,0.271,0
99.11,3,0.045,0.69,454,0,0,0.377,0
36.91,2,0.153,0.805,250,0,0,0.081,0
137.13,2,0.245,0.881,785,1,1,0.249,0
20.55,2,0.489,0.972,245,0,0,0.369,0
441.84,1,0.102,0.744,1145,0,0,0.134,0
24.88,4,0.469,0.636,151,0,0,0.231,0
84.88,4,0.088,0.448,808,1,0,0.445,0
159.34,2,0.51,0.761,412,0,0,0.45,0
35.6,3,0.393,0.964,646,0,3,0.46,0
170.33,3,0.137,0.919,20,0,0,0.419,0
17.25,7,0.043,0.966,134,1,0,0.329,1
329.42,2,0.028,0.906,756,0,0,0.26,0
67.73,2,0.11,0.698,158,0,0,0.449,0
34.6,4,0.023,0.701,503,0,1,0.102,0
47.99,3,0.217,0.803,1945,0,0,0.294,0
162.36,2,0.448,0.912,83,1,1,0.429,0
35.06,1,0.024,0.661,221,0,3,0.568,1
29.24,2,0.157,0.736,77,0,3,0.451,0
52.26,3,0.155,0.868,72,1,0,0.441,0
18.27,3,0.254,0.586,406,0,2,0.224,1
494.03,2,0.117,0.907,89,0,0,0.565,0
35.76,4,0.223,0.916,268,0,0,0.398,0
166.46,2,0.095,0.677,1530,0,0,0.373,0
83.97,3,0.655,0.947,167,0,0,0.467,0
22.58,4,0.17,0.927,832,0,0,0.309,0
66.25,7,0.379,0.975,206,0,1,0.236,0
157.97,5,0.12,0.906,126,0,2,0.512,0
54.21,3,0.081,0.928,168,1,0,0.358,0
247.75,3,0.692,0.531,59,0,0,0.297,0
205.13,1,0.182,0.835,459,0,0,0.667,0
183.24,3,0.405,0.806,289,0,0,0.084,0
40.22,5,0.353,0.83,385,1,0,0.242,0
20.33,2,0.187,0.888,149,0,2,0.461,0
33.96,3,0.049,0.589,428,0,0,0.054,0
82.75,2,0.23,0.573,76,0,1,0.429,0
121.55,4,0.202,0.851,427,0,0,0.323,0
6.12,3,0.03,0.807,38,0,0,0.585,0
66.09,3,0.032,0.657,209,0,1,0.253,0
79.35,3,0.481,0.863,381,0,0,0.176,0
49.14,3,0.109,0.667,778,1,1,0.698,0
276.0,3,0.152,0.941,674,0,0,0.149,0
106.06,3,0.345,0.834,304,0,0,0.285,0
281.8,4,0.324,0.678,864,0,0,0.623,0
52.59,6,0.142,0.905,287,0,0,0.138,0
187.02,5,0.215,0.924,296,0,2,0.504,0
402.85,2,0.302,0.811,514,0,0,0.122,0
282.27,3,0.24,0.615,845,0,0,0.459,0
20.06,1,0.075,0.839,374,0,2,0.533,0
50.45,1,0.034,0.975,1159,0,0,0.387,0
45.62,3,0.121,0.958,110,0,0,0.659,0
114.23,1,0.277,0.831,1037,0,0,0.263,0
141.88,3,0.149,0.787,105,0,0,0.142,0
26.5,6,0.394,0.981,303,0,0,0.33,0
71.85,2,0.386,0.946,640,1,2,0.262,0
7.23,4,0.158,0.525,651,0,0,0.333,0
325.75,3,0.067,0.454,135,0,0,0.344,0
37.95,5,0.32,0.873,1709,0,2,0.071,0
70.91,3,0.512,0.768,38,0,0,0.365,0
47.44,6,0.258,0.913,19,0,0,0.082,0
235.25,3,0.155,0.729,741,0,0,0.087,0
5.0,5,0.371,0.724,688,0,0,0.508,0
65.48,3,0.09,0.944,504,0,0,0.369,0
59.36,1,0.123,0.883,765,0,0,0.172,0
40.49,5,0.127,0.795,64,0,2,0.067,0
445.34,2,0.193,0.778,45,0,0,0.311,0
25.13,2,0.101,0.707,1399,1,0,0.48,0
155.86,7,0.12,0.852,396,1,3,0.331,0
98.68,3,0.483,0.821,1014,0,0,0.385,0
267.11,2,0.158,0.616,952,0,0,0.264,0
32.01,2,0.035,0.649,428,0,0,0.258,0
29.78,6,0.24,0.852,401,0,0,0.004,0
222.67,4,0.208,0.961,183,0,0,0.314,0
106.47,4,0.129,0.657,69,0,0,0.596,1
12.19,2,0.132,0.499,469,1,0,0.212,0
36.85,4,0.195,0.826,686,0,1,0.271,0
102.0,1,0.217,0.918,319,0,1,0.192,0
167.59,1,0.491,0.878,25,0,0,0.288,0
31.59,6,0.066,0.872,67,0,0,0.173,0
5.0,1,0.251,0.757,48,1,3,0.506,0
118.57,1,0.339,0.816,433,0,2,0.455,0
17.42,4,0.002,0.63,337,0,3,0.425,0
7.25,3,0.191,0.971,256,0,2,0.343,0
5.0,3,0.509,0.524,318,0,0,0.123,0
163.27,4,0.114,0.868,134,0,0,0.341,0
76.82,4,0.238,0.82,658,0,3,0.501,0
52.03,3,0.016,0.692,164,0,0,0.049,0
307.33,6,0.043,0.899,418,0,0,0.08,0
134.43,4,0.15,0.872,203,0,1,0.614,0
394.62,1,0.381,0.928,34,0,0,0.489,0
14.41,6,0.085,0.773,123,0,0,0.291,0
64.2,3,0.127,0.794,1347,0,0,0.536,0
11.26,4,0.443,0.883,89,0,0,0.63,0
51.81,1,0.122,0.716,49,0,0,0.077,0
50.73,2,0.007,0.685,142,0,0,0.453,0
132.86,3,0.006,0.647,846,0,1,0.662,0
70.11,3,0.043,0.701,151,0,0,0.334,0
132.39,2,0.028,0.934,221,0,1,0.014,0
144.57,3,0.276,0.879,153,0,0,0.548,0
713.67,4,0.085,0.691,1807,0,2,0.57,0
47.14,3,0.472,0.572,3600,1,0,0.056,0
23.69,2,0.143,0.827,268,0,0,0.647,0
87.42,3,0.168,0.873,619,0,0,0.24,0
27.59,2,0.017,0.895,104,1,0,0.192,0
340.41,3,0.117,0.669,192,0,0,0.162,0
48.84,1,0.112,0.969,459,0,0,0.046,0
35.8,5,0.4,0.855,139,0,0,0.216,0
39.71,2,0.546,0.74,106,0,2,0.344,0
146.97,4,0.084,0.568,1026,0,0,0.357,1
56.06,2,0.173,0.734,117,0,0,0.427,0
32.92,3,0.17,0.927,29,1,0,0.253,0
416.5,2,0.745,0.64,561,0,0,0.768,0
26.0,1,0.13,0.843,116,0,0,0.42,0
69.35,1,0.554,0.848,244,0,0,0.098,0
136.67,2,0.019,0.901,52,0,0,0.214,0
11.08,4,0.175,0.923,33,0,0,0.196,0
113.1,4,0.192,0.391,251,0,0,0.456,0
20.89,2,0.2,0.644,169,0,0,0.232,0
164.85,1,0.215,0.943,287,0,0,0.542,0
23.13,2,0.451,0.878,1355,0,0,0.529,0
142.89,2,0.098,0.82,214,0,0,0.198,0
225.07,1,0.1,0.995,374,0,0,0.309,0
172.01,1,0.146,0.971,46,0,0,0.28,0
87.92,1,0.392,0.993,873,0,0,0.235,0
51.71,3,0.214,0.951,660,0,1,0.45,0
35.37,1,0.414,0.93,300,0,0,0.203,0
336.35,3,0.096,0.836,86,1,0,0.33,0
30.89,3,0.322,0.947,227,0,0,0.566,0
21.31,2,0.341,0.921,146,0,0,0.398,0
138.64,5,0.238,0.889,2087,0,1,0.035,0
27.78,4,0.205,0.671,274,1,0,0.302,0
23.45,2,0.377,0.896,224,0,0,0.098,0
13.63,3,0.119,0.901,79,0,0,0.372,0
39.2,2,0.31,0.572,114,0,0,0.528,0
60.89,6,0.345,0.785,502,0,0,0.358,0
87.13,6,0.219,0.887,311,0,2,0.142,0
189.89,2,0.407,0.602,182,0,0,0.149,1
119.06,4,0.198,0.358,145,0,1,0.584,0
54.06,4,0.153,0.912,94,0,0,0.349,0
53.62,4,0.159,0.83,18,1,1,0.514,0
116.88,3,0.129,0.776,1516,0,1,0.451,0
270.38,4,0.286,0.972,564,0,0,0.241,0
76.63,3,0.626,0.787,1056,0,0,0.502,0
39.8,1,0.437,0.901,217,0,0,0.318,0
22.37,3,0.324,0.842,819,0,1,0.373,0
13.6,5,0.425,0.836,123,0,1,0.215,0
138.78,1,0.384,0.776,290,0,0,0.334,0
125.94,5,0.18,0.891,95,0,0,0.428,0
125.85,1,0.276,0.745,593,1,0,0.098,0
57.89,3,0.348,0.741,280,0,0,0.126,0
313.45,1,0.129,0.935,312,0,0,0.146,0
39.15,1,0.109,0.575,789,1,0,0.317,0
190.72,2,0.335,0.557,542,0,1,0.238,0
63.9,4,0.18,0.822,1360,0,0,0.225,0
34.15,5,0.162,0.94,212,0,0,0.269,0
127.97,2,0.096,0.606,252,0,0,0.185,0
104.65,2,0.021,0.626,387,1,0,0.152,0
98.76,2,0.027,0.827,246,0,0,0.097,0
72.92,4,0.216,0.973,222,0,0,0.337,0
63.96,1,0.178,0.81,171,0,0,0.401,0
922.61,7,0.027,0.779,718,0,0,0.819,0
245.35,1,0.219,0.824,309,0,1,0.158,0
147.69,1,0.297,0.799,378,0,0,0.481,0
75.41,2,0.241,0.722,96,0,0,0.401,0
201.92,5,0.171,0.965,121,1,0,0.318,0
117.89,1,0.223,0.91,171,0,1,0.317,0
68.64,4,0.453,0.79,255,0,0,0.218,1
47.75,4,0.287,0.788,22,0,0,0.299,0
61.01,1,0.182,0.887,882,0,0,0.124,0
5.0,1,0.157,0.842,941,0,1,0.258,0
84.07,1,0.302,0.949,438,1,0,0.112,0
38.97,3,0.423,0.895,156,0,0,0.6,0
384.5,3,0.155,0.959,199,0,0,0.306,0
68.12,4,0.686,0.926,534,0,1,0.151,1
18.03,2,0.051,0.672,139,0,0,0.551,0
63.13,2,0.092,0.817,380,0,1,0.209,0
21.1,4,0.23,0.873,951,0,0,0.463,0
112.25,1,0.065,0.893,216,0,0,0.342,0
91.84,4,0.681,0.963,358,0,0,0.275,0
191.26,2,0.081,0.511,1060,0,1,0.713,0
27.94,2,0.477,0.888,171,0,0,0.434,0
69.23,3,0.166,0.663,575,0,1,0.311,0
14.86,4,0.17,0.89,567,0,0,0.417,0
144.26,3,0.355,0.871,1060,0,1,0.227,0
118.01,2,0.27,0.971,787,0,0,0.296,0
115.05,3,0.096,0.866,557,0,0,0.232,0
66.81,5,0.226,0.923,409,1,0,0.535,0
105.24,2,0.048,0.896,115,0,1,0.31,0
389.46,1,0.149,0.91,449,0,2,0.537,0
48.73,3,0.634,0.923,134,0,0,0.169,0
77.67,2,0.416,0.825,236,0,0,0.343,0
20.19,2,0.371,0.916,499,0,0,0.422,0
25.66,5,0.207,0.79,454,1,0,0.626,0
74.26,3,0.105,0.695,210,0,0,0.106,0
224.6,1,0.046,0.958,85,0,0,0.7,0
50.3,4,0.221,0.872,269,0,0,0.109,0
51.44,2,0.286,0.725,130,1,1,0.363,0
42.62,3,0.134,0.818,122,0,0,0.187,0
37.03,3,0.212,0.929,163,0,2,0.13,0
92.25,1,0.209,0.603,494,0,0,0.765,0
12.85,1,0.317,0.761,280,1,2,0.463,0
272.88,3,0.138,0.933,191,1,0,0.391,0
32.07,3,0.123,0.928,928,0,0,0.574,0
147.54,4,0.248,0.892,495,0,0,0.318,0
16.49,4,0.304,0.77,278,0,0,0.476,0
139.17,2,0.482,0.604,223,1,2,0.278,0
139.65,3,0.247,0.784,688,0,1,0.446,0
101.76,2,0.233,0.817,80,0,1,0.587,0
22.33,2,0.066,0.873,441,0,0,0.379,0
87.75,1,0.234,0.931,13,0,0,0.213,0
18.15,3,0.074,0.448,7,0,0,0.411,0
50.5,2,0.135,0.842,1079,1,1,0.047,0
206.92,3,0.212,0.884,293,0,0,0.15,0
160.19,2,0.641,0.781,156,0,3,0.443,0
67.81,1,0.342,0.949,638,1,0,0.135,0
22.82,4,0.118,0.977,1680,0,0,0.406,0
135.66,3,0.346,0.816,19,0,2,0.363,0
68.12,4,0.057,0.958,20,0,1,0.676,1
5.19,2,0.298,0.899,776,0,0,0.176,0
157.73,3,0.168,0.801,330,0,1,0.236,0
64.93,8,0.159,0.839,862,0,2,0.46,0
250.31,1,0.084,0.83,479,0,1,0.438,0
19.99,4,0.539,0.811,259,0,2,0.426,0
5.0,3,0.109,0.895,75,0,0,0.245,0
90.65,5,0.27,0.724,202,0,0,0.278,0
91.9,2,0.215,0.624,623,1,1,0.515,0
10.38,1,0.12,0.937,111,0,0,0.163,1
22.73,5,0.196,0.783,503,0,0,0.254,0
1381.24,4,0.276,0.68,118,0,2,0.199,0
47.65,3,0.298,0.833,254,0,0,0.007,0
149.02,1,0.196,0.872,40,0,0,0.228,0
32.6,3,0.13,0.865,247,0,0,0.366,0
6.69,3,0.008,0.45,384,0,0,0.127,0
55.3,1,0.219,0.649,336,0,0,0.141,0
49.79,3,0.181,0.703,213,0,1,0.387,0
42.95,3,0.141,0.987,189,0,2,0.223,0
58.79,4,0.196,0.833,133,0,0,0.299,0
89.18,4,0.209,0.862,587,0,0,0.204,0
56.54,3,0.269,0.66,615,0,1,0.349,0
16.6,3,0.22,0.915,268,0,4,0.198,0
113.84,3,0.089,0.851,197,0,0,0.651,0
7.81,4,0.165,0.713,410,0,0,0.241,0
6.99,4,0.039,0.818,331,0,0,0.015,0
150.37,3,0.005,0.337,445,1,0,0.391,0
116.48,4,0.23,0.875,151,0,0,0.299,0
62.61,2,0.387,0.624,626,0,2,0.485,0
14.37,4,0.115,0.89,157,0,0,0.125,0
30.61,4,0.119,0.788,222,0,0,0.121,0
49.95,3,0.11,0.819,61,0,0,0.291,0
11.52,7,0.063,0.718,778,1,0,0.1,0
29.58,1,0.069,0.87,418,0,0,0.392,1
136.67,1,0.046,0.971,112,0,0,0.09,0
320.55,1,0.109,0.613,768,0,0,0.412,0
42.04,2,0.183,0.672,493,0,0,0.354,0
153.26,2,0.159,0.72,238,0,0,0.185,0
8.12,2,0.051,0.848,1840,0,2,0.432,0
137.74,2,0.397,0.986,169,0,0,0.166,0
27.54,6,0.224,0.912,46,0,0,0.413,0
93.51,5,0.216,0.846,533,0,0,0.801,0
50.78,4,0.109,0.845,570,0,0,0.498,0
284.99,2,0.761,0.791,29,0,0,0.418,0
25.49,2,0.615,0.874,689,0,0,0.281,0
133.0,1,0.128,0.703,603,0,0,0.278,0
49.04,3,0.888,0.553,1066,0,1,0.685,1
56.03,4,0.051,0.746,55,0,1,0.483,0
54.48,5,0.02,0.902,372,1,4,0.432,0
26.31,2,0.276,0.669,104,0,0,0.089,0
65.66,1,0.179,0.989,208,0,0,0.336,0
62.25,2,0.131,0.893,128,0,0,0.562,0
86.95,1,0.29,0.953,243,0,1,0.233,0
73.18,3,0.047,0.769,52,0,2,0.275,0
160.42,3,0.51,0.975,149,0,0,0.06,0
184.17,1,0.195,0.907,34,1,1,0.066,0
21.0,1,0.038,0.835,275,0,0,0.377,0
173.41,1,0.055,0.759,145,0,0,0.103,0
18.08,1,0.32,0.883,361,0,0,0.141,0
127.31,2,0.539,0.659,248,0,1,0.067,0
131.86,5,0.87,0.83,116,0,0,0.231,0
8.15,3,0.135,0.902,48,1,0,0.311,0
73.87,3,0.115,0.897,564,0,0,0.365,0
39.83,4,0.69,0.885,406,0,0,0.431,0
28.94,3,0.05,0.928,18,0,1,0.76,1
294.69,3,0.309,0.898,1822,1,0,0.274,0
32.49,5,0.21,0.99,416,0,1,0.502,0
27.47,3,0.042,0.567,97,0,0,0.126,0
72.48,4,0.011,0.916,739,0,0,0.456,0
141.76,1,0.254,0.642,860,0,1,0.499,1
57.06,5,0.126,0.816,346,0,1,0.566,0
240.57,2,0.169,0.81,872,0,0,0.476,0
119.59,3,0.136,0.773,16,0,0,0.327,0
6.07,4,0.166,0.889,1166,0,0,0.234,0
37.25,5,0.306,0.677,28,0,1,0.656,1
35.94,2,0.444,0.78,416,1,3,0.134,0
112.99,3,0.205,0.51,174,0,0,0.131,0
5.0,1,0.104,0.904,21,0,0,0.114,0
1100.93,3,0.248,0.881,1064,1,1,0.161,1
119.6,4,0.262,0.83,63,0,0,0.264,0
78.55,4,0.183,0.757,773,0,0,0.626,0
244.62,2,0.049,0.473,165,0,0,0.398,0
878.33,4,0.346,0.963,545,0,0,0.157,0
173.79,2,0.531,0.827,122,0,0,0.362,0
189.37,4,0.011,0.949,355,0,0,0.351,0
77.0,4,0.106,0.905,647,1,0,0.232,0
57.07,4,0.093,0.404,339,1,0,0.32,0
39.51,2,0.374,0.926,151,0,0,0.276,0
26.88,2,0.117,0.702,111,0,0,0.567,1
31.32,2,0.095,0.867,81,0,0,0.548,0
15.1,5,0.101,0.891,735,0,0,0.377,0
61.35,2,0.345,0.989,382,0,2,0.021,0
10.45,2,0.018,0.723,289,0,0,0.47,0
82.27,1,0.388,0.53,119,0,1,0.293,0
64.07,2,0.066,0.78,232,1,0,0.098,0
78.38,5,0.584,0.885,392,0,0,0.417,0
37.55,2,0.033,0.529,34,1,2,0.238,0
1967.55,3,0.462,0.881,183,0,0,0.317,0
297.71,2,0.059,0.936,114,0,0,0.337,0
16.96,1,0.156,0.779,420,0,0,0.126,0
86.16,2,0.17,0.902,377,0,3,0.587,0
34.16,2,0.308,0.94,147,0,0,0.373,1
21.85,3,0.412,0.617,22,0,0,0.471,0
15.27,3,0.009,0.804,85,0,3,0.123,0
107.28,2,0.14,0.791,74,0,0,0.108,0
31.52,2,0.24,0.74,341,0,3,0.237,0
193.37,3,0.01,0.729,79,0,1,0.344,0
198.97,3,0.318,0.716,268,0,0,0.516,0
302.27,3,0.262,0.917,386,1,0,0.191,0
26.11,4,0.26,0.615,851,0,0,0.362,0
112.49,3,0.155,0.865,117,0,0,0.155,0
133.71,4,0.377,0.488,87,0,0,0.146,0
39.58,5,0.256,0.67,81,0,2,0.201,0
28.53,3,0.371,0.804,183,0,0,0.538,0
391.69,2,0.557,0.992,423,0,0,0.143,0
85.65,4,0.085,0.704,450,0,0,0.362,0
134.23,1,0.146,0.502,99,1,0,0.363,0
27.0,3,0.342,0.896,61,0,0,0.492,0
17.44,3,0.367,0.823,243,0,1,0.559,0
35.64,2,0.113,0.917,65,0,0,0.435,0
58.18,2,0.078,0.888,675,1,1,0.405,0
20.68,1,0.049,0.767,40,0,1,0.401,0
65.97,4,0.102,0.881,562,0,0,0.515,0
10.41,4,0.172,0.937,22,0,0,0.122,0
19.45,4,0.337,0.799,662,1,0,0.311,0
139.49,2,0.019,0.655,399,0,0,0.138,0
129.56,2,0.07,0.916,160,0,0,0.302,0
43.33,2,0.113,0.621,213,0,0,0.165,0
21.77,7,0.131,0.94,452,0,0,0.42,0
21.54,4,0.12,0.745,87,0,0,0.316,0
44.23,2,0.364,0.745,889,1,0,0.281,0
135.5,5,0.325,0.642,268,0,0,0.058,0
185.13,2,0.078,0.692,576,0,3,0.342,0
38.62,2,0.06,0.9,287,0,0,0.155,0
18.75,3,0.305,0.933,245,0,0,0.283,0
89.53,1,0.295,0.604,258,0,1,0.327,0
26.95,3,0.429,0.97,185,0,0,0.294,0
37.71,1,0.152,0.859,532,0,0,0.238,0
286.52,2,0.021,0.992,753,0,3,0.066,0
165.64,4,0.085,0.738,775,0,1,0.186,0
79.34,4,0.128,0.611,56,0,0,0.636,0
16.46,3,0.391,0.887,578,0,0,0.151,0
84.14,2,0.392,0.937,94,0,0,0.245,0
214.63,1,0.085,0.822,9,0,2,0.07,0
44.12,2,0.091,0.65,133,0,0,0.354,0
294.78,2,0.187,0.697,143,0,0,0.169,0
276.45,3,0.316,0.731,668,0,0,0.146,0
415.76,4,0.108,0.811,547,0,0,0.2,0
93.3,3,0.537,0.952,40,1,0,0.346,0
127.25,4,0.323,0.624,162,0,0,0.084,0
315.96,2,0.33,0.7,120,1,0,0.177,0
109.09,1,0.281,0.801,366,0,0,0.552,0
38.42,1,0.288,0.692,316,0,1,0.142,0
40.72,2,0.125,0.909,459,0,0,0.647,0
86.7,2,0.232,0.579,971,0,0,0.232,0
16.13,2,0.204,0.757,223,0,1,0.275,0
56.96,6,0.559,0.649,431,0,0,0.047,0
222.78,2,0.051,0.874,1007,0,0,0.24,0
5.99,2,0.055,0.71,317,0,0,0.622,0
360.66,1,0.24,0.952,152,0,0,0.11,0
229.2,4,0.338,0.635,211,0,0,0.609,0
40.22,3,0.015,0.531,566,0,2,0.398,0
121.23,3,0.418,0.903,514,0,0,0.422,0
66.92,3,0.193,0.664,556,0,0,0.056,0
258.01,4,0.028,0.776,548,1,0,0.135,0
196.56,2,0.182,0.878,1017,0,0,0.455,0
14.3,2,0.332,0.875,582,0,0,0.091,0
127.23,2,0.259,0.686,778,0,0,0.196,0
53.19,4,0.151,0.888,346,0,2,0.295,0
73.05,4,0.777,0.769,418,0,0,0.679,0
29.93,4,0.023,0.84,1378,0,0,0.256,0
456.21,2,0.269,0.761,822,0,1,0.187,0
209.36,4,0.154,0.989,605,0,0,0.302,0
29.55,4,0.147,0.888,467,0,0,0.483,0
15.36,1,0.207,0.828,182,0,0,0.185,0
43.63,4,0.495,0.757,322,0,1,0.556,0
107.55,5,0.407,0.497,27,1,0,0.037,0
86.85,2,0.529,0.846,220,1,0,0.086,0
264.66,4,0.11,0.594,52,1,2,0.057,0
159.0,3,0.077,0.709,526,0,0,0.463,0
193.74,2,0.237,0.819,896,0,1,0.259,0
95.54,6,0.02,0.515,81,0,1,0.236,0
14.47,2,0.662,0.936,117,0,0,0.75,0
53.77,1,0.164,0.525,782,0,0,0.261,0
214.03,3,0.133,0.947,357,1,0,0.505,0
63.01,2,0.103,0.639,359,0,0,0.075,0
115.98,5,0.13,0.818,336,0,0,0.316,0
46.96,2,0.006,0.71,103,1,0,0.485,0
21.48,2,0.119,0.922,116,0,3,0.154,0
58.23,3,0.527,0.697,1200,0,2,0.307,0
93.69,2,0.11,0.814,519,0,0,0.703,0
32.42,4,0.489,0.803,42,0,0,0.134,0
51.46,6,0.0,0.65,105,0,0,0.234,0
23.73,1,0.226,0.721,399,0,0,0.239,0
228.42,4,0.358,0.864,138,0,0,0.391,0
48.24,3,0.364,0.825,120,1,0,0.551,0
329.65,1,0.395,0.78,95,0,0,0.308,0
358.39,3,0.035,0.744,87,0,0,0.397,0
61.0,2,0.028,0.833,385,1,0,0.142,0
21.99,3,0.398,0.915,950,1,0,0.136,0
6.72,3,0.157,0.63,184,0,0,0.457,0
13.21,1,0.051,0.874,56,0,0,0.305,0
14.71,3,0.311,0.901,58,0,0,0.063,0
303.78,4,0.031,0.853,1090,0,2,0.114,0
75.75,3,0.076,0.837,305,0,0,0.157,0
102.37,1,0.19,0.71,256,0,0,0.391,0
5.8,4,0.055,0.94,890,0,0,0.338,0
17.85,4,0.109,0.938,287,0,3,0.743,0
176.94,3,0.471,0.645,267,0,0,0.131,0
91.42,4,0.203,0.88,1050,1,0,0.319,0
56.72,2,0.121,0.729,262,0,2,0.392,0
124.13,4,0.182,0.914,203,0,0,0.487,0
403.18,3,0.197,0.84,353,0,0,0.498,0
52.29,2,0.317,0.735,1517,0,0,0.143,0
71.97,6,0.366,0.465,1332,0,0,0.364,0
82.42,3,0.219,0.753,602,0,0,0.402,0
926.41,3,0.148,0.896,281,0,0,0.121,0
6.62,4,0.151,0.589,858,0,0,0.09,0
141.39,2,0.372,0.788,222,0,0,0.411,0
58.78,3,0.541,0.724,413,0,0,0.167,0
124.39,3,0.16,0.753,84,0,0,0.642,0
32.36,4,0.275,0.896,438,0,2,0.304,0
63.19,2,0.233,0.833,134,0,0,0.201,0
145.85,3,0.043,0.974,595,0,1,0.468,0
2047.14,4,0.136,0.815,218,0,1,0.121,0
162.2,2,0.28,0.803,208,0,0,0.335,0
26.24,3,0.15,0.686,554,0,1,0.387,0
